Date,Close
2005-02-14 00:00:00+05:30,479.3902282714844
2005-02-15 00:00:00+05:30,471.9681701660156
2005-02-16 00:00:00+05:30,461.8357238769531
2005-02-17 00:00:00+05:30,462.9617004394531
2005-02-18 00:00:00+05:30,465.5885314941406
2005-02-21 00:00:00+05:30,457.37420654296875
2005-02-22 00:00:00+05:30,465.63018798828125
2005-02-23 00:00:00+05:30,465.505126953125
2005-02-24 00:00:00+05:30,469.5080871582031
2005-02-25 00:00:00+05:30,459.95941162109375
2005-02-28 00:00:00+05:30,470.80059814453125
2005-03-01 00:00:00+05:30,464.2541809082031
2005-03-02 00:00:00+05:30,459.91766357421875
2005-03-03 00:00:00+05:30,464.962890625
2005-03-04 00:00:00+05:30,471.009033203125
2005-03-07 00:00:00+05:30,488.81365966796875
2005-03-08 00:00:00+05:30,490.98199462890625
2005-03-09 00:00:00+05:30,484.393798828125
2005-03-10 00:00:00+05:30,483.768310546875
2005-03-11 00:00:00+05:30,480.09912109375
2005-03-14 00:00:00+05:30,471.7178955078125
2005-03-15 00:00:00+05:30,458.2498474121094
2005-03-16 00:00:00+05:30,449.57684326171875
2005-03-17 00:00:00+05:30,446.6163635253906
2005-03-18 00:00:00+05:30,447.4503479003906
2005-03-21 00:00:00+05:30,446.3662109375
2005-03-22 00:00:00+05:30,444.3229675292969
2005-03-23 00:00:00+05:30,448.0340576171875
2005-03-24 00:00:00+05:30,443.6141662597656
2005-03-28 00:00:00+05:30,447.11676025390625
2005-03-29 00:00:00+05:30,440.6954345703125
2005-03-30 00:00:00+05:30,448.2425842285156
2005-03-31 00:00:00+05:30,441.9046325683594
2005-04-01 00:00:00+05:30,450.36907958984375
2005-04-04 00:00:00+05:30,453.87164306640625
2005-04-05 00:00:00+05:30,444.36468505859375
2005-04-06 00:00:00+05:30,445.9908752441406
2005-04-07 00:00:00+05:30,443.6141662597656
2005-04-08 00:00:00+05:30,438.402099609375
2005-04-11 00:00:00+05:30,433.52349853515625
2005-04-12 00:00:00+05:30,436.5673828125
2005-04-13 00:00:00+05:30,428.5198974609375
2005-04-15 00:00:00+05:30,423.80816650390625
2005-04-18 00:00:00+05:30,412.29974365234375
2005-04-19 00:00:00+05:30,413.46728515625
2005-04-20 00:00:00+05:30,415.6354675292969
2005-04-21 00:00:00+05:30,420.5140075683594
2005-04-22 00:00:00+05:30,420.3056335449219
2005-04-25 00:00:00+05:30,418.80450439453125
2005-04-26 00:00:00+05:30,418.3457946777344
2005-04-27 00:00:00+05:30,413.1336364746094
2005-04-28 00:00:00+05:30,400.8330383300781
2005-04-29 00:00:00+05:30,400.74969482421875
2005-05-02 00:00:00+05:30,406.7957458496094
2005-05-03 00:00:00+05:30,402.5426330566406
2005-05-04 00:00:00+05:30,408.0466003417969
2005-05-05 00:00:00+05:30,409.6311340332031
2005-05-06 00:00:00+05:30,413.1754150390625
2005-05-09 00:00:00+05:30,413.1336364746094
2005-05-10 00:00:00+05:30,415.8857116699219
2005-05-11 00:00:00+05:30,415.302001953125
2005-05-12 00:00:00+05:30,415.21856689453125
2005-05-13 00:00:00+05:30,416.76129150390625
2005-05-16 00:00:00+05:30,416.67791748046875
2005-05-17 00:00:00+05:30,407.25445556640625
2005-05-18 00:00:00+05:30,407.0876159667969
2005-05-19 00:00:00+05:30,402.5426330566406
2005-05-20 00:00:00+05:30,397.8725280761719
2005-05-23 00:00:00+05:30,404.04376220703125
2005-05-24 00:00:00+05:30,404.41900634765625
2005-05-25 00:00:00+05:30,404.87774658203125
2005-05-26 00:00:00+05:30,404.2939758300781
2005-05-27 00:00:00+05:30,414.50970458984375
2005-05-30 00:00:00+05:30,418.64935302734375
2005-05-31 00:00:00+05:30,431.9882507324219
2005-06-01 00:00:00+05:30,440.9784240722656
2005-06-02 00:00:00+05:30,429.4375915527344
2005-06-03 00:00:00+05:30,443.7800598144531
2005-06-06 00:00:00+05:30,457.03533935546875
2005-06-07 00:00:00+05:30,459.544189453125
2005-06-08 00:00:00+05:30,474.6393737792969
2005-06-09 00:00:00+05:30,480.827880859375
2005-06-10 00:00:00+05:30,478.5281066894531
2005-06-13 00:00:00+05:30,478.82086181640625
2005-06-14 00:00:00+05:30,487.68560791015625
2005-06-15 00:00:00+05:30,491.03070068359375
2005-06-16 00:00:00+05:30,493.87396240234375
2005-06-17 00:00:00+05:30,495.33758544921875
2005-06-20 00:00:00+05:30,550.3658447265625
2005-06-21 00:00:00+05:30,548.3587646484375
2005-06-22 00:00:00+05:30,545.515380859375
2005-06-23 00:00:00+05:30,540.4139404296875
2005-06-24 00:00:00+05:30,539.284912109375
2005-06-27 00:00:00+05:30,535.7725219726562
2005-06-28 00:00:00+05:30,523.2699584960938
2005-06-29 00:00:00+05:30,532.4273071289062
2005-06-30 00:00:00+05:30,528.7894897460938
2005-07-01 00:00:00+05:30,543.6336669921875
2005-07-04 00:00:00+05:30,547.5642700195312
2005-07-05 00:00:00+05:30,534.6017456054688
2005-07-06 00:00:00+05:30,542.0864868164062
2005-07-07 00:00:00+05:30,525.193359375
2005-07-08 00:00:00+05:30,523.22802734375
2005-07-11 00:00:00+05:30,525.10986328125
2005-07-12 00:00:00+05:30,521.9736328125
2005-07-13 00:00:00+05:30,518.0848999023438
2005-07-14 00:00:00+05:30,520.71923828125
2005-07-15 00:00:00+05:30,528.9148559570312
2005-07-18 00:00:00+05:30,549.1532592773438
2005-07-19 00:00:00+05:30,544.0100708007812
2005-07-20 00:00:00+05:30,539.912109375
2005-07-21 00:00:00+05:30,530.7547607421875
2005-07-22 00:00:00+05:30,539.912109375
2005-07-25 00:00:00+05:30,537.2777709960938
2005-07-26 00:00:00+05:30,528.2459716796875
2005-07-27 00:00:00+05:30,528.371337890625
2005-07-28 00:00:00+05:30,529.3767700195312
2005-07-29 00:00:00+05:30,508.6809387207031
2005-08-01 00:00:00+05:30,528.0780639648438
2005-08-02 00:00:00+05:30,540.0597534179688
2005-08-03 00:00:00+05:30,531.0106201171875
2005-08-04 00:00:00+05:30,535.870361328125
2005-08-05 00:00:00+05:30,542.4058227539062
2005-08-08 00:00:00+05:30,527.3658447265625
2005-08-09 00:00:00+05:30,515.174560546875
2005-08-10 00:00:00+05:30,518.9869384765625
2005-08-11 00:00:00+05:30,518.3165893554688
2005-08-12 00:00:00+05:30,510.3567810058594
2005-08-16 00:00:00+05:30,505.0360412597656
2005-08-17 00:00:00+05:30,507.9687194824219
2005-08-18 00:00:00+05:30,503.3184509277344
2005-08-19 00:00:00+05:30,498.8357849121094
2005-08-22 00:00:00+05:30,489.4094543457031
2005-08-23 00:00:00+05:30,475.96142578125
2005-08-24 00:00:00+05:30,479.89959716796875
2005-08-25 00:00:00+05:30,476.506103515625
2005-08-26 00:00:00+05:30,485.4715881347656
2005-08-29 00:00:00+05:30,479.81573486328125
2005-08-30 00:00:00+05:30,474.70458984375
2005-08-31 00:00:00+05:30,477.67913818359375
2005-09-01 00:00:00+05:30,481.3658142089844
2005-09-02 00:00:00+05:30,484.2566223144531
2005-09-05 00:00:00+05:30,488.8230285644531
2005-09-06 00:00:00+05:30,486.0579833984375
2005-09-08 00:00:00+05:30,493.3894958496094
2005-09-09 00:00:00+05:30,492.8030700683594
2005-09-12 00:00:00+05:30,489.8705139160156
2005-09-13 00:00:00+05:30,507.885009765625
2005-09-14 00:00:00+05:30,497.2856750488281
2005-09-15 00:00:00+05:30,502.0616149902344
2005-09-16 00:00:00+05:30,503.98876953125
2005-09-19 00:00:00+05:30,503.10894775390625
2005-09-20 00:00:00+05:30,494.4787902832031
2005-09-21 00:00:00+05:30,483.5444641113281
2005-09-22 00:00:00+05:30,454.5953369140625
2005-09-23 00:00:00+05:30,455.55902099609375
2005-09-26 00:00:00+05:30,469.46783447265625
2005-09-27 00:00:00+05:30,468.0015563964844
2005-09-28 00:00:00+05:30,469.63543701171875
2005-09-29 00:00:00+05:30,467.8758544921875
2005-09-30 00:00:00+05:30,486.51885986328125
2005-10-03 00:00:00+05:30,489.6609802246094
2005-10-04 00:00:00+05:30,489.49334716796875
2005-10-05 00:00:00+05:30,485.0106506347656
2005-10-06 00:00:00+05:30,469.34222412109375
2005-10-07 00:00:00+05:30,464.608154296875
2005-10-10 00:00:00+05:30,464.0634765625
2005-10-11 00:00:00+05:30,463.4769592285156
2005-10-13 00:00:00+05:30,459.6226501464844
2005-10-14 00:00:00+05:30,447.9761047363281
2005-10-17 00:00:00+05:30,442.4041442871094
2005-10-18 00:00:00+05:30,439.22015380859375
2005-10-19 00:00:00+05:30,429.08172607421875
2005-10-20 00:00:00+05:30,437.58624267578125
2005-10-21 00:00:00+05:30,450.8667297363281
2005-10-24 00:00:00+05:30,445.4205627441406
2005-10-25 00:00:00+05:30,445.96514892578125
2005-10-26 00:00:00+05:30,438.21466064453125
2005-10-27 00:00:00+05:30,422.4624328613281
2005-10-28 00:00:00+05:30,422.169189453125
2005-10-31 00:00:00+05:30,432.1399841308594
2005-11-02 00:00:00+05:30,441.94329833984375
2005-11-04 00:00:00+05:30,441.94329833984375
2005-11-07 00:00:00+05:30,451.03436279296875
2005-11-08 00:00:00+05:30,449.90325927734375
2005-11-09 00:00:00+05:30,447.85040283203125
2005-11-10 00:00:00+05:30,452.2074279785156
2005-11-11 00:00:00+05:30,458.0306701660156
2005-11-14 00:00:00+05:30,456.2292175292969
2005-11-16 00:00:00+05:30,470.8084716796875
2005-11-17 00:00:00+05:30,474.8722229003906
2005-11-18 00:00:00+05:30,481.7010498046875
2005-11-21 00:00:00+05:30,462.6391296386719
2005-11-22 00:00:00+05:30,456.3130187988281
2005-11-23 00:00:00+05:30,459.9159851074219
2005-11-24 00:00:00+05:30,460.6700744628906
2005-11-25 00:00:00+05:30,463.9797668457031
2005-11-28 00:00:00+05:30,484.96881103515625
2005-11-29 00:00:00+05:30,494.4368591308594
2005-11-30 00:00:00+05:30,492.30035400390625
2005-12-01 00:00:00+05:30,519.112548828125
2005-12-02 00:00:00+05:30,520.2855834960938
2005-12-05 00:00:00+05:30,506.795654296875
2005-12-06 00:00:00+05:30,516.4733276367188
2005-12-07 00:00:00+05:30,530.2984008789062
2005-12-08 00:00:00+05:30,529.3767700195312
2005-12-09 00:00:00+05:30,549.8211669921875
2005-12-12 00:00:00+05:30,540.77197265625
2005-12-13 00:00:00+05:30,536.4149780273438
2005-12-14 00:00:00+05:30,526.6116943359375
2005-12-15 00:00:00+05:30,515.4678344726562
2005-12-16 00:00:00+05:30,530.6754760742188
2005-12-19 00:00:00+05:30,525.3548583984375
2005-12-20 00:00:00+05:30,528.1617431640625
2005-12-21 00:00:00+05:30,523.9305419921875
2005-12-22 00:00:00+05:30,518.6937255859375
2005-12-23 00:00:00+05:30,502.438720703125
2005-12-26 00:00:00+05:30,484.3822326660156
2005-12-27 00:00:00+05:30,504.19818115234375
2005-12-28 00:00:00+05:30,499.5061950683594
2005-12-29 00:00:00+05:30,502.1035461425781
2005-12-30 00:00:00+05:30,506.879638671875
2006-01-02 00:00:00+05:30,512.451416015625
2006-01-03 00:00:00+05:30,515.5935668945312
2006-01-04 00:00:00+05:30,516.5570678710938
2006-01-05 00:00:00+05:30,514.127197265625
2006-01-06 00:00:00+05:30,515.0908813476562
2006-01-09 00:00:00+05:30,517.6463012695312
2006-01-10 00:00:00+05:30,503.1927185058594
2006-01-12 00:00:00+05:30,496.1545715332031
2006-01-13 00:00:00+05:30,498.9615173339844
2006-01-16 00:00:00+05:30,511.4878234863281
2006-01-17 00:00:00+05:30,505.4969482421875
2006-01-18 00:00:00+05:30,503.4441223144531
2006-01-19 00:00:00+05:30,520.3275756835938
2006-01-20 00:00:00+05:30,525.2710571289062
2006-01-23 00:00:00+05:30,522.3804321289062
2006-01-24 00:00:00+05:30,520.9141235351562
2006-01-25 00:00:00+05:30,521.1235961914062
2006-01-27 00:00:00+05:30,532.6864624023438
2006-01-30 00:00:00+05:30,528.580810546875
2006-01-31 00:00:00+05:30,532.8959350585938
2006-02-01 00:00:00+05:30,513.4988403320312
2006-02-02 00:00:00+05:30,505.99969482421875
2006-02-03 00:00:00+05:30,501.55889892578125
2006-02-06 00:00:00+05:30,502.5224914550781
2006-02-07 00:00:00+05:30,497.5789489746094
2006-02-08 00:00:00+05:30,502.6062927246094
2006-02-10 00:00:00+05:30,511.7392578125
2006-02-13 00:00:00+05:30,516.0961303710938
2006-02-14 00:00:00+05:30,515.1326904296875
2006-02-15 00:00:00+05:30,505.8321228027344
2006-02-16 00:00:00+05:30,511.697265625
2006-02-17 00:00:00+05:30,506.46051025390625
2006-02-20 00:00:00+05:30,501.9360046386719
2006-02-21 00:00:00+05:30,503.4859619140625
2006-02-22 00:00:00+05:30,508.5134582519531
2006-02-23 00:00:00+05:30,511.5298156738281
2006-02-24 00:00:00+05:30,513.6664428710938
2006-02-27 00:00:00+05:30,514.378662109375
2006-02-28 00:00:00+05:30,519.6990966796875
2006-03-01 00:00:00+05:30,520.7465209960938
2006-03-02 00:00:00+05:30,522.1709594726562
2006-03-03 00:00:00+05:30,531.17822265625
2006-03-06 00:00:00+05:30,548.6063232421875
2006-03-07 00:00:00+05:30,547.1399536132812
2006-03-08 00:00:00+05:30,535.6608276367188
2006-03-09 00:00:00+05:30,534.6973876953125
2006-03-10 00:00:00+05:30,535.8284301757812
2006-03-13 00:00:00+05:30,536.4149780273438
2006-03-14 00:00:00+05:30,540.5206298828125
2006-03-16 00:00:00+05:30,546.8466796875
2006-03-17 00:00:00+05:30,536.6663818359375
2006-03-20 00:00:00+05:30,535.870361328125
2006-03-21 00:00:00+05:30,530.0469970703125
2006-03-22 00:00:00+05:30,513.7500610351562
2006-03-23 00:00:00+05:30,502.9833068847656
2006-03-24 00:00:00+05:30,509.81219482421875
2006-03-27 00:00:00+05:30,514.1691284179688
2006-03-28 00:00:00+05:30,508.38763427734375
2006-03-29 00:00:00+05:30,512.5352172851562
2006-03-30 00:00:00+05:30,512.7027587890625
2006-03-31 00:00:00+05:30,512.5352172851562
2006-04-03 00:00:00+05:30,515.7610473632812
2006-04-04 00:00:00+05:30,519.5733642578125
2006-04-05 00:00:00+05:30,527.6172485351562
2006-04-07 00:00:00+05:30,519.9923706054688
2006-04-10 00:00:00+05:30,525.4386596679688
2006-04-12 00:00:00+05:30,516.5989990234375
2006-04-13 00:00:00+05:30,504.3238830566406
2006-04-17 00:00:00+05:30,518.9031982421875
2006-04-18 00:00:00+05:30,535.3676147460938
2006-04-19 00:00:00+05:30,535.158203125
2006-04-20 00:00:00+05:30,531.6810302734375
2006-04-21 00:00:00+05:30,535.870361328125
2006-04-24 00:00:00+05:30,529.2510375976562
2006-04-25 00:00:00+05:30,514.378662109375
2006-04-26 00:00:00+05:30,520.662841796875
2006-04-27 00:00:00+05:30,515.9705200195312
2006-04-28 00:00:00+05:30,510.5661926269531
2006-05-02 00:00:00+05:30,520.3695678710938
2006-05-03 00:00:00+05:30,518.6937255859375
2006-05-04 00:00:00+05:30,518.484130859375
2006-05-05 00:00:00+05:30,515.3002319335938
2006-05-08 00:00:00+05:30,522.087158203125
2006-05-09 00:00:00+05:30,524.4332885742188
2006-05-10 00:00:00+05:30,527.0306396484375
2006-05-11 00:00:00+05:30,513.6664428710938
2006-05-12 00:00:00+05:30,505.8321228027344
2006-05-15 00:00:00+05:30,490.1217346191406
2006-05-16 00:00:00+05:30,492.6772766113281
2006-05-17 00:00:00+05:30,499.7574462890625
2006-05-18 00:00:00+05:30,449.4423828125
2006-05-19 00:00:00+05:30,428.3695068359375
2006-05-22 00:00:00+05:30,430.6318359375
2006-05-23 00:00:00+05:30,460.58624267578125
2006-05-24 00:00:00+05:30,441.1891784667969
2006-05-25 00:00:00+05:30,455.1148681640625
2006-05-26 00:00:00+05:30,449.20697021484375
2006-05-29 00:00:00+05:30,444.69171142578125
2006-05-30 00:00:00+05:30,436.0409851074219
2006-05-31 00:00:00+05:30,415.7010498046875
2006-06-01 00:00:00+05:30,387.6809997558594
2006-06-02 00:00:00+05:30,387.0480651855469
2006-06-05 00:00:00+05:30,387.2168273925781
2006-06-06 00:00:00+05:30,359.9985656738281
2006-06-07 00:00:00+05:30,341.7264404296875
2006-06-08 00:00:00+05:30,318.3060607910156
2006-06-09 00:00:00+05:30,364.1340637207031
2006-06-12 00:00:00+05:30,359.2390441894531
2006-06-13 00:00:00+05:30,349.91302490234375
2006-06-14 00:00:00+05:30,361.77093505859375
2006-06-15 00:00:00+05:30,367.38336181640625
2006-06-16 00:00:00+05:30,374.9369812011719
2006-06-19 00:00:00+05:30,374.2618713378906
2006-06-20 00:00:00+05:30,374.9791259765625
2006-06-21 00:00:00+05:30,392.49163818359375
2006-06-22 00:00:00+05:30,395.8254089355469
2006-06-23 00:00:00+05:30,392.4494934082031
2006-06-26 00:00:00+05:30,375.2745666503906
2006-06-27 00:00:00+05:30,368.6915283203125
2006-06-28 00:00:00+05:30,374.4728088378906
2006-06-29 00:00:00+05:30,370.3795166015625
2006-06-30 00:00:00+05:30,382.7437438964844
2006-07-03 00:00:00+05:30,384.0519104003906
2006-07-04 00:00:00+05:30,383.5877380371094
2006-07-05 00:00:00+05:30,404.5605773925781
2006-07-06 00:00:00+05:30,396.16302490234375
2006-07-07 00:00:00+05:30,382.53277587890625
2006-07-10 00:00:00+05:30,387.554443359375
2006-07-11 00:00:00+05:30,383.33453369140625
2006-07-12 00:00:00+05:30,378.0175476074219
2006-07-13 00:00:00+05:30,374.55712890625
2006-07-14 00:00:00+05:30,378.73486328125
2006-07-17 00:00:00+05:30,355.82086181640625
2006-07-18 00:00:00+05:30,357.21343994140625
2006-07-19 00:00:00+05:30,346.7059326171875
2006-07-20 00:00:00+05:30,369.8309326171875
2006-07-21 00:00:00+05:30,371.1812438964844
2006-07-24 00:00:00+05:30,371.0124206542969
2006-07-25 00:00:00+05:30,378.39727783203125
2006-07-26 00:00:00+05:30,380.8448181152344
2006-07-27 00:00:00+05:30,378.0175476074219
2006-07-28 00:00:00+05:30,377.8908996582031
2006-07-31 00:00:00+05:30,382.11077880859375
2006-08-01 00:00:00+05:30,378.69268798828125
2006-08-02 00:00:00+05:30,386.7947998046875
2006-08-03 00:00:00+05:30,384.1363525390625
2006-08-04 00:00:00+05:30,391.98529052734375
2006-08-07 00:00:00+05:30,389.4955749511719
2006-08-08 00:00:00+05:30,390.9303283691406
2006-08-09 00:00:00+05:30,395.1924133300781
2006-08-10 00:00:00+05:30,397.3023376464844
2006-08-11 00:00:00+05:30,399.3279113769531
2006-08-14 00:00:00+05:30,405.4045104980469
2006-08-16 00:00:00+05:30,404.4762268066406
2006-08-17 00:00:00+05:30,390.5083923339844
2006-08-18 00:00:00+05:30,384.769287109375
2006-08-21 00:00:00+05:30,378.9458312988281
2006-08-22 00:00:00+05:30,389.3689270019531
2006-08-23 00:00:00+05:30,387.0058288574219
2006-08-24 00:00:00+05:30,384.8958740234375
2006-08-25 00:00:00+05:30,376.8781433105469
2006-08-28 00:00:00+05:30,379.6210632324219
2006-08-29 00:00:00+05:30,378.69268798828125
2006-08-30 00:00:00+05:30,370.9281005859375
2006-08-31 00:00:00+05:30,370.0418395996094
2006-09-01 00:00:00+05:30,375.65435791015625
2006-09-04 00:00:00+05:30,381.6465759277344
2006-09-05 00:00:00+05:30,392.3229064941406
2006-09-06 00:00:00+05:30,406.2063293457031
2006-09-07 00:00:00+05:30,404.5605773925781
2006-09-08 00:00:00+05:30,411.9454040527344
2006-09-11 00:00:00+05:30,387.5966491699219
2006-09-12 00:00:00+05:30,388.31396484375
2006-09-13 00:00:00+05:30,397.26025390625
2006-09-14 00:00:00+05:30,393.08245849609375
2006-09-15 00:00:00+05:30,392.238525390625
2006-09-18 00:00:00+05:30,395.02362060546875
2006-09-19 00:00:00+05:30,384.9381408691406
2006-09-20 00:00:00+05:30,389.6643981933594
2006-09-21 00:00:00+05:30,394.9814758300781
2006-09-22 00:00:00+05:30,390.21295166015625
2006-09-25 00:00:00+05:30,388.0186462402344
2006-09-26 00:00:00+05:30,391.1413879394531
2006-09-27 00:00:00+05:30,406.501708984375
2006-09-28 00:00:00+05:30,404.2229919433594
2006-09-29 00:00:00+05:30,409.03363037109375
2006-10-03 00:00:00+05:30,411.0592346191406
2006-10-04 00:00:00+05:30,408.1474609375
2006-10-05 00:00:00+05:30,407.4722900390625
2006-10-06 00:00:00+05:30,405.5733947753906
2006-10-09 00:00:00+05:30,396.416259765625
2006-10-10 00:00:00+05:30,392.7026672363281
2006-10-11 00:00:00+05:30,388.5249938964844
2006-10-12 00:00:00+05:30,391.5210876464844
2006-10-13 00:00:00+05:30,390.5505676269531
2006-10-16 00:00:00+05:30,394.390625
2006-10-17 00:00:00+05:30,389.4955749511719
2006-10-18 00:00:00+05:30,390.2973937988281
2006-10-19 00:00:00+05:30,381.77325439453125
2006-10-20 00:00:00+05:30,387.34344482421875
2006-10-23 00:00:00+05:30,392.49163818359375
2006-10-26 00:00:00+05:30,392.7870788574219
2006-10-27 00:00:00+05:30,406.0375671386719
2006-10-30 00:00:00+05:30,415.02593994140625
2006-10-31 00:00:00+05:30,407.2191467285156
2006-11-01 00:00:00+05:30,404.6449890136719
2006-11-02 00:00:00+05:30,403.5900573730469
2006-11-03 00:00:00+05:30,431.14581298828125
2006-11-06 00:00:00+05:30,434.6484069824219
2006-11-07 00:00:00+05:30,427.76995849609375
2006-11-08 00:00:00+05:30,430.4706726074219
2006-11-09 00:00:00+05:30,432.1586608886719
2006-11-10 00:00:00+05:30,439.83880615234375
2006-11-13 00:00:00+05:30,451.06378173828125
2006-11-14 00:00:00+05:30,451.90777587890625
2006-11-15 00:00:00+05:30,443.72113037109375
2006-11-16 00:00:00+05:30,441.35797119140625
2006-11-17 00:00:00+05:30,434.6062316894531
2006-11-20 00:00:00+05:30,435.6190185546875
2006-11-21 00:00:00+05:30,449.88214111328125
2006-11-22 00:00:00+05:30,466.4241638183594
2006-11-23 00:00:00+05:30,461.1070861816406
2006-11-24 00:00:00+05:30,458.4485778808594
2006-11-27 00:00:00+05:30,461.4024963378906
2006-11-28 00:00:00+05:30,448.1097717285156
2006-11-29 00:00:00+05:30,450.68402099609375
2006-11-30 00:00:00+05:30,446.084228515625
2006-12-01 00:00:00+05:30,456.5074157714844
2006-12-04 00:00:00+05:30,469.2936706542969
2006-12-05 00:00:00+05:30,467.1415710449219
2006-12-06 00:00:00+05:30,457.984375
2006-12-07 00:00:00+05:30,457.5201721191406
2006-12-08 00:00:00+05:30,468.32305908203125
2006-12-11 00:00:00+05:30,444.9870910644531
2006-12-12 00:00:00+05:30,427.76995849609375
2006-12-13 00:00:00+05:30,434.9437255859375
2006-12-14 00:00:00+05:30,448.32080078125
2006-12-15 00:00:00+05:30,455.9166564941406
2006-12-18 00:00:00+05:30,450.2197265625
2006-12-19 00:00:00+05:30,440.893798828125
2006-12-20 00:00:00+05:30,433.38238525390625
2006-12-21 00:00:00+05:30,441.82220458984375
2006-12-22 00:00:00+05:30,442.2441711425781
2006-12-26 00:00:00+05:30,445.24029541015625
2006-12-27 00:00:00+05:30,442.9615783691406
2006-12-28 00:00:00+05:30,439.12139892578125
2006-12-29 00:00:00+05:30,438.91046142578125
2007-01-02 00:00:00+05:30,442.2441711425781
2007-01-03 00:00:00+05:30,443.7633361816406
2007-01-04 00:00:00+05:30,447.3924255371094
2007-01-05 00:00:00+05:30,442.62396240234375
2007-01-08 00:00:00+05:30,441.0203857421875
2007-01-09 00:00:00+05:30,435.02813720703125
2007-01-10 00:00:00+05:30,425.87103271484375
2007-01-11 00:00:00+05:30,432.83380126953125
2007-01-12 00:00:00+05:30,443.0458984375
2007-01-15 00:00:00+05:30,450.30413818359375
2007-01-16 00:00:00+05:30,449.3758239746094
2007-01-17 00:00:00+05:30,452.28753662109375
2007-01-18 00:00:00+05:30,446.084228515625
2007-01-19 00:00:00+05:30,434.6062316894531
2007-01-22 00:00:00+05:30,427.76995849609375
2007-01-23 00:00:00+05:30,424.942626953125
2007-01-24 00:00:00+05:30,426.7994079589844
2007-01-25 00:00:00+05:30,424.0564270019531
2007-01-29 00:00:00+05:30,426.7571105957031
2007-01-31 00:00:00+05:30,433.38238525390625
2007-02-01 00:00:00+05:30,442.70831298828125
2007-02-02 00:00:00+05:30,450.3885803222656
2007-02-05 00:00:00+05:30,463.723388671875
2007-02-06 00:00:00+05:30,473.0492858886719
2007-02-07 00:00:00+05:30,472.24749755859375
2007-02-08 00:00:00+05:30,476.889404296875
2007-02-09 00:00:00+05:30,468.70281982421875
2007-02-12 00:00:00+05:30,451.40130615234375
2007-02-13 00:00:00+05:30,453.1314697265625
2007-02-14 00:00:00+05:30,461.4446716308594
2007-02-15 00:00:00+05:30,457.94207763671875
2007-02-19 00:00:00+05:30,452.20306396484375
2007-02-20 00:00:00+05:30,439.45904541015625
2007-02-21 00:00:00+05:30,440.3874206542969
2007-02-22 00:00:00+05:30,432.6650390625
2007-02-23 00:00:00+05:30,425.533447265625
2007-02-26 00:00:00+05:30,426.9681701660156
2007-02-27 00:00:00+05:30,424.689453125
2007-02-28 00:00:00+05:30,404.8137512207031
2007-03-01 00:00:00+05:30,405.86865234375
2007-03-02 00:00:00+05:30,401.3112487792969
2007-03-05 00:00:00+05:30,396.5849914550781
2007-03-06 00:00:00+05:30,400.8892822265625
2007-03-07 00:00:00+05:30,403.6322326660156
2007-03-08 00:00:00+05:30,412.8737487792969
2007-03-09 00:00:00+05:30,405.5733947753906
2007-03-12 00:00:00+05:30,399.412353515625
2007-03-13 00:00:00+05:30,393.42010498046875
2007-03-14 00:00:00+05:30,387.259033203125
2007-03-15 00:00:00+05:30,390.08636474609375
2007-03-16 00:00:00+05:30,384.8958740234375
2007-03-19 00:00:00+05:30,386.2040710449219
2007-03-20 00:00:00+05:30,402.7038269042969
2007-03-21 00:00:00+05:30,414.772705078125
2007-03-22 00:00:00+05:30,415.2369079589844
2007-03-23 00:00:00+05:30,409.5400695800781
2007-03-26 00:00:00+05:30,401.6066589355469
2007-03-28 00:00:00+05:30,406.83929443359375
2007-03-29 00:00:00+05:30,410.0042419433594
2007-03-30 00:00:00+05:30,417.0936279296875
2007-04-02 00:00:00+05:30,401.64886474609375
2007-04-03 00:00:00+05:30,406.6283264160156
2007-04-04 00:00:00+05:30,412.3251647949219
2007-04-05 00:00:00+05:30,422.4529113769531
2007-04-09 00:00:00+05:30,434.2685546875
2007-04-10 00:00:00+05:30,431.2724609375
2007-04-11 00:00:00+05:30,431.3569030761719
2007-04-12 00:00:00+05:30,425.36468505859375
2007-04-13 00:00:00+05:30,424.39410400390625
2007-04-16 00:00:00+05:30,425.9131774902344
2007-04-17 00:00:00+05:30,427.4745178222656
2007-04-18 00:00:00+05:30,430.5550537109375
2007-04-19 00:00:00+05:30,426.88372802734375
2007-04-20 00:00:00+05:30,431.5678405761719
2007-04-23 00:00:00+05:30,442.45513916015625
2007-04-24 00:00:00+05:30,442.8349609375
2007-04-25 00:00:00+05:30,442.70831298828125
2007-04-26 00:00:00+05:30,436.54730224609375
2007-04-27 00:00:00+05:30,429.4578857421875
2007-04-30 00:00:00+05:30,430.217529296875
2007-05-03 00:00:00+05:30,433.76220703125
2007-05-04 00:00:00+05:30,435.23919677734375
2007-05-07 00:00:00+05:30,432.58062744140625
2007-05-08 00:00:00+05:30,426.7571105957031
2007-05-09 00:00:00+05:30,439.12139892578125
2007-05-10 00:00:00+05:30,434.7749938964844
2007-05-11 00:00:00+05:30,429.5423583984375
2007-05-14 00:00:00+05:30,431.5678405761719
2007-05-15 00:00:00+05:30,429.2469482421875
2007-05-16 00:00:00+05:30,427.6011962890625
2007-05-17 00:00:00+05:30,430.3019104003906
2007-05-18 00:00:00+05:30,431.525634765625
2007-05-21 00:00:00+05:30,465.537841796875
2007-05-22 00:00:00+05:30,466.0443420410156
2007-05-23 00:00:00+05:30,480.81396484375
2007-05-24 00:00:00+05:30,465.8755798339844
2007-05-25 00:00:00+05:30,468.7450866699219
2007-05-28 00:00:00+05:30,464.6939697265625
2007-05-29 00:00:00+05:30,468.9560546875
2007-05-30 00:00:00+05:30,450.768310546875
2007-05-31 00:00:00+05:30,454.18646240234375
2007-06-01 00:00:00+05:30,457.3935852050781
2007-06-04 00:00:00+05:30,456.7184753417969
2007-06-05 00:00:00+05:30,464.5674133300781
2007-06-06 00:00:00+05:30,452.4140930175781
2007-06-07 00:00:00+05:30,446.0420227050781
2007-06-08 00:00:00+05:30,439.41693115234375
2007-06-11 00:00:00+05:30,436.2097473144531
2007-06-12 00:00:00+05:30,436.5051574707031
2007-06-13 00:00:00+05:30,439.3324279785156
2007-06-14 00:00:00+05:30,444.8183288574219
2007-06-15 00:00:00+05:30,449.671142578125
2007-06-18 00:00:00+05:30,447.35028076171875
2007-06-19 00:00:00+05:30,450.3463439941406
2007-06-20 00:00:00+05:30,454.1441345214844
2007-06-21 00:00:00+05:30,473.0492858886719
2007-06-22 00:00:00+05:30,498.1998596191406
2007-06-25 00:00:00+05:30,499.2549133300781
2007-06-26 00:00:00+05:30,498.3265686035156
2007-06-27 00:00:00+05:30,489.0427551269531
2007-06-28 00:00:00+05:30,494.23858642578125
2007-06-29 00:00:00+05:30,522.6024780273438
2007-07-02 00:00:00+05:30,532.1422119140625
2007-07-03 00:00:00+05:30,524.3059692382812
2007-07-04 00:00:00+05:30,522.6024780273438
2007-07-05 00:00:00+05:30,504.80047607421875
2007-07-06 00:00:00+05:30,509.4851379394531
2007-07-09 00:00:00+05:30,524.7317504882812
2007-07-10 00:00:00+05:30,523.8375244140625
2007-07-11 00:00:00+05:30,533.121826171875
2007-07-12 00:00:00+05:30,569.9180297851562
2007-07-13 00:00:00+05:30,576.135986328125
2007-07-16 00:00:00+05:30,600.1132202148438
2007-07-17 00:00:00+05:30,596.4081420898438
2007-07-18 00:00:00+05:30,586.4424438476562
2007-07-19 00:00:00+05:30,584.3129272460938
2007-07-20 00:00:00+05:30,586.6553955078125
2007-07-23 00:00:00+05:30,609.2698364257812
2007-07-24 00:00:00+05:30,660.0352172851562
2007-07-25 00:00:00+05:30,663.2719116210938
2007-07-26 00:00:00+05:30,682.1812133789062
2007-07-27 00:00:00+05:30,649.60107421875
2007-07-30 00:00:00+05:30,663.7828979492188
2007-07-31 00:00:00+05:30,676.133544921875
2007-08-01 00:00:00+05:30,628.0938720703125
2007-08-02 00:00:00+05:30,641.2110595703125
2007-08-03 00:00:00+05:30,643.0850219726562
2007-08-06 00:00:00+05:30,632.1397705078125
2007-08-07 00:00:00+05:30,651.3898315429688
2007-08-08 00:00:00+05:30,666.9345092773438
2007-08-09 00:00:00+05:30,645.9810791015625
2007-08-10 00:00:00+05:30,637.378173828125
2007-08-13 00:00:00+05:30,641.636962890625
2007-08-14 00:00:00+05:30,641.93505859375
2007-08-16 00:00:00+05:30,610.7178344726562
2007-08-17 00:00:00+05:30,611.7825317382812
2007-08-20 00:00:00+05:30,617.1912231445312
2007-08-21 00:00:00+05:30,589.3385009765625
2007-08-22 00:00:00+05:30,616.25439453125
2007-08-23 00:00:00+05:30,600.0707397460938
2007-08-24 00:00:00+05:30,626.7310791015625
2007-08-27 00:00:00+05:30,649.4733276367188
2007-08-28 00:00:00+05:30,652.8377685546875
2007-08-29 00:00:00+05:30,666.2531127929688
2007-08-30 00:00:00+05:30,653.6469116210938
2007-08-31 00:00:00+05:30,663.8681030273438
2007-09-03 00:00:00+05:30,662.1646728515625
2007-09-04 00:00:00+05:30,701.3033447265625
2007-09-05 00:00:00+05:30,701.6866455078125
2007-09-06 00:00:00+05:30,733.03173828125
2007-09-07 00:00:00+05:30,724.3436889648438
2007-09-10 00:00:00+05:30,736.1832885742188
2007-09-11 00:00:00+05:30,732.8187866210938
2007-09-12 00:00:00+05:30,761.4808349609375
2007-09-13 00:00:00+05:30,758.2440185546875
2007-09-14 00:00:00+05:30,752.1113891601562
2007-09-17 00:00:00+05:30,773.2352294921875
2007-09-18 00:00:00+05:30,789.8021240234375
2007-09-19 00:00:00+05:30,807.3485107421875
2007-09-20 00:00:00+05:30,841.8876342773438
2007-09-21 00:00:00+05:30,859.9027099609375
2007-09-24 00:00:00+05:30,931.7492065429688
2007-09-25 00:00:00+05:30,926.042236328125
2007-09-26 00:00:00+05:30,873.8715209960938
2007-09-27 00:00:00+05:30,951.5528564453125
2007-09-28 00:00:00+05:30,1026.8065185546875
2007-10-01 00:00:00+05:30,1149.5037841796875
2007-10-03 00:00:00+05:30,1234.2122802734375
2007-10-04 00:00:00+05:30,1261.809326171875
2007-10-05 00:00:00+05:30,1233.403076171875
2007-10-08 00:00:00+05:30,1175.56787109375
2007-10-09 00:00:00+05:30,1306.5699462890625
2007-10-10 00:00:00+05:30,1350.6488037109375
2007-10-11 00:00:00+05:30,1365.4271240234375
2007-10-12 00:00:00+05:30,1394.0888671875
2007-10-15 00:00:00+05:30,1571.001708984375
2007-10-16 00:00:00+05:30,1619.083740234375
2007-10-17 00:00:00+05:30,1504.691162109375
2007-10-18 00:00:00+05:30,1355.3336181640625
2007-10-19 00:00:00+05:30,1136.386474609375
2007-10-22 00:00:00+05:30,1164.793212890625
2007-10-23 00:00:00+05:30,1297.07275390625
2007-10-24 00:00:00+05:30,1410.2725830078125
2007-10-25 00:00:00+05:30,1403.714111328125
2007-10-26 00:00:00+05:30,1422.7510986328125
2007-10-29 00:00:00+05:30,1465.424560546875
2007-10-30 00:00:00+05:30,1522.7913818359375
2007-10-31 00:00:00+05:30,1589.2291259765625
2007-11-01 00:00:00+05:30,1504.520751953125
2007-11-02 00:00:00+05:30,1577.9007568359375
2007-11-05 00:00:00+05:30,1548.003662109375
2007-11-06 00:00:00+05:30,1574.067626953125
2007-11-07 00:00:00+05:30,1550.0478515625
2007-11-08 00:00:00+05:30,1575.260009765625
2007-11-12 00:00:00+05:30,1547.577880859375
2007-11-13 00:00:00+05:30,1582.1595458984375
2007-11-14 00:00:00+05:30,1635.863525390625
2007-11-15 00:00:00+05:30,1578.837646484375
2007-11-16 00:00:00+05:30,1555.4139404296875
2007-11-19 00:00:00+05:30,1558.6080322265625
2007-11-20 00:00:00+05:30,1529.009033203125
2007-11-21 00:00:00+05:30,1441.40478515625
2007-11-22 00:00:00+05:30,1366.1083984375
2007-11-23 00:00:00+05:30,1469.555908203125
2007-11-26 00:00:00+05:30,1524.920654296875
2007-11-27 00:00:00+05:30,1496.85498046875
2007-11-28 00:00:00+05:30,1451.8814697265625
2007-11-29 00:00:00+05:30,1416.0645751953125
2007-11-30 00:00:00+05:30,1477.008544921875
2007-12-03 00:00:00+05:30,1618.40234375
2007-12-04 00:00:00+05:30,1616.9542236328125
2007-12-05 00:00:00+05:30,1608.9901123046875
2007-12-06 00:00:00+05:30,1657.967041015625
2007-12-07 00:00:00+05:30,1650.3861083984375
2007-12-10 00:00:00+05:30,1657.030029296875
2007-12-11 00:00:00+05:30,1659.457275390625
2007-12-12 00:00:00+05:30,1646.7235107421875
2007-12-13 00:00:00+05:30,1628.8365478515625
2007-12-14 00:00:00+05:30,1628.9215087890625
2007-12-17 00:00:00+05:30,1557.7138671875
2007-12-18 00:00:00+05:30,1557.7138671875
2007-12-19 00:00:00+05:30,1602.431640625
2007-12-20 00:00:00+05:30,1652.558349609375
2007-12-24 00:00:00+05:30,1757.1978759765625
2007-12-26 00:00:00+05:30,1798.849365234375
2007-12-27 00:00:00+05:30,1817.759033203125
2007-12-28 00:00:00+05:30,1838.4139404296875
2007-12-31 00:00:00+05:30,1818.9085693359375
2008-01-01 00:00:00+05:30,1940.7965087890625
2008-01-02 00:00:00+05:30,2015.198486328125
2008-01-03 00:00:00+05:30,2144.62451171875
2008-01-04 00:00:00+05:30,2141.6435546875
2008-01-07 00:00:00+05:30,2202.37451171875
2008-01-08 00:00:00+05:30,2164.513427734375
2008-01-09 00:00:00+05:30,2185.339111328125
2008-01-10 00:00:00+05:30,2098.0751953125
2008-01-11 00:00:00+05:30,2117.28271484375
2008-01-14 00:00:00+05:30,2106.80615234375
2008-01-15 00:00:00+05:30,2014.1763916015625
2008-01-16 00:00:00+05:30,1929.0845947265625
2008-01-17 00:00:00+05:30,1885.0906982421875
2008-01-18 00:00:00+05:30,1808.772705078125
2008-01-21 00:00:00+05:30,1502.817138671875
2008-01-22 00:00:00+05:30,1404.2252197265625
2008-01-23 00:00:00+05:30,1688.9285888671875
2008-01-24 00:00:00+05:30,1546.5556640625
2008-01-25 00:00:00+05:30,1727.13037109375
2008-01-28 00:00:00+05:30,1786.541259765625
2008-01-29 00:00:00+05:30,1799.786376953125
2008-01-30 00:00:00+05:30,1699.277587890625
2008-01-31 00:00:00+05:30,1684.8828125
2008-02-01 00:00:00+05:30,1715.248291015625
2008-02-04 00:00:00+05:30,1716.0572509765625
2008-02-05 00:00:00+05:30,1726.1510009765625
2008-02-06 00:00:00+05:30,1752.0447998046875
2008-02-07 00:00:00+05:30,1692.7191162109375
2008-02-08 00:00:00+05:30,1666.7825927734375
2008-02-11 00:00:00+05:30,1354.8226318359375
2008-02-12 00:00:00+05:30,1302.52392578125
2008-02-13 00:00:00+05:30,1324.5848388671875
2008-02-14 00:00:00+05:30,1455.0330810546875
2008-02-15 00:00:00+05:30,1455.7572021484375
2008-02-18 00:00:00+05:30,1446.9837646484375
2008-02-19 00:00:00+05:30,1384.847412109375
2008-02-20 00:00:00+05:30,1339.8314208984375
2008-02-21 00:00:00+05:30,1361.38134765625
2008-02-22 00:00:00+05:30,1329.2694091796875
2008-02-25 00:00:00+05:30,1381.993896484375
2008-02-26 00:00:00+05:30,1448.09130859375
2008-02-27 00:00:00+05:30,1392.2152099609375
2008-02-28 00:00:00+05:30,1358.18701171875
2008-02-29 00:00:00+05:30,1336.76513671875
2008-03-03 00:00:00+05:30,1264.4072265625
2008-03-04 00:00:00+05:30,1279.7391357421875
2008-03-05 00:00:00+05:30,1242.9427490234375
2008-03-07 00:00:00+05:30,1081.1495361328125
2008-03-10 00:00:00+05:30,1070.92822265625
2008-03-11 00:00:00+05:30,1095.331298828125
2008-03-12 00:00:00+05:30,1132.3831787109375
2008-03-13 00:00:00+05:30,1022.4200439453125
2008-03-14 00:00:00+05:30,1107.809814453125
2008-03-17 00:00:00+05:30,1013.3062744140625
2008-03-18 00:00:00+05:30,1045.5030517578125
2008-03-19 00:00:00+05:30,1030.7244873046875
2008-03-24 00:00:00+05:30,980.0444946289062
2008-03-25 00:00:00+05:30,1106.020751953125
2008-03-26 00:00:00+05:30,1103.8489990234375
2008-03-27 00:00:00+05:30,1091.796630859375
2008-03-28 00:00:00+05:30,1134.682861328125
2008-03-31 00:00:00+05:30,1065.4342041015625
2008-04-01 00:00:00+05:30,1099.6754150390625
2008-04-02 00:00:00+05:30,1047.29150390625
2008-04-03 00:00:00+05:30,1013.0507202148438
2008-04-04 00:00:00+05:30,992.0972290039062
2008-04-07 00:00:00+05:30,990.4785766601562
2008-04-08 00:00:00+05:30,980.4703979492188
2008-04-09 00:00:00+05:30,1002.4884643554688
2008-04-10 00:00:00+05:30,1067.947021484375
2008-04-11 00:00:00+05:30,1094.3519287109375
2008-04-15 00:00:00+05:30,1108.448486328125
2008-04-16 00:00:00+05:30,1147.885498046875
2008-04-17 00:00:00+05:30,1136.5142822265625
2008-04-21 00:00:00+05:30,1145.4154052734375
2008-04-22 00:00:00+05:30,1135.747802734375
2008-04-23 00:00:00+05:30,1146.181884765625
2008-04-24 00:00:00+05:30,1111.3873291015625
2008-04-25 00:00:00+05:30,1158.9158935546875
2008-04-28 00:00:00+05:30,1212.87548828125
2008-04-29 00:00:00+05:30,1226.248291015625
2008-04-30 00:00:00+05:30,1218.4971923828125
2008-05-02 00:00:00+05:30,1300.99072265625
2008-05-05 00:00:00+05:30,1291.7490234375
2008-05-06 00:00:00+05:30,1226.120361328125
2008-05-07 00:00:00+05:30,1222.71337890625
2008-05-08 00:00:00+05:30,1192.262451171875
2008-05-09 00:00:00+05:30,1134.7257080078125
2008-05-12 00:00:00+05:30,1154.955078125
2008-05-13 00:00:00+05:30,1178.549072265625
2008-05-14 00:00:00+05:30,1216.1123046875
2008-05-15 00:00:00+05:30,1238.939453125
2008-05-16 00:00:00+05:30,1246.0943603515625
2008-05-20 00:00:00+05:30,1186.002197265625
2008-05-21 00:00:00+05:30,1173.1829833984375
2008-05-22 00:00:00+05:30,1127.5283203125
2008-05-23 00:00:00+05:30,1099.121826171875
2008-05-26 00:00:00+05:30,1061.43115234375
2008-05-27 00:00:00+05:30,1073.142822265625
2008-05-28 00:00:00+05:30,1083.704833984375
2008-05-29 00:00:00+05:30,1056.27783203125
2008-05-30 00:00:00+05:30,1047.8880615234375
2008-06-02 00:00:00+05:30,997.3779296875
2008-06-03 00:00:00+05:30,959.7725830078125
2008-06-04 00:00:00+05:30,911.7754516601562
2008-06-05 00:00:00+05:30,961.1778564453125
2008-06-06 00:00:00+05:30,936.6467895507812
2008-06-09 00:00:00+05:30,882.8151245117188
2008-06-10 00:00:00+05:30,859.22119140625
2008-06-11 00:00:00+05:30,870.3367309570312
2008-06-12 00:00:00+05:30,892.8660278320312
2008-06-13 00:00:00+05:30,870.4219970703125
2008-06-16 00:00:00+05:30,904.2369995117188
2008-06-17 00:00:00+05:30,940.3095703125
2008-06-18 00:00:00+05:30,915.267578125
2008-06-19 00:00:00+05:30,863.1393432617188
2008-06-20 00:00:00+05:30,817.5697631835938
2008-06-23 00:00:00+05:30,781.4973754882812
2008-06-24 00:00:00+05:30,774.5128173828125
2008-06-25 00:00:00+05:30,806.326416015625
2008-06-26 00:00:00+05:30,818.6771240234375
2008-06-27 00:00:00+05:30,755.13525390625
2008-06-30 00:00:00+05:30,667.4029541015625
2008-07-01 00:00:00+05:30,597.3876953125
2008-07-02 00:00:00+05:30,669.958251953125
2008-07-03 00:00:00+05:30,616.2969360351562
2008-07-04 00:00:00+05:30,663.1689453125
2008-07-07 00:00:00+05:30,669.7422485351562
2008-07-08 00:00:00+05:30,648.991455078125
2008-07-09 00:00:00+05:30,718.1179809570312
2008-07-10 00:00:00+05:30,735.6466674804688
2008-07-11 00:00:00+05:30,688.473876953125
2008-07-14 00:00:00+05:30,702.9092407226562
2008-07-15 00:00:00+05:30,660.2905883789062
2008-07-16 00:00:00+05:30,658.9156494140625
2008-07-17 00:00:00+05:30,693.67236328125
2008-07-18 00:00:00+05:30,735.5607299804688
2008-07-21 00:00:00+05:30,738.8689575195312
2008-07-22 00:00:00+05:30,790.166015625
2008-07-23 00:00:00+05:30,873.5992431640625
2008-07-24 00:00:00+05:30,884.1680297851562
2008-07-25 00:00:00+05:30,845.3298950195312
2008-07-28 00:00:00+05:30,847.64990234375
2008-07-29 00:00:00+05:30,781.1439208984375
2008-07-30 00:00:00+05:30,834.50341796875
2008-07-31 00:00:00+05:30,829.2619018554688
2008-08-01 00:00:00+05:30,868.05712890625
2008-08-04 00:00:00+05:30,861.7845458984375
2008-08-05 00:00:00+05:30,899.0758056640625
2008-08-06 00:00:00+05:30,869.775634765625
2008-08-07 00:00:00+05:30,880.5161743164062
2008-08-08 00:00:00+05:30,886.7457275390625
2008-08-11 00:00:00+05:30,946.5925903320312
2008-08-12 00:00:00+05:30,941.6087646484375
2008-08-13 00:00:00+05:30,916.1320190429688
2008-08-14 00:00:00+05:30,847.3491821289062
2008-08-18 00:00:00+05:30,835.5345458984375
2008-08-19 00:00:00+05:30,853.3638916015625
2008-08-20 00:00:00+05:30,867.7134399414062
2008-08-21 00:00:00+05:30,820.8842163085938
2008-08-22 00:00:00+05:30,842.4515380859375
2008-08-25 00:00:00+05:30,847.09130859375
2008-08-26 00:00:00+05:30,860.88232421875
2008-08-27 00:00:00+05:30,829.7775268554688
2008-08-28 00:00:00+05:30,829.7775268554688
2008-08-29 00:00:00+05:30,852.1609497070312
2008-09-01 00:00:00+05:30,844.6853637695312
2008-09-02 00:00:00+05:30,896.197509765625
2008-09-04 00:00:00+05:30,874.3295288085938
2008-09-05 00:00:00+05:30,873.8569946289062
2008-09-08 00:00:00+05:30,909.558837890625
2008-09-09 00:00:00+05:30,920.2564697265625
2008-09-10 00:00:00+05:30,889.280517578125
2008-09-11 00:00:00+05:30,852.8483276367188
2008-09-12 00:00:00+05:30,798.8445434570312
2008-09-15 00:00:00+05:30,721.297119140625
2008-09-16 00:00:00+05:30,724.648193359375
2008-09-17 00:00:00+05:30,713.56396484375
2008-09-18 00:00:00+05:30,728.987548828125
2008-09-19 00:00:00+05:30,766.4937133789062
2008-09-22 00:00:00+05:30,755.194580078125
2008-09-23 00:00:00+05:30,742.048095703125
2008-09-24 00:00:00+05:30,763.3145751953125
2008-09-25 00:00:00+05:30,752.9176025390625
2008-09-26 00:00:00+05:30,729.9755859375
2008-09-29 00:00:00+05:30,681.9865112304688
2008-09-30 00:00:00+05:30,679.0221557617188
2008-10-01 00:00:00+05:30,670.7304077148438
2008-10-03 00:00:00+05:30,636.4034423828125
2008-10-06 00:00:00+05:30,546.7405395507812
2008-10-07 00:00:00+05:30,558.3834228515625
2008-10-08 00:00:00+05:30,548.6740112304688
2008-10-10 00:00:00+05:30,441.52545166015625
2008-10-13 00:00:00+05:30,515.034423828125
2008-10-14 00:00:00+05:30,543.9050903320312
2008-10-15 00:00:00+05:30,477.27032470703125
2008-10-16 00:00:00+05:30,479.2894287109375
2008-10-17 00:00:00+05:30,421.8916320800781
2008-10-20 00:00:00+05:30,411.9243469238281
2008-10-21 00:00:00+05:30,433.9211120605469
2008-10-22 00:00:00+05:30,405.47998046875
2008-10-23 00:00:00+05:30,384.47137451171875
2008-10-24 00:00:00+05:30,328.7489318847656
2008-10-27 00:00:00+05:30,340.6495666503906
2008-10-29 00:00:00+05:30,368.4462890625
2008-10-31 00:00:00+05:30,393.1067810058594
2008-11-03 00:00:00+05:30,459.1831359863281
2008-11-04 00:00:00+05:30,466.7873840332031
2008-11-05 00:00:00+05:30,447.41131591796875
2008-11-06 00:00:00+05:30,434.3937072753906
2008-11-07 00:00:00+05:30,480.5353698730469
2008-11-10 00:00:00+05:30,535.4845581054688
2008-11-11 00:00:00+05:30,497.032958984375
2008-11-12 00:00:00+05:30,463.651123046875
2008-11-14 00:00:00+05:30,440.0647888183594
2008-11-17 00:00:00+05:30,414.4161376953125
2008-11-18 00:00:00+05:30,407.6281433105469
2008-11-19 00:00:00+05:30,392.7200927734375
2008-11-20 00:00:00+05:30,392.7200927734375
2008-11-21 00:00:00+05:30,417.079833984375
2008-11-24 00:00:00+05:30,433.0188903808594
2008-11-25 00:00:00+05:30,428.3360290527344
2008-11-26 00:00:00+05:30,446.55206298828125
2008-11-27 00:00:00+05:30,446.55206298828125
2008-11-28 00:00:00+05:30,433.0188903808594
2008-12-01 00:00:00+05:30,401.39849853515625
2008-12-02 00:00:00+05:30,422.7938537597656
2008-12-03 00:00:00+05:30,435.5537109375
2008-12-04 00:00:00+05:30,469.27923583984375
2008-12-05 00:00:00+05:30,457.206787109375
2008-12-08 00:00:00+05:30,475.6376647949219
2008-12-10 00:00:00+05:30,517.569091796875
2008-12-11 00:00:00+05:30,519.5453491210938
2008-12-12 00:00:00+05:30,558.8560180664062
2008-12-15 00:00:00+05:30,561.648681640625
2008-12-16 00:00:00+05:30,544.979248046875
2008-12-17 00:00:00+05:30,467.7325744628906
2008-12-18 00:00:00+05:30,516.4520263671875
2008-12-19 00:00:00+05:30,532.4340209960938
2008-12-22 00:00:00+05:30,516.4950561523438
2008-12-23 00:00:00+05:30,506.5277099609375
2008-12-24 00:00:00+05:30,496.17376708984375
2008-12-26 00:00:00+05:30,466.6155700683594
2008-12-29 00:00:00+05:30,482.9413757324219
2008-12-30 00:00:00+05:30,502.8758850097656
2008-12-31 00:00:00+05:30,497.9352111816406
2009-01-02 00:00:00+05:30,541.198486328125
2009-01-05 00:00:00+05:30,572.81884765625
2009-01-06 00:00:00+05:30,555.7198486328125
2009-01-07 00:00:00+05:30,479.9768981933594
2009-01-09 00:00:00+05:30,436.6277770996094
2009-01-12 00:00:00+05:30,412.9983825683594
2009-01-13 00:00:00+05:30,409.3035888671875
2009-01-14 00:00:00+05:30,449.6883544921875
2009-01-15 00:00:00+05:30,432.1166687011719
2009-01-16 00:00:00+05:30,464.81121826171875
2009-01-19 00:00:00+05:30,459.99932861328125
2009-01-20 00:00:00+05:30,473.7903137207031
2009-01-21 00:00:00+05:30,447.11053466796875
2009-01-22 00:00:00+05:30,417.9391174316406
2009-01-23 00:00:00+05:30,418.71240234375
2009-01-27 00:00:00+05:30,463.4793701171875
2009-01-28 00:00:00+05:30,478.2583923339844
2009-01-29 00:00:00+05:30,478.2583923339844
2009-01-30 00:00:00+05:30,500.8567199707031
2009-02-02 00:00:00+05:30,447.2824401855469
2009-02-03 00:00:00+05:30,449.5166015625
2009-02-04 00:00:00+05:30,446.93878173828125
2009-02-05 00:00:00+05:30,446.6809387207031
2009-02-06 00:00:00+05:30,464.7252502441406
2009-02-09 00:00:00+05:30,496.6893310546875
2009-02-10 00:00:00+05:30,484.187255859375
2009-02-11 00:00:00+05:30,465.1118469238281
2009-02-12 00:00:00+05:30,472.71624755859375
2009-02-13 00:00:00+05:30,489.6434631347656
2009-02-16 00:00:00+05:30,458.1949462890625
2009-02-17 00:00:00+05:30,445.8647155761719
2009-02-18 00:00:00+05:30,430.698974609375
2009-02-19 00:00:00+05:30,436.84259033203125
2009-02-20 00:00:00+05:30,420.9893798828125
2009-02-24 00:00:00+05:30,420.387939453125
2009-02-25 00:00:00+05:30,435.5107116699219
2009-02-26 00:00:00+05:30,437.7018127441406
2009-02-27 00:00:00+05:30,421.9346008300781
2009-03-02 00:00:00+05:30,383.612060546875
2009-03-03 00:00:00+05:30,374.890625
2009-03-04 00:00:00+05:30,392.03265380859375
2009-03-05 00:00:00+05:30,380.2179870605469
2009-03-06 00:00:00+05:30,388.1660461425781
2009-03-09 00:00:00+05:30,377.38250732421875
2009-03-12 00:00:00+05:30,379.7454528808594
2009-03-13 00:00:00+05:30,400.9689025878906
2009-03-16 00:00:00+05:30,399.20745849609375
2009-03-17 00:00:00+05:30,398.99261474609375
2009-03-18 00:00:00+05:30,412.6976318359375
2009-03-19 00:00:00+05:30,416.8650207519531
2009-03-20 00:00:00+05:30,415.103515625
2009-03-23 00:00:00+05:30,455.7461242675781
2009-03-24 00:00:00+05:30,436.75665283203125
2009-03-25 00:00:00+05:30,461.9756774902344
2009-03-26 00:00:00+05:30,484.8316345214844
2009-03-27 00:00:00+05:30,487.8389892578125
2009-03-30 00:00:00+05:30,432.0737609863281
2009-03-31 00:00:00+05:30,442.98614501953125
2009-04-01 00:00:00+05:30,472.5873107910156
2009-04-02 00:00:00+05:30,494.2834777832031
2009-04-06 00:00:00+05:30,526.2904052734375
2009-04-08 00:00:00+05:30,531.188232421875
2009-04-09 00:00:00+05:30,562.89453125
2009-04-13 00:00:00+05:30,571.057373046875
2009-04-15 00:00:00+05:30,610.2393188476562
2009-04-16 00:00:00+05:30,554.087158203125
2009-04-17 00:00:00+05:30,565.8590087890625
2009-04-20 00:00:00+05:30,598.0379028320312
2009-04-21 00:00:00+05:30,579.00537109375
2009-04-22 00:00:00+05:30,574.279541015625
2009-04-23 00:00:00+05:30,612.0864868164062
2009-04-24 00:00:00+05:30,636.2744750976562
2009-04-27 00:00:00+05:30,610.7976684570312
2009-04-28 00:00:00+05:30,568.4366455078125
2009-04-29 00:00:00+05:30,597.3504028320312
2009-04-30 00:00:00+05:30,597.3504028320312
2009-05-04 00:00:00+05:30,644.823974609375
2009-05-05 00:00:00+05:30,683.232421875
2009-05-06 00:00:00+05:30,688.087158203125
2009-05-07 00:00:00+05:30,697.5388793945312
2009-05-08 00:00:00+05:30,660.4623413085938
2009-05-11 00:00:00+05:30,655.6074829101562
2009-05-12 00:00:00+05:30,678.7213745117188
2009-05-13 00:00:00+05:30,685.6812744140625
2009-05-14 00:00:00+05:30,695.648681640625
2009-05-15 00:00:00+05:30,704.7567138671875
2009-05-18 00:00:00+05:30,868.7444458007812
2009-05-19 00:00:00+05:30,913.89794921875
2009-05-20 00:00:00+05:30,940.234130859375
2009-05-21 00:00:00+05:30,955.7006225585938
2009-05-22 00:00:00+05:30,963.4767456054688
2009-05-25 00:00:00+05:30,974.4323120117188
2009-05-26 00:00:00+05:30,963.9924926757812
2009-05-27 00:00:00+05:30,1107.0142822265625
2009-05-28 00:00:00+05:30,1092.8798828125
2009-05-29 00:00:00+05:30,1092.9656982421875
2009-06-01 00:00:00+05:30,1118.6572265625
2009-06-02 00:00:00+05:30,1068.17626953125
2009-06-03 00:00:00+05:30,1057.9512939453125
2009-06-04 00:00:00+05:30,1094.512451171875
2009-06-05 00:00:00+05:30,1054.0845947265625
2009-06-08 00:00:00+05:30,965.1522827148438
2009-06-09 00:00:00+05:30,986.8052368164062
2009-06-10 00:00:00+05:30,1045.7069091796875
2009-06-11 00:00:00+05:30,1024.9130859375
2009-06-12 00:00:00+05:30,1014.43017578125
2009-06-15 00:00:00+05:30,1028.436279296875
2009-06-16 00:00:00+05:30,1090.7744140625
2009-06-17 00:00:00+05:30,1084.287353515625
2009-06-18 00:00:00+05:30,1031.056640625
2009-06-19 00:00:00+05:30,1084.502197265625
2009-06-22 00:00:00+05:30,1038.2745361328125
2009-06-23 00:00:00+05:30,1051.2060546875
2009-06-24 00:00:00+05:30,1082.525634765625
2009-06-25 00:00:00+05:30,1063.9661865234375
2009-06-26 00:00:00+05:30,1086.5213623046875
2009-06-29 00:00:00+05:30,1089.8724365234375
2009-06-30 00:00:00+05:30,1028.26416015625
2009-07-01 00:00:00+05:30,1028.26416015625
2009-07-02 00:00:00+05:30,1082.8450927734375
2009-07-03 00:00:00+05:30,1116.552978515625
2009-07-06 00:00:00+05:30,977.3135375976562
2009-07-07 00:00:00+05:30,1000.4334716796875
2009-07-08 00:00:00+05:30,928.7825927734375
2009-07-09 00:00:00+05:30,951.3841552734375
2009-07-10 00:00:00+05:30,888.6356201171875
2009-07-13 00:00:00+05:30,833.5794067382812
2009-07-14 00:00:00+05:30,911.0643920898438
2009-07-15 00:00:00+05:30,954.7981567382812
2009-07-16 00:00:00+05:30,916.5095825195312
2009-07-17 00:00:00+05:30,996.1985473632812
2009-07-20 00:00:00+05:30,980.81396484375
2009-07-21 00:00:00+05:30,974.7205810546875
2009-07-22 00:00:00+05:30,942.697998046875
2009-07-23 00:00:00+05:30,1007.9097290039062
2009-07-24 00:00:00+05:30,1010.2001953125
2009-07-27 00:00:00+05:30,1005.7921752929688
2009-07-28 00:00:00+05:30,1046.1552734375
2009-07-29 00:00:00+05:30,1007.0886840820312
2009-07-30 00:00:00+05:30,1023.3375854492188
2009-07-31 00:00:00+05:30,1041.9635009765625
2009-08-03 00:00:00+05:30,1056.137939453125
2009-08-04 00:00:00+05:30,1026.319580078125
2009-08-05 00:00:00+05:30,1048.5750732421875
2009-08-06 00:00:00+05:30,1016.3800659179688
2009-08-07 00:00:00+05:30,991.1854858398438
2009-08-10 00:00:00+05:30,987.9874877929688
2009-08-11 00:00:00+05:30,985.9131469726562
2009-08-12 00:00:00+05:30,976.0169677734375
2009-08-13 00:00:00+05:30,1009.0765991210938
2009-08-14 00:00:00+05:30,1026.924560546875
2009-08-17 00:00:00+05:30,959.9407958984375
2009-08-18 00:00:00+05:30,981.2892456054688
2009-08-19 00:00:00+05:30,934.5735473632812
2009-08-20 00:00:00+05:30,946.2848510742188
2009-08-21 00:00:00+05:30,957.0455932617188
2009-08-24 00:00:00+05:30,983.3634643554688
2009-08-25 00:00:00+05:30,985.7403564453125
2009-08-26 00:00:00+05:30,991.3583374023438
2009-08-27 00:00:00+05:30,984.8760375976562
2009-08-28 00:00:00+05:30,1010.7188110351562
2009-08-31 00:00:00+05:30,990.2778930664062
2009-09-01 00:00:00+05:30,972.1275024414062
2009-09-02 00:00:00+05:30,969.1025390625
2009-09-03 00:00:00+05:30,966.9417114257812
2009-09-04 00:00:00+05:30,988.6358642578125
2009-09-07 00:00:00+05:30,1003.1129760742188
2009-09-08 00:00:00+05:30,1041.185546875
2009-09-09 00:00:00+05:30,1030.554443359375
2009-09-10 00:00:00+05:30,1014.694580078125
2009-09-11 00:00:00+05:30,1006.8294067382812
2009-09-14 00:00:00+05:30,1010.9348754882812
2009-09-15 00:00:00+05:30,1040.7965087890625
2009-09-16 00:00:00+05:30,1029.3878173828125
2009-09-17 00:00:00+05:30,1029.8199462890625
2009-09-18 00:00:00+05:30,1074.4613037109375
2009-09-22 00:00:00+05:30,1076.7083740234375
2009-09-23 00:00:00+05:30,1051.600341796875
2009-09-24 00:00:00+05:30,1050.131103515625
2009-09-25 00:00:00+05:30,1043.4761962890625
2009-09-29 00:00:00+05:30,1049.6124267578125
2009-09-30 00:00:00+05:30,1055.532958984375
2009-10-01 00:00:00+05:30,1043.2166748046875
2009-10-05 00:00:00+05:30,1055.4896240234375
2009-10-06 00:00:00+05:30,1109.20654296875
2009-10-07 00:00:00+05:30,1096.7171630859375
2009-10-08 00:00:00+05:30,1150.9522705078125
2009-10-09 00:00:00+05:30,1118.0655517578125
2009-10-12 00:00:00+05:30,1173.726806640625
2009-10-13 00:00:00+05:30,1173.726806640625
2009-10-14 00:00:00+05:30,1141.1424560546875
2009-10-15 00:00:00+05:30,1103.58837890625
2009-10-16 00:00:00+05:30,1120.485595703125
2009-10-20 00:00:00+05:30,1127.3134765625
2009-10-21 00:00:00+05:30,1115.4295654296875
2009-10-22 00:00:00+05:30,1080.554443359375
2009-10-23 00:00:00+05:30,1064.0465087890625
2009-10-26 00:00:00+05:30,1038.290283203125
2009-10-27 00:00:00+05:30,1005.4466552734375
2009-10-28 00:00:00+05:30,984.1414184570312
2009-10-29 00:00:00+05:30,958.3418579101562
2009-10-30 00:00:00+05:30,913.0089111328125
2009-11-03 00:00:00+05:30,856.9156494140625
2009-11-04 00:00:00+05:30,891.0125122070312
2009-11-05 00:00:00+05:30,941.0559692382812
2009-11-06 00:00:00+05:30,944.7723999023438
2009-11-09 00:00:00+05:30,965.472412109375
2009-11-10 00:00:00+05:30,951.4706420898438
2009-11-11 00:00:00+05:30,1004.79833984375
2009-11-12 00:00:00+05:30,986.7775268554688
2009-11-13 00:00:00+05:30,998.1000366210938
2009-11-16 00:00:00+05:30,1007.8665161132812
2009-11-17 00:00:00+05:30,1027.57275390625
2009-11-18 00:00:00+05:30,990.3211059570312
2009-11-19 00:00:00+05:30,954.14990234375
2009-11-20 00:00:00+05:30,949.3963623046875
2009-11-23 00:00:00+05:30,942.6115112304688
2009-11-24 00:00:00+05:30,925.36865234375
2009-11-25 00:00:00+05:30,915.9044189453125
2009-11-26 00:00:00+05:30,893.4325561523438
2009-11-27 00:00:00+05:30,899.9147338867188
2009-11-30 00:00:00+05:30,905.3167114257812
2009-12-01 00:00:00+05:30,933.9683837890625
2009-12-02 00:00:00+05:30,916.6823120117188
2009-12-03 00:00:00+05:30,913.22509765625
2009-12-04 00:00:00+05:30,921.0472412109375
2009-12-07 00:00:00+05:30,908.4282836914062
2009-12-08 00:00:00+05:30,928.3504638671875
2009-12-09 00:00:00+05:30,911.3668823242188
2009-12-10 00:00:00+05:30,918.3245849609375
2009-12-11 00:00:00+05:30,922.5596923828125
2009-12-14 00:00:00+05:30,914.17578125
2009-12-15 00:00:00+05:30,900.2173461914062
2009-12-16 00:00:00+05:30,898.8344116210938
2009-12-17 00:00:00+05:30,893.2164916992188
2009-12-18 00:00:00+05:30,889.3702392578125
2009-12-21 00:00:00+05:30,887.5552978515625
2009-12-22 00:00:00+05:30,895.1611328125
2009-12-23 00:00:00+05:30,924.5907592773438
2009-12-24 00:00:00+05:30,953.0263061523438
2009-12-29 00:00:00+05:30,978.177734375
2009-12-30 00:00:00+05:30,994.253662109375
2009-12-31 00:00:00+05:30,991.14208984375
2010-01-04 00:00:00+05:30,1012.4041748046875
2010-01-05 00:00:00+05:30,1030.511474609375
2010-01-06 00:00:00+05:30,1005.8355102539062
2010-01-07 00:00:00+05:30,1007.607421875
2010-01-08 00:00:00+05:30,1006.0948486328125
2010-01-11 00:00:00+05:30,1003.9773559570312
2010-01-12 00:00:00+05:30,979.5606689453125
2010-01-13 00:00:00+05:30,985.048828125
2010-01-14 00:00:00+05:30,972.4299926757812
2010-01-15 00:00:00+05:30,973.2512817382812
2010-01-18 00:00:00+05:30,975.5848999023438
2010-01-19 00:00:00+05:30,970.7879638671875
2010-01-20 00:00:00+05:30,959.2925415039062
2010-01-21 00:00:00+05:30,928.3504638671875
2010-01-22 00:00:00+05:30,915.1697998046875
2010-01-25 00:00:00+05:30,917.5465698242188
2010-01-27 00:00:00+05:30,892.4818115234375
2010-01-28 00:00:00+05:30,894.7289428710938
2010-01-29 00:00:00+05:30,893.8646240234375
2010-02-01 00:00:00+05:30,901.4706420898438
2010-02-02 00:00:00+05:30,889.5863647460938
2010-02-03 00:00:00+05:30,899.2234497070312
2010-02-04 00:00:00+05:30,896.3710327148438
2010-02-05 00:00:00+05:30,894.1239624023438
2010-02-08 00:00:00+05:30,899.8717041015625
2010-02-09 00:00:00+05:30,915.2130737304688
2010-02-10 00:00:00+05:30,911.194091796875
2010-02-11 00:00:00+05:30,919.1890258789062
2010-02-15 00:00:00+05:30,903.0263061523438
2010-02-16 00:00:00+05:30,907.3045654296875
2010-02-17 00:00:00+05:30,908.3416748046875
2010-02-18 00:00:00+05:30,887.8577270507812
2010-02-19 00:00:00+05:30,867.0712890625
2010-02-22 00:00:00+05:30,853.6312255859375
2010-02-23 00:00:00+05:30,843.2596435546875
2010-02-24 00:00:00+05:30,832.974365234375
2010-02-25 00:00:00+05:30,828.5231323242188
2010-02-26 00:00:00+05:30,867.2874145507812
2010-03-02 00:00:00+05:30,859.767822265625
2010-03-03 00:00:00+05:30,869.3616333007812
2010-03-04 00:00:00+05:30,885.9130859375
2010-03-05 00:00:00+05:30,896.3710327148438
2010-03-08 00:00:00+05:30,880.5543823242188
2010-03-09 00:00:00+05:30,864.9968872070312
2010-03-10 00:00:00+05:30,866.423095703125
2010-03-11 00:00:00+05:30,865.5587768554688
2010-03-12 00:00:00+05:30,863.9164428710938
2010-03-15 00:00:00+05:30,843.0867309570312
2010-03-16 00:00:00+05:30,856.5699462890625
2010-03-17 00:00:00+05:30,864.6079711914062
2010-03-18 00:00:00+05:30,878.4800415039062
2010-03-19 00:00:00+05:30,885.6537475585938
2010-03-22 00:00:00+05:30,877.5725708007812
2010-03-23 00:00:00+05:30,884.6598510742188
2010-03-25 00:00:00+05:30,884.3574829101562
2010-03-26 00:00:00+05:30,869.5344848632812
2010-03-29 00:00:00+05:30,867.4168701171875
2010-03-30 00:00:00+05:30,857.7799682617188
2010-03-31 00:00:00+05:30,863.4843139648438
2010-04-01 00:00:00+05:30,877.3565063476562
2010-04-05 00:00:00+05:30,921.8250122070312
2010-04-06 00:00:00+05:30,940.1915283203125
2010-04-07 00:00:00+05:30,958.0824584960938
2010-04-08 00:00:00+05:30,947.4083862304688
2010-04-09 00:00:00+05:30,952.0756225585938
2010-04-12 00:00:00+05:30,954.365966796875
2010-04-13 00:00:00+05:30,967.0714111328125
2010-04-15 00:00:00+05:30,970.1396484375
2010-04-16 00:00:00+05:30,965.0403442382812
2010-04-19 00:00:00+05:30,941.012451171875
2010-04-20 00:00:00+05:30,964.953857421875
2010-04-21 00:00:00+05:30,984.4005737304688
2010-04-22 00:00:00+05:30,974.2451782226562
2010-04-23 00:00:00+05:30,970.8310546875
2010-04-26 00:00:00+05:30,964.3921508789062
2010-04-27 00:00:00+05:30,982.0670776367188
2010-04-28 00:00:00+05:30,963.225341796875
2010-04-29 00:00:00+05:30,972.7757568359375
2010-04-30 00:00:00+05:30,983.0611572265625
2010-05-03 00:00:00+05:30,952.0756225585938
2010-05-04 00:00:00+05:30,937.123291015625
2010-05-05 00:00:00+05:30,912.0582885742188
2010-05-06 00:00:00+05:30,913.0524291992188
2010-05-07 00:00:00+05:30,845.6796875
2010-05-10 00:00:00+05:30,920.182861328125
2010-05-11 00:00:00+05:30,873.8126831054688
2010-05-12 00:00:00+05:30,862.1878662109375
2010-05-13 00:00:00+05:30,888.1170654296875
2010-05-14 00:00:00+05:30,886.6909790039062
2010-05-17 00:00:00+05:30,862.2310791015625
2010-05-18 00:00:00+05:30,863.8302001953125
2010-05-19 00:00:00+05:30,837.8460083007812
2010-05-20 00:00:00+05:30,855.6475219726562
2010-05-21 00:00:00+05:30,861.0009155273438
2010-05-24 00:00:00+05:30,912.62109375
2010-05-25 00:00:00+05:30,896.8652954101562
2010-05-26 00:00:00+05:30,909.4437866210938
2010-05-27 00:00:00+05:30,918.01806640625
2010-05-28 00:00:00+05:30,920.2813110351562
2010-05-31 00:00:00+05:30,929.1168823242188
2010-06-01 00:00:00+05:30,909.0521240234375
2010-06-02 00:00:00+05:30,944.5679321289062
2010-06-03 00:00:00+05:30,958.2781982421875
2010-06-04 00:00:00+05:30,966.8088989257812
2010-06-07 00:00:00+05:30,942.6528930664062
2010-06-08 00:00:00+05:30,920.7600708007812
2010-06-09 00:00:00+05:30,930.3356323242188
2010-06-10 00:00:00+05:30,976.2974243164062
2010-06-11 00:00:00+05:30,968.4629516601562
2010-06-14 00:00:00+05:30,1010.2465209960938
2010-06-15 00:00:00+05:30,1030.311279296875
2010-06-16 00:00:00+05:30,1025.0447998046875
2010-06-17 00:00:00+05:30,1043.1944580078125
2010-06-18 00:00:00+05:30,1012.4660034179688
2010-06-21 00:00:00+05:30,1034.40234375
2010-06-22 00:00:00+05:30,1019.429931640625
2010-06-23 00:00:00+05:30,1031.965087890625
2010-06-24 00:00:00+05:30,1011.5957641601562
2010-06-25 00:00:00+05:30,1016.03515625
2010-06-28 00:00:00+05:30,1057.3399658203125
2010-06-29 00:00:00+05:30,1027.612548828125
2010-06-30 00:00:00+05:30,1045.4576416015625
2010-07-01 00:00:00+05:30,1053.9012451171875
2010-07-02 00:00:00+05:30,1041.9757080078125
2010-07-05 00:00:00+05:30,1034.6201171875
2010-07-06 00:00:00+05:30,1038.6678466796875
2010-07-07 00:00:00+05:30,1034.0106201171875
2010-07-08 00:00:00+05:30,1028.265380859375
2010-07-09 00:00:00+05:30,1020.7357177734375
2010-07-12 00:00:00+05:30,999.5829467773438
2010-07-13 00:00:00+05:30,1000.5404052734375
2010-07-14 00:00:00+05:30,994.1423950195312
2010-07-15 00:00:00+05:30,1001.0192260742188
2010-07-16 00:00:00+05:30,1002.8472900390625
2010-07-19 00:00:00+05:30,992.0530395507812
2010-07-20 00:00:00+05:30,995.099853515625
2010-07-21 00:00:00+05:30,992.0966186523438
2010-07-22 00:00:00+05:30,984.3059692382812
2010-07-23 00:00:00+05:30,990.1380615234375
2010-07-26 00:00:00+05:30,989.833251953125
2010-07-27 00:00:00+05:30,998.9735107421875
2010-07-28 00:00:00+05:30,995.6657104492188
2010-07-29 00:00:00+05:30,984.21875
2010-07-30 00:00:00+05:30,965.0244750976562
2010-08-02 00:00:00+05:30,971.9884033203125
2010-08-03 00:00:00+05:30,975.7314453125
2010-08-04 00:00:00+05:30,992.488525390625
2010-08-05 00:00:00+05:30,972.0319213867188
2010-08-06 00:00:00+05:30,965.8514404296875
2010-08-09 00:00:00+05:30,972.7282104492188
2010-08-10 00:00:00+05:30,969.2462768554688
2010-08-11 00:00:00+05:30,952.9246826171875
2010-08-12 00:00:00+05:30,952.576416015625
2010-08-13 00:00:00+05:30,943.3928833007812
2010-08-16 00:00:00+05:30,911.2283325195312
2010-08-17 00:00:00+05:30,898.9977416992188
2010-08-18 00:00:00+05:30,906.440673828125
2010-08-19 00:00:00+05:30,925.5478515625
2010-08-20 00:00:00+05:30,931.6847534179688
2010-08-23 00:00:00+05:30,909.7920532226562
2010-08-24 00:00:00+05:30,891.7727661132812
2010-08-25 00:00:00+05:30,882.37158203125
2010-08-26 00:00:00+05:30,873.57958984375
2010-08-27 00:00:00+05:30,855.821533203125
2010-08-30 00:00:00+05:30,868.8353881835938
2010-08-31 00:00:00+05:30,872.1432495117188
2010-09-01 00:00:00+05:30,890.29296875
2010-09-02 00:00:00+05:30,884.1124877929688
2010-09-03 00:00:00+05:30,899.5200805664062
2010-09-06 00:00:00+05:30,910.0966186523438
2010-09-07 00:00:00+05:30,907.2675170898438
2010-09-08 00:00:00+05:30,892.9044189453125
2010-09-09 00:00:00+05:30,880.2823486328125
2010-09-13 00:00:00+05:30,919.0191040039062
2010-09-14 00:00:00+05:30,920.1941528320312
2010-09-15 00:00:00+05:30,931.3800048828125
2010-09-16 00:00:00+05:30,917.0606079101562
2010-09-17 00:00:00+05:30,924.0679931640625
2010-09-20 00:00:00+05:30,946.7007446289062
2010-09-21 00:00:00+05:30,937.2123413085938
2010-09-22 00:00:00+05:30,928.6815185546875
2010-09-23 00:00:00+05:30,924.6774291992188
2010-09-24 00:00:00+05:30,936.2548828125
2010-09-27 00:00:00+05:30,941.0425415039062
2010-09-28 00:00:00+05:30,965.4163208007812
2010-09-29 00:00:00+05:30,944.0457153320312
2010-09-30 00:00:00+05:30,930.64013671875
2010-10-01 00:00:00+05:30,942.8270263671875
2010-10-04 00:00:00+05:30,942.2175903320312
2010-10-05 00:00:00+05:30,969.7686767578125
2010-10-06 00:00:00+05:30,976.0796508789062
2010-10-07 00:00:00+05:30,947.3535766601562
2010-10-08 00:00:00+05:30,935.2102661132812
2010-10-11 00:00:00+05:30,954.6655883789062
2010-10-12 00:00:00+05:30,938.3004760742188
2010-10-13 00:00:00+05:30,955.1443481445312
2010-10-14 00:00:00+05:30,936.6901245117188
2010-10-15 00:00:00+05:30,928.3333129882812
2010-10-18 00:00:00+05:30,935.2102661132812
2010-10-19 00:00:00+05:30,927.6803588867188
2010-10-20 00:00:00+05:30,916.6253051757812
2010-10-21 00:00:00+05:30,924.0679931640625
2010-10-22 00:00:00+05:30,916.6253051757812
2010-10-25 00:00:00+05:30,924.28564453125
2010-10-26 00:00:00+05:30,932.4246826171875
2010-10-27 00:00:00+05:30,927.6803588867188
2010-10-28 00:00:00+05:30,918.1051025390625
2010-10-29 00:00:00+05:30,901.826904296875
2010-11-01 00:00:00+05:30,913.0562744140625
2010-11-02 00:00:00+05:30,907.3544921875
2010-11-03 00:00:00+05:30,907.1369018554688
2010-11-04 00:00:00+05:30,913.5784912109375
2010-11-08 00:00:00+05:30,920.977783203125
2010-11-09 00:00:00+05:30,911.1411743164062
2010-11-10 00:00:00+05:30,914.7537231445312
2010-11-11 00:00:00+05:30,924.7208862304688
2010-11-12 00:00:00+05:30,913.4915161132812
2010-11-15 00:00:00+05:30,893.7749633789062
2010-11-16 00:00:00+05:30,864.5265502929688
2010-11-18 00:00:00+05:30,870.7940063476562
2010-11-19 00:00:00+05:30,823.5264282226562
2010-11-22 00:00:00+05:30,824.7886962890625
2010-11-23 00:00:00+05:30,818.1293334960938
2010-11-24 00:00:00+05:30,812.3407592773438
2010-11-25 00:00:00+05:30,791.1007690429688
2010-11-26 00:00:00+05:30,743.223876953125
2010-11-29 00:00:00+05:30,716.93505859375
2010-11-30 00:00:00+05:30,734.8235473632812
2010-12-01 00:00:00+05:30,758.718505859375
2010-12-02 00:00:00+05:30,761.6345825195312
2010-12-03 00:00:00+05:30,728.1207885742188
2010-12-06 00:00:00+05:30,723.3765869140625
2010-12-07 00:00:00+05:30,724.9435424804688
2010-12-08 00:00:00+05:30,725.9445190429688
2010-12-09 00:00:00+05:30,676.32666015625
2010-12-10 00:00:00+05:30,679.1123046875
2010-12-13 00:00:00+05:30,706.0103759765625
2010-12-14 00:00:00+05:30,724.50830078125
2010-12-15 00:00:00+05:30,717.8490600585938
2010-12-16 00:00:00+05:30,721.8967895507812
2010-12-20 00:00:00+05:30,704.3999633789062
2010-12-21 00:00:00+05:30,703.8341674804688
2010-12-22 00:00:00+05:30,690.341552734375
2010-12-23 00:00:00+05:30,686.5549926757812
2010-12-24 00:00:00+05:30,709.7100219726562
2010-12-27 00:00:00+05:30,694.0410766601562
2010-12-28 00:00:00+05:30,693.0835571289062
2010-12-29 00:00:00+05:30,700.9614868164062
2010-12-30 00:00:00+05:30,705.4010009765625
2010-12-31 00:00:00+05:30,733.99658203125
2011-01-03 00:00:00+05:30,750.7535400390625
2011-01-04 00:00:00+05:30,765.8565063476562
2011-01-05 00:00:00+05:30,745.4871215820312
2011-01-06 00:00:00+05:30,749.0125732421875
2011-01-07 00:00:00+05:30,721.6356201171875
2011-01-10 00:00:00+05:30,702.963623046875
2011-01-11 00:00:00+05:30,699.2640380859375
2011-01-12 00:00:00+05:30,715.4552001953125
2011-01-13 00:00:00+05:30,703.5294799804688
2011-01-14 00:00:00+05:30,694.7810668945312
2011-01-17 00:00:00+05:30,639.7225952148438
2011-01-18 00:00:00+05:30,610.604736328125
2011-01-19 00:00:00+05:30,627.8404541015625
2011-01-20 00:00:00+05:30,623.9666748046875
2011-01-21 00:00:00+05:30,642.3776245117188
2011-01-24 00:00:00+05:30,635.848876953125
2011-01-25 00:00:00+05:30,624.4454956054688
2011-01-27 00:00:00+05:30,623.61865234375
2011-01-28 00:00:00+05:30,630.7130737304688
2011-01-31 00:00:00+05:30,615.8276977539062
2011-02-01 00:00:00+05:30,600.07177734375
2011-02-02 00:00:00+05:30,595.8934936523438
2011-02-03 00:00:00+05:30,613.1290893554688
2011-02-04 00:00:00+05:30,590.1482543945312
2011-02-07 00:00:00+05:30,592.4985961914062
2011-02-08 00:00:00+05:30,573.7830810546875
2011-02-09 00:00:00+05:30,462.8392333984375
2011-02-10 00:00:00+05:30,509.4973449707031
2011-02-11 00:00:00+05:30,537.2225341796875
2011-02-14 00:00:00+05:30,545.927490234375
2011-02-15 00:00:00+05:30,552.630126953125
2011-02-16 00:00:00+05:30,549.8446655273438
2011-02-17 00:00:00+05:30,558.3754272460938
2011-02-18 00:00:00+05:30,525.775634765625
2011-02-21 00:00:00+05:30,540.965576171875
2011-02-22 00:00:00+05:30,541.0961303710938
2011-02-23 00:00:00+05:30,606.64404296875
2011-02-24 00:00:00+05:30,579.6153564453125
2011-02-25 00:00:00+05:30,554.9804077148438
2011-02-28 00:00:00+05:30,530.824462890625
2011-03-01 00:00:00+05:30,538.702392578125
2011-03-03 00:00:00+05:30,521.2490234375
2011-03-04 00:00:00+05:30,528.1693725585938
2011-03-07 00:00:00+05:30,517.9846801757812
2011-03-08 00:00:00+05:30,528.0386962890625
2011-03-09 00:00:00+05:30,539.833984375
2011-03-10 00:00:00+05:30,545.0133056640625
2011-03-11 00:00:00+05:30,526.3414306640625
2011-03-14 00:00:00+05:30,544.578125
2011-03-15 00:00:00+05:30,534.3063354492188
2011-03-16 00:00:00+05:30,562.031494140625
2011-03-17 00:00:00+05:30,568.5166015625
2011-03-18 00:00:00+05:30,546.40625
2011-03-21 00:00:00+05:30,543.3159790039062
2011-03-22 00:00:00+05:30,544.9697875976562
2011-03-23 00:00:00+05:30,554.37109375
2011-03-24 00:00:00+05:30,553.9358520507812
2011-03-25 00:00:00+05:30,567.2108764648438
2011-03-28 00:00:00+05:30,576.6556396484375
2011-03-29 00:00:00+05:30,586.3180541992188
2011-03-30 00:00:00+05:30,588.7119750976562
2011-03-31 00:00:00+05:30,600.5941162109375
2011-04-01 00:00:00+05:30,605.2077026367188
2011-04-04 00:00:00+05:30,603.2492065429688
2011-04-05 00:00:00+05:30,596.6769409179688
2011-04-06 00:00:00+05:30,604.5112915039062
2011-04-07 00:00:00+05:30,603.640869140625
2011-04-08 00:00:00+05:30,590.5399780273438
2011-04-11 00:00:00+05:30,592.281005859375
2011-04-13 00:00:00+05:30,606.2522583007812
2011-04-15 00:00:00+05:30,599.8541259765625
2011-04-18 00:00:00+05:30,584.96875
2011-04-19 00:00:00+05:30,588.537841796875
2011-04-20 00:00:00+05:30,595.5453491210938
2011-04-21 00:00:00+05:30,605.7300415039062
2011-04-25 00:00:00+05:30,603.5972900390625
2011-04-26 00:00:00+05:30,595.5453491210938
2011-04-27 00:00:00+05:30,580.7469482421875
2011-04-28 00:00:00+05:30,572.8690795898438
2011-04-29 00:00:00+05:30,574.5228881835938
2011-05-02 00:00:00+05:30,576.6556396484375
2011-05-03 00:00:00+05:30,571.4761962890625
2011-05-04 00:00:00+05:30,559.3328247070312
2011-05-05 00:00:00+05:30,536.7872314453125
2011-05-06 00:00:00+05:30,526.9943237304688
2011-05-09 00:00:00+05:30,520.7702026367188
2011-05-10 00:00:00+05:30,518.2023315429688
2011-05-11 00:00:00+05:30,527.995361328125
2011-05-12 00:00:00+05:30,526.1671752929688
2011-05-13 00:00:00+05:30,532.130126953125
2011-05-16 00:00:00+05:30,521.2053833007812
2011-05-17 00:00:00+05:30,509.27984619140625
2011-05-18 00:00:00+05:30,488.301025390625
2011-05-19 00:00:00+05:30,481.2935791015625
2011-05-20 00:00:00+05:30,495.3519592285156
2011-05-23 00:00:00+05:30,477.2022705078125
2011-05-24 00:00:00+05:30,467.235107421875
2011-05-25 00:00:00+05:30,461.8816223144531
2011-05-26 00:00:00+05:30,466.7128601074219
2011-05-27 00:00:00+05:30,486.5165710449219
2011-05-30 00:00:00+05:30,483.6874694824219
2011-05-31 00:00:00+05:30,495.3519592285156
2011-06-01 00:00:00+05:30,504.4920959472656
2011-06-02 00:00:00+05:30,480.81475830078125
2011-06-03 00:00:00+05:30,484.9931640625
2011-06-06 00:00:00+05:30,479.7266540527344
2011-06-07 00:00:00+05:30,485.68951416015625
2011-06-08 00:00:00+05:30,484.6014099121094
2011-06-09 00:00:00+05:30,480.9454040527344
2011-06-10 00:00:00+05:30,473.8945007324219
2011-06-13 00:00:00+05:30,472.4145812988281
2011-06-14 00:00:00+05:30,483.8614196777344
2011-06-15 00:00:00+05:30,490.8689880371094
2011-06-16 00:00:00+05:30,500.09613037109375
2011-06-17 00:00:00+05:30,505.5802917480469
2011-06-20 00:00:00+05:30,474.3731689453125
2011-06-21 00:00:00+05:30,462.4039001464844
2011-06-22 00:00:00+05:30,460.01019287109375
2011-06-23 00:00:00+05:30,464.8847961425781
2011-06-24 00:00:00+05:30,461.8816223144531
2011-06-27 00:00:00+05:30,454.52606201171875
2011-06-28 00:00:00+05:30,454.7436218261719
2011-06-29 00:00:00+05:30,466.3211669921875
2011-06-30 00:00:00+05:30,465.7552795410156
2011-07-01 00:00:00+05:30,472.06634521484375
2011-07-04 00:00:00+05:30,503.2298889160156
2011-07-05 00:00:00+05:30,503.9698181152344
2011-07-06 00:00:00+05:30,500.3138427734375
2011-07-07 00:00:00+05:30,512.9793701171875
2011-07-08 00:00:00+05:30,507.190673828125
2011-07-11 00:00:00+05:30,505.8848876953125
2011-07-12 00:00:00+05:30,490.52069091796875
2011-07-13 00:00:00+05:30,499.7478332519531
2011-07-14 00:00:00+05:30,501.44537353515625
2011-07-15 00:00:00+05:30,495.613037109375
2011-07-18 00:00:00+05:30,499.2256164550781
2011-07-19 00:00:00+05:30,503.5345458984375
2011-07-20 00:00:00+05:30,497.70233154296875
2011-07-21 00:00:00+05:30,498.31170654296875
2011-07-22 00:00:00+05:30,505.23199462890625
2011-07-25 00:00:00+05:30,513.0228271484375
2011-07-26 00:00:00+05:30,501.1407165527344
2011-07-27 00:00:00+05:30,491.4346923828125
2011-07-28 00:00:00+05:30,472.9803771972656
2011-07-29 00:00:00+05:30,470.7606201171875
2011-08-01 00:00:00+05:30,477.3763732910156
2011-08-02 00:00:00+05:30,476.1141357421875
2011-08-03 00:00:00+05:30,488.301025390625
2011-08-04 00:00:00+05:30,492.4358825683594
2011-08-05 00:00:00+05:30,456.0494079589844
2011-08-08 00:00:00+05:30,428.2372131347656
2011-08-09 00:00:00+05:30,400.16400146484375
2011-08-10 00:00:00+05:30,410.6533203125
2011-08-11 00:00:00+05:30,420.9250793457031
2011-08-12 00:00:00+05:30,420.6639709472656
2011-08-16 00:00:00+05:30,396.7690124511719
2011-08-17 00:00:00+05:30,393.5917663574219
2011-08-18 00:00:00+05:30,393.5917663574219
2011-08-19 00:00:00+05:30,371.0895690917969
2011-08-22 00:00:00+05:30,395.028076171875
2011-08-23 00:00:00+05:30,392.02490234375
2011-08-24 00:00:00+05:30,391.4154968261719
2011-08-25 00:00:00+05:30,390.1968994140625
2011-08-26 00:00:00+05:30,362.16705322265625
2011-08-29 00:00:00+05:30,380.5344543457031
2011-08-30 00:00:00+05:30,379.8380126953125
2011-09-02 00:00:00+05:30,393.0694580078125
2011-09-05 00:00:00+05:30,414.5270690917969
2011-09-06 00:00:00+05:30,406.387939453125
2011-09-07 00:00:00+05:30,416.7032775878906
2011-09-08 00:00:00+05:30,424.7117004394531
2011-09-09 00:00:00+05:30,404.9951477050781
2011-09-12 00:00:00+05:30,386.23614501953125
2011-09-13 00:00:00+05:30,391.4154968261719
2011-09-14 00:00:00+05:30,396.7254943847656
2011-09-15 00:00:00+05:30,403.2262878417969
2011-09-16 00:00:00+05:30,410.3904724121094
2011-09-19 00:00:00+05:30,393.8952331542969
2011-09-20 00:00:00+05:30,405.21636962890625
2011-09-21 00:00:00+05:30,405.7028503417969
2011-09-22 00:00:00+05:30,383.635498046875
2011-09-23 00:00:00+05:30,378.9036560058594
2011-09-26 00:00:00+05:30,374.0832824707031
2011-09-27 00:00:00+05:30,380.6283264160156
2011-09-28 00:00:00+05:30,362.71795654296875
2011-09-29 00:00:00+05:30,356.7035827636719
2011-09-30 00:00:00+05:30,330.30242919921875
2011-10-03 00:00:00+05:30,334.19403076171875
2011-10-04 00:00:00+05:30,333.5749206542969
2011-10-05 00:00:00+05:30,333.3095703125
2011-10-07 00:00:00+05:30,345.3824768066406
2011-10-10 00:00:00+05:30,352.5908203125
2011-10-11 00:00:00+05:30,356.4382629394531
2011-10-12 00:00:00+05:30,368.4669494628906
2011-10-13 00:00:00+05:30,370.5011901855469
2011-10-14 00:00:00+05:30,375.3657531738281
2011-10-17 00:00:00+05:30,369.52825927734375
2011-10-18 00:00:00+05:30,360.1530456542969
2011-10-19 00:00:00+05:30,366.1231689453125
2011-10-20 00:00:00+05:30,358.56097412109375
2011-10-21 00:00:00+05:30,352.9446716308594
2011-10-24 00:00:00+05:30,359.9761047363281
2011-10-25 00:00:00+05:30,372.35858154296875
2011-10-28 00:00:00+05:30,410.78851318359375
2011-10-31 00:00:00+05:30,410.65582275390625
2011-11-01 00:00:00+05:30,394.8681640625
2011-11-02 00:00:00+05:30,403.7127990722656
2011-11-03 00:00:00+05:30,411.84979248046875
2011-11-04 00:00:00+05:30,404.19927978515625
2011-11-08 00:00:00+05:30,420.6502380371094
2011-11-09 00:00:00+05:30,414.6358947753906
2011-11-11 00:00:00+05:30,401.2804870605469
2011-11-14 00:00:00+05:30,373.0219421386719
2011-11-15 00:00:00+05:30,367.1402893066406
2011-11-16 00:00:00+05:30,365.10601806640625
2011-11-17 00:00:00+05:30,368.7765197753906
2011-11-18 00:00:00+05:30,363.9119873046875
2011-11-21 00:00:00+05:30,355.7306823730469
2011-11-22 00:00:00+05:30,360.99322509765625
2011-11-23 00:00:00+05:30,347.8590087890625
2011-11-24 00:00:00+05:30,350.910400390625
2011-11-25 00:00:00+05:30,350.33551025390625
2011-11-28 00:00:00+05:30,360.1972351074219
2011-11-29 00:00:00+05:30,362.5852966308594
2011-11-30 00:00:00+05:30,357.63232421875
2011-12-01 00:00:00+05:30,359.003173828125
2011-12-02 00:00:00+05:30,365.6366882324219
2011-12-05 00:00:00+05:30,362.36419677734375
2011-12-07 00:00:00+05:30,370.4570007324219
2011-12-08 00:00:00+05:30,352.6792907714844
2011-12-09 00:00:00+05:30,343.0828857421875
2011-12-12 00:00:00+05:30,340.8717346191406
2011-12-13 00:00:00+05:30,333.7518310546875
2011-12-14 00:00:00+05:30,320.7944641113281
2011-12-15 00:00:00+05:30,317.0797424316406
2011-12-16 00:00:00+05:30,309.1195068359375
2011-12-19 00:00:00+05:30,311.1537780761719
2011-12-20 00:00:00+05:30,306.6430358886719
2011-12-21 00:00:00+05:30,312.8785095214844
2011-12-22 00:00:00+05:30,318.6274719238281
2011-12-23 00:00:00+05:30,318.4064025878906
2011-12-26 00:00:00+05:30,325.0841064453125
2011-12-27 00:00:00+05:30,326.76458740234375
2011-12-28 00:00:00+05:30,317.1680908203125
2011-12-29 00:00:00+05:30,304.3876647949219
2011-12-30 00:00:00+05:30,301.4246826171875
2012-01-02 00:00:00+05:30,295.6756896972656
2012-01-03 00:00:00+05:30,311.197998046875
2012-01-04 00:00:00+05:30,317.7430419921875
2012-01-05 00:00:00+05:30,318.3621520996094
2012-01-06 00:00:00+05:30,334.63623046875
2012-01-09 00:00:00+05:30,335.5207824707031
2012-01-10 00:00:00+05:30,352.9888916015625
2012-01-11 00:00:00+05:30,357.8534240722656
2012-01-12 00:00:00+05:30,357.05743408203125
2012-01-13 00:00:00+05:30,363.3370361328125
2012-01-16 00:00:00+05:30,362.09881591796875
2012-01-17 00:00:00+05:30,379.0804748535156
2012-01-18 00:00:00+05:30,391.5514221191406
2012-01-19 00:00:00+05:30,429.4948425292969
2012-01-20 00:00:00+05:30,424.80718994140625
2012-01-23 00:00:00+05:30,416.7143859863281
2012-01-24 00:00:00+05:30,424.143798828125
2012-01-25 00:00:00+05:30,454.43670654296875
2012-01-27 00:00:00+05:30,468.67657470703125
2012-01-30 00:00:00+05:30,455.3211364746094
2012-01-31 00:00:00+05:30,473.9390563964844
2012-02-01 00:00:00+05:30,486.71954345703125
2012-02-02 00:00:00+05:30,490.3458251953125
2012-02-03 00:00:00+05:30,492.6896667480469
2012-02-06 00:00:00+05:30,485.7466735839844
2012-02-07 00:00:00+05:30,488.3115539550781
2012-02-08 00:00:00+05:30,522.4960327148438
2012-02-09 00:00:00+05:30,524.3534545898438
2012-02-10 00:00:00+05:30,506.3104248046875
2012-02-13 00:00:00+05:30,532.1366577148438
2012-02-14 00:00:00+05:30,544.6959838867188
2012-02-15 00:00:00+05:30,554.2039794921875
2012-02-16 00:00:00+05:30,558.18408203125
2012-02-17 00:00:00+05:30,546.0669555664062
2012-02-21 00:00:00+05:30,566.0999755859375
2012-02-22 00:00:00+05:30,543.2366943359375
2012-02-23 00:00:00+05:30,532.3135986328125
2012-02-24 00:00:00+05:30,517.0123291015625
2012-02-27 00:00:00+05:30,478.67095947265625
2012-02-28 00:00:00+05:30,532.2693481445312
2012-02-29 00:00:00+05:30,525.2822265625
2012-03-01 00:00:00+05:30,539.6988525390625
2012-03-02 00:00:00+05:30,544.1211547851562
2012-03-05 00:00:00+05:30,581.5781860351562
2012-03-06 00:00:00+05:30,546.9072875976562
2012-03-07 00:00:00+05:30,556.1055908203125
2012-03-09 00:00:00+05:30,565.5693969726562
2012-03-12 00:00:00+05:30,577.730712890625
2012-03-13 00:00:00+05:30,574.8561401367188
2012-03-14 00:00:00+05:30,581.4012451171875
2012-03-15 00:00:00+05:30,561.5892944335938
2012-03-16 00:00:00+05:30,559.8203735351562
2012-03-19 00:00:00+05:30,525.2822265625
2012-03-20 00:00:00+05:30,525.0609741210938
2012-03-21 00:00:00+05:30,548.8529663085938
2012-03-22 00:00:00+05:30,518.5601806640625
2012-03-23 00:00:00+05:30,526.2108154296875
2012-03-26 00:00:00+05:30,515.243408203125
2012-03-27 00:00:00+05:30,514.447509765625
2012-03-28 00:00:00+05:30,502.418701171875
2012-03-29 00:00:00+05:30,501.932373046875
2012-03-30 00:00:00+05:30,519.400390625
2012-04-02 00:00:00+05:30,542.396484375
2012-04-03 00:00:00+05:30,542.440673828125
2012-04-04 00:00:00+05:30,531.1637573242188
2012-04-09 00:00:00+05:30,513.3419189453125
2012-04-10 00:00:00+05:30,506.7968444824219
2012-04-11 00:00:00+05:30,487.16180419921875
2012-04-12 00:00:00+05:30,489.6382751464844
2012-04-13 00:00:00+05:30,482.91632080078125
2012-04-16 00:00:00+05:30,487.29449462890625
2012-04-17 00:00:00+05:30,518.0294799804688
2012-04-18 00:00:00+05:30,512.7669067382812
2012-04-19 00:00:00+05:30,500.87091064453125
2012-04-20 00:00:00+05:30,489.815185546875
2012-04-23 00:00:00+05:30,466.6422424316406
2012-04-24 00:00:00+05:30,472.7892761230469
2012-04-25 00:00:00+05:30,465.44818115234375
2012-04-26 00:00:00+05:30,456.24981689453125
2012-04-27 00:00:00+05:30,451.9159851074219
2012-04-30 00:00:00+05:30,466.730712890625
2012-05-02 00:00:00+05:30,463.7235412597656
2012-05-03 00:00:00+05:30,454.92315673828125
2012-05-04 00:00:00+05:30,437.4107360839844
2012-05-07 00:00:00+05:30,453.24267578125
2012-05-08 00:00:00+05:30,432.2808837890625
2012-05-09 00:00:00+05:30,419.5888977050781
2012-05-10 00:00:00+05:30,420.3406982421875
2012-05-11 00:00:00+05:30,418.39483642578125
2012-05-14 00:00:00+05:30,407.6044006347656
2012-05-15 00:00:00+05:30,414.6358947753906
2012-05-16 00:00:00+05:30,399.8211364746094
2012-05-17 00:00:00+05:30,386.9964294433594
2012-05-18 00:00:00+05:30,386.3331298828125
2012-05-21 00:00:00+05:30,401.36895751953125
2012-05-22 00:00:00+05:30,391.59564208984375
2012-05-23 00:00:00+05:30,387.5713806152344
2012-05-24 00:00:00+05:30,402.209228515625
2012-05-25 00:00:00+05:30,409.9482421875
2012-05-28 00:00:00+05:30,419.1908874511719
2012-05-29 00:00:00+05:30,418.0853271484375
2012-05-30 00:00:00+05:30,402.65142822265625
2012-05-31 00:00:00+05:30,397.0350341796875
2012-06-01 00:00:00+05:30,380.4956359863281
2012-06-04 00:00:00+05:30,387.26177978515625
2012-06-05 00:00:00+05:30,398.1406555175781
2012-06-06 00:00:00+05:30,416.3163757324219
2012-06-07 00:00:00+05:30,427.4605712890625
2012-06-08 00:00:00+05:30,445.32672119140625
2012-06-11 00:00:00+05:30,451.3852844238281
2012-06-12 00:00:00+05:30,462.7506408691406
2012-06-13 00:00:00+05:30,457.3111877441406
2012-06-14 00:00:00+05:30,442.27532958984375
2012-06-15 00:00:00+05:30,460.5837097167969
2012-06-18 00:00:00+05:30,444.884521484375
2012-06-19 00:00:00+05:30,447.2725830078125
2012-06-20 00:00:00+05:30,455.453857421875
2012-06-21 00:00:00+05:30,473.09881591796875
2012-06-22 00:00:00+05:30,475.1330871582031
2012-06-25 00:00:00+05:30,468.4554443359375
2012-06-26 00:00:00+05:30,472.3028564453125
2012-06-27 00:00:00+05:30,481.85504150390625
2012-06-28 00:00:00+05:30,473.80645751953125
2012-06-29 00:00:00+05:30,493.75103759765625
2012-07-02 00:00:00+05:30,492.380126953125
2012-07-03 00:00:00+05:30,499.2789306640625
2012-07-04 00:00:00+05:30,506.5314636230469
2012-07-05 00:00:00+05:30,508.6099853515625
2012-07-06 00:00:00+05:30,504.895263671875
2012-07-09 00:00:00+05:30,487.4713134765625
2012-07-10 00:00:00+05:30,503.48016357421875
2012-07-11 00:00:00+05:30,491.3187561035156
2012-07-12 00:00:00+05:30,489.68255615234375
2012-07-13 00:00:00+05:30,483.6680908203125
2012-07-16 00:00:00+05:30,472.87774658203125
2012-07-17 00:00:00+05:30,457.8860778808594
2012-07-18 00:00:00+05:30,467.65936279296875
2012-07-19 00:00:00+05:30,467.3498229980469
2012-07-20 00:00:00+05:30,465.3155212402344
2012-07-23 00:00:00+05:30,447.7148132324219
2012-07-24 00:00:00+05:30,449.7490234375
2012-07-25 00:00:00+05:30,435.9514465332031
2012-07-26 00:00:00+05:30,421.40203857421875
2012-07-27 00:00:00+05:30,419.4562072753906
2012-07-30 00:00:00+05:30,442.1426696777344
2012-07-31 00:00:00+05:30,437.4992370605469
2012-08-01 00:00:00+05:30,450.19122314453125
2012-08-02 00:00:00+05:30,451.3852844238281
2012-08-03 00:00:00+05:30,445.7690124511719
2012-08-06 00:00:00+05:30,454.92315673828125
2012-08-07 00:00:00+05:30,460.3625793457031
2012-08-08 00:00:00+05:30,456.6920471191406
2012-08-09 00:00:00+05:30,454.83465576171875
2012-08-10 00:00:00+05:30,446.38812255859375
2012-08-13 00:00:00+05:30,460.8489990234375
2012-08-14 00:00:00+05:30,467.6152038574219
2012-08-16 00:00:00+05:30,466.77496337890625
2012-08-17 00:00:00+05:30,451.5179443359375
2012-08-21 00:00:00+05:30,455.1441955566406
2012-08-22 00:00:00+05:30,451.2968444824219
2012-08-23 00:00:00+05:30,449.7265930175781
2012-08-24 00:00:00+05:30,436.67083740234375
2012-08-27 00:00:00+05:30,423.70489501953125
2012-08-28 00:00:00+05:30,418.4556884765625
2012-08-29 00:00:00+05:30,409.3929443359375
2012-08-30 00:00:00+05:30,404.3232421875
2012-08-31 00:00:00+05:30,398.4907531738281
2012-09-03 00:00:00+05:30,394.2286071777344
2012-09-04 00:00:00+05:30,400.28533935546875
2012-09-05 00:00:00+05:30,399.25347900390625
2012-09-06 00:00:00+05:30,397.01025390625
2012-09-07 00:00:00+05:30,405.89349365234375
2012-09-10 00:00:00+05:30,409.84161376953125
2012-09-11 00:00:00+05:30,410.2005310058594
2012-09-12 00:00:00+05:30,404.4577941894531
2012-09-13 00:00:00+05:30,409.8864440917969
2012-09-14 00:00:00+05:30,422.6729736328125
2012-09-17 00:00:00+05:30,455.6038818359375
2012-09-18 00:00:00+05:30,459.37255859375
2012-09-20 00:00:00+05:30,444.8811340332031
2012-09-21 00:00:00+05:30,488.17578125
2012-09-24 00:00:00+05:30,503.0261535644531
2012-09-25 00:00:00+05:30,501.14190673828125
2012-09-26 00:00:00+05:30,495.8477478027344
2012-09-27 00:00:00+05:30,489.3872375488281
2012-09-28 00:00:00+05:30,482.3882141113281
2012-10-01 00:00:00+05:30,496.3412780761719
2012-10-03 00:00:00+05:30,492.9314880371094
2012-10-04 00:00:00+05:30,499.0331726074219
2012-10-05 00:00:00+05:30,486.3364562988281
2012-10-08 00:00:00+05:30,465.74334716796875
2012-10-09 00:00:00+05:30,465.9228515625
2012-10-10 00:00:00+05:30,452.8671569824219
2012-10-11 00:00:00+05:30,464.53204345703125
2012-10-12 00:00:00+05:30,461.6158142089844
2012-10-15 00:00:00+05:30,463.5001220703125
2012-10-16 00:00:00+05:30,452.239013671875
2012-10-17 00:00:00+05:30,452.46331787109375
2012-10-18 00:00:00+05:30,463.72442626953125
2012-10-19 00:00:00+05:30,455.8730773925781
2012-10-22 00:00:00+05:30,459.59686279296875
2012-10-23 00:00:00+05:30,455.3346862792969
2012-10-25 00:00:00+05:30,448.33575439453125
2012-10-29 00:00:00+05:30,443.5351867675781
2012-10-30 00:00:00+05:30,431.8254089355469
2012-10-31 00:00:00+05:30,421.2821960449219
2012-11-01 00:00:00+05:30,432.4086608886719
2012-11-02 00:00:00+05:30,436.7606201171875
2012-11-05 00:00:00+05:30,437.5232849121094
2012-11-06 00:00:00+05:30,429.58221435546875
2012-11-07 00:00:00+05:30,435.23516845703125
2012-11-08 00:00:00+05:30,427.4287109375
2012-11-09 00:00:00+05:30,422.6729736328125
2012-11-12 00:00:00+05:30,425.1854248046875
2012-11-15 00:00:00+05:30,425.63409423828125
2012-11-16 00:00:00+05:30,414.82159423828125
2012-11-19 00:00:00+05:30,411.6810607910156
2012-11-20 00:00:00+05:30,403.7399597167969
2012-11-21 00:00:00+05:30,408.09185791015625
2012-11-22 00:00:00+05:30,412.8924255371094
2012-11-23 00:00:00+05:30,409.0788879394531
2012-11-26 00:00:00+05:30,410.7389221191406
2012-11-27 00:00:00+05:30,422.6281433105469
2012-11-29 00:00:00+05:30,427.3837890625
2012-11-30 00:00:00+05:30,435.45947265625
2012-12-03 00:00:00+05:30,438.51031494140625
2012-12-04 00:00:00+05:30,447.03466796875
2012-12-05 00:00:00+05:30,449.2330627441406
2012-12-06 00:00:00+05:30,459.68658447265625
2012-12-07 00:00:00+05:30,454.97576904296875
2012-12-10 00:00:00+05:30,465.2947082519531
2012-12-11 00:00:00+05:30,464.0833740234375
2012-12-12 00:00:00+05:30,472.3833923339844
2012-12-13 00:00:00+05:30,462.19903564453125
2012-12-14 00:00:00+05:30,467.62774658203125
2012-12-17 00:00:00+05:30,462.5579833984375
2012-12-18 00:00:00+05:30,469.42230224609375
2012-12-19 00:00:00+05:30,472.2038879394531
2012-12-20 00:00:00+05:30,468.92877197265625
2012-12-21 00:00:00+05:30,461.43634033203125
2012-12-24 00:00:00+05:30,464.12823486328125
2012-12-26 00:00:00+05:30,467.62774658203125
2012-12-27 00:00:00+05:30,462.5579833984375
2012-12-28 00:00:00+05:30,463.9487609863281
2012-12-31 00:00:00+05:30,467.0892639160156
2013-01-01 00:00:00+05:30,488.2655944824219
2013-01-02 00:00:00+05:30,487.5477294921875
2013-01-03 00:00:00+05:30,489.9255676269531
2013-01-04 00:00:00+05:30,491.00238037109375
2013-01-07 00:00:00+05:30,494.3672790527344
2013-01-08 00:00:00+05:30,508.8586120605469
2013-01-09 00:00:00+05:30,502.8017578125
2013-01-10 00:00:00+05:30,507.5574951171875
2013-01-11 00:00:00+05:30,491.6304931640625
2013-01-14 00:00:00+05:30,501.18670654296875
2013-01-15 00:00:00+05:30,498.00128173828125
2013-01-16 00:00:00+05:30,480.7731018066406
2013-01-17 00:00:00+05:30,472.1590881347656
2013-01-18 00:00:00+05:30,473.1460876464844
2013-01-21 00:00:00+05:30,492.1688537597656
2013-01-22 00:00:00+05:30,485.03533935546875
2013-01-23 00:00:00+05:30,479.4272155761719
2013-01-24 00:00:00+05:30,464.8909606933594
2013-01-25 00:00:00+05:30,484.67645263671875
2013-01-28 00:00:00+05:30,474.8061218261719
2013-01-29 00:00:00+05:30,465.2947082519531
2013-01-30 00:00:00+05:30,465.1601257324219
2013-01-31 00:00:00+05:30,462.5579833984375
2013-02-01 00:00:00+05:30,463.6795959472656
2013-02-04 00:00:00+05:30,462.1541748046875
2013-02-05 00:00:00+05:30,464.3974304199219
2013-02-06 00:00:00+05:30,468.16607666015625
2013-02-07 00:00:00+05:30,448.784423828125
2013-02-08 00:00:00+05:30,437.4784240722656
2013-02-11 00:00:00+05:30,444.4324951171875
2013-02-12 00:00:00+05:30,445.4195251464844
2013-02-13 00:00:00+05:30,430.4795227050781
2013-02-14 00:00:00+05:30,422.1794738769531
2013-02-15 00:00:00+05:30,426.4416198730469
2013-02-18 00:00:00+05:30,436.446533203125
2013-02-19 00:00:00+05:30,441.5611572265625
2013-02-20 00:00:00+05:30,440.5740966796875
2013-02-21 00:00:00+05:30,424.69189453125
2013-02-22 00:00:00+05:30,427.5632629394531
2013-02-25 00:00:00+05:30,422.5383605957031
2013-02-26 00:00:00+05:30,410.3351135253906
2013-02-27 00:00:00+05:30,414.4178161621094
2013-02-28 00:00:00+05:30,375.96856689453125
2013-03-01 00:00:00+05:30,388.75506591796875
2013-03-04 00:00:00+05:30,375.5647277832031
2013-03-05 00:00:00+05:30,382.159912109375
2013-03-06 00:00:00+05:30,387.0501708984375
2013-03-07 00:00:00+05:30,384.6274719238281
2013-03-08 00:00:00+05:30,388.5755615234375
2013-03-11 00:00:00+05:30,385.30047607421875
2013-03-12 00:00:00+05:30,381.935546875
2013-03-13 00:00:00+05:30,378.6604919433594
2013-03-14 00:00:00+05:30,385.88372802734375
2013-03-15 00:00:00+05:30,376.8658447265625
2013-03-18 00:00:00+05:30,369.642578125
2013-03-19 00:00:00+05:30,355.1063232421875
2013-03-20 00:00:00+05:30,322.2651672363281
2013-03-21 00:00:00+05:30,302.3899230957031
2013-03-22 00:00:00+05:30,307.6840515136719
2013-03-25 00:00:00+05:30,309.0748596191406
2013-03-26 00:00:00+05:30,290.2315979003906
2013-03-28 00:00:00+05:30,291.1288757324219
2013-04-01 00:00:00+05:30,303.9602355957031
2013-04-02 00:00:00+05:30,315.535400390625
2013-04-03 00:00:00+05:30,308.3121337890625
2013-04-04 00:00:00+05:30,295.34619140625
2013-04-05 00:00:00+05:30,296.8266906738281
2013-04-08 00:00:00+05:30,306.517578125
2013-04-09 00:00:00+05:30,295.0321044921875
2013-04-10 00:00:00+05:30,308.85052490234375
2013-04-11 00:00:00+05:30,305.39593505859375
2013-04-12 00:00:00+05:30,311.4975891113281
2013-04-15 00:00:00+05:30,319.2143249511719
2013-04-16 00:00:00+05:30,329.4435119628906
2013-04-17 00:00:00+05:30,320.4705505371094
2013-04-18 00:00:00+05:30,327.2900390625
2013-04-22 00:00:00+05:30,343.1722717285156
2013-04-23 00:00:00+05:30,340.03167724609375
2013-04-25 00:00:00+05:30,338.0576477050781
2013-04-26 00:00:00+05:30,328.8154602050781
2013-04-29 00:00:00+05:30,342.9927673339844
2013-04-30 00:00:00+05:30,336.6219482421875
2013-05-02 00:00:00+05:30,349.67767333984375
2013-05-03 00:00:00+05:30,350.79925537109375
2013-05-06 00:00:00+05:30,358.2020263671875
2013-05-07 00:00:00+05:30,360.3555908203125
2013-05-08 00:00:00+05:30,356.8111877441406
2013-05-09 00:00:00+05:30,361.52203369140625
2013-05-10 00:00:00+05:30,364.7522888183594
2013-05-13 00:00:00+05:30,347.56903076171875
2013-05-14 00:00:00+05:30,349.1393127441406
2013-05-15 00:00:00+05:30,365.9187927246094
2013-05-16 00:00:00+05:30,373.9944763183594
2013-05-17 00:00:00+05:30,382.8328552246094
2013-05-20 00:00:00+05:30,380.9934387207031
2013-05-21 00:00:00+05:30,372.6485290527344
2013-05-22 00:00:00+05:30,366.3225402832031
2013-05-23 00:00:00+05:30,328.95001220703125
2013-05-24 00:00:00+05:30,337.51922607421875
2013-05-27 00:00:00+05:30,345.8193054199219
2013-05-28 00:00:00+05:30,349.587890625
2013-05-29 00:00:00+05:30,347.4344177246094
2013-05-30 00:00:00+05:30,342.8581848144531
2013-05-31 00:00:00+05:30,324.2392272949219
2013-06-03 00:00:00+05:30,330.8792419433594
2013-06-04 00:00:00+05:30,330.11651611328125
2013-06-05 00:00:00+05:30,334.5133056640625
2013-06-06 00:00:00+05:30,343.0376281738281
2013-06-07 00:00:00+05:30,338.5511474609375
2013-06-10 00:00:00+05:30,333.4365539550781
2013-06-11 00:00:00+05:30,322.3548889160156
2013-06-12 00:00:00+05:30,309.16455078125
2013-06-13 00:00:00+05:30,308.26727294921875
2013-06-14 00:00:00+05:30,320.5602722167969
2013-06-17 00:00:00+05:30,324.73272705078125
2013-06-18 00:00:00+05:30,325.2262268066406
2013-06-19 00:00:00+05:30,326.25811767578125
2013-06-20 00:00:00+05:30,304.947265625
2013-06-21 00:00:00+05:30,297.8586120605469
2013-06-24 00:00:00+05:30,288.2575378417969
2013-06-25 00:00:00+05:30,296.7818603515625
2013-06-26 00:00:00+05:30,294.9424133300781
2013-06-27 00:00:00+05:30,295.2564392089844
2013-06-28 00:00:00+05:30,313.3370056152344
2013-07-01 00:00:00+05:30,328.86029052734375
2013-07-02 00:00:00+05:30,320.73974609375
2013-07-03 00:00:00+05:30,311.3629455566406
2013-07-04 00:00:00+05:30,322.6689147949219
2013-07-05 00:00:00+05:30,323.252197265625
2013-07-08 00:00:00+05:30,330.8343811035156
2013-07-09 00:00:00+05:30,340.3457336425781
2013-07-10 00:00:00+05:30,336.8013916015625
2013-07-11 00:00:00+05:30,342.7236022949219
2013-07-12 00:00:00+05:30,346.0435791015625
2013-07-15 00:00:00+05:30,349.99169921875
2013-07-16 00:00:00+05:30,335.32086181640625
2013-07-17 00:00:00+05:30,330.6997985839844
2013-07-18 00:00:00+05:30,345.90899658203125
2013-07-19 00:00:00+05:30,348.24200439453125
2013-07-22 00:00:00+05:30,346.98577880859375
2013-07-23 00:00:00+05:30,355.6895751953125
2013-07-24 00:00:00+05:30,344.7873840332031
2013-07-25 00:00:00+05:30,338.68572998046875
2013-07-26 00:00:00+05:30,333.3019714355469
2013-07-29 00:00:00+05:30,325.09161376953125
2013-07-30 00:00:00+05:30,302.5694274902344
2013-07-31 00:00:00+05:30,306.4278259277344
2013-08-01 00:00:00+05:30,296.0639953613281
2013-08-02 00:00:00+05:30,279.77801513671875
2013-08-05 00:00:00+05:30,291.2185363769531
2013-08-06 00:00:00+05:30,288.34722900390625
2013-08-07 00:00:00+05:30,300.28131103515625
2013-08-08 00:00:00+05:30,310.19647216796875
2013-08-12 00:00:00+05:30,314.3689270019531
2013-08-13 00:00:00+05:30,325.5402526855469
2013-08-14 00:00:00+05:30,327.5096435546875
2013-08-16 00:00:00+05:30,298.060791015625
2013-08-19 00:00:00+05:30,305.48028564453125
2013-08-20 00:00:00+05:30,306.2130432128906
2013-08-21 00:00:00+05:30,290.183349609375
2013-08-22 00:00:00+05:30,316.1972351074219
2013-08-23 00:00:00+05:30,327.3264465332031
2013-08-26 00:00:00+05:30,323.1129455566406
2013-08-27 00:00:00+05:30,303.5108947753906
2013-08-28 00:00:00+05:30,306.9000549316406
2013-08-29 00:00:00+05:30,311.4341735839844
2013-08-30 00:00:00+05:30,313.5408935546875
2013-09-02 00:00:00+05:30,321.8763732910156
2013-09-03 00:00:00+05:30,301.449951171875
2013-09-04 00:00:00+05:30,307.4954528808594
2013-09-05 00:00:00+05:30,323.0671691894531
2013-09-06 00:00:00+05:30,335.24969482421875
2013-09-10 00:00:00+05:30,341.0204162597656
2013-09-11 00:00:00+05:30,347.47808837890625
2013-09-12 00:00:00+05:30,342.3943786621094
2013-09-13 00:00:00+05:30,355.0807189941406
2013-09-16 00:00:00+05:30,348.4856872558594
2013-09-17 00:00:00+05:30,347.386474609375
2013-09-18 00:00:00+05:30,345.9209289550781
2013-09-19 00:00:00+05:30,363.8741760253906
2013-09-20 00:00:00+05:30,375.6903381347656
2013-09-23 00:00:00+05:30,374.72857666015625
2013-09-24 00:00:00+05:30,375.5987243652344
2013-09-25 00:00:00+05:30,373.81256103515625
2013-09-26 00:00:00+05:30,368.1793212890625
2013-09-27 00:00:00+05:30,359.3858642578125
2013-09-30 00:00:00+05:30,339.3716125488281
2013-10-01 00:00:00+05:30,344.31793212890625
2013-10-03 00:00:00+05:30,355.721923828125
2013-10-04 00:00:00+05:30,360.1186828613281
2013-10-07 00:00:00+05:30,362.2253723144531
2013-10-08 00:00:00+05:30,369.1410827636719
2013-10-09 00:00:00+05:30,378.255126953125
2013-10-10 00:00:00+05:30,377.9344787597656
2013-10-11 00:00:00+05:30,374.49957275390625
2013-10-14 00:00:00+05:30,382.4685974121094
2013-10-15 00:00:00+05:30,376.3315734863281
2013-10-17 00:00:00+05:30,374.49957275390625
2013-10-18 00:00:00+05:30,385.3081359863281
2013-10-21 00:00:00+05:30,395.9794006347656
2013-10-22 00:00:00+05:30,400.1470947265625
2013-10-23 00:00:00+05:30,391.1246643066406
2013-10-24 00:00:00+05:30,391.765869140625
2013-10-25 00:00:00+05:30,386.4073486328125
2013-10-28 00:00:00+05:30,379.1711120605469
2013-10-29 00:00:00+05:30,392.8650207519531
2013-10-30 00:00:00+05:30,393.1856384277344
2013-10-31 00:00:00+05:30,395.5213623046875
2013-11-01 00:00:00+05:30,415.6730041503906
2013-11-05 00:00:00+05:30,418.97052001953125
2013-11-06 00:00:00+05:30,408.7573547363281
2013-11-07 00:00:00+05:30,401.47528076171875
2013-11-08 00:00:00+05:30,413.8410339355469
2013-11-11 00:00:00+05:30,404.7727966308594
2013-11-12 00:00:00+05:30,384.8044128417969
2013-11-13 00:00:00+05:30,370.83563232421875
2013-11-14 00:00:00+05:30,378.71307373046875
2013-11-18 00:00:00+05:30,391.3994445800781
2013-11-19 00:00:00+05:30,384.07159423828125
2013-11-20 00:00:00+05:30,382.743408203125
2013-11-21 00:00:00+05:30,374.95758056640625
2013-11-22 00:00:00+05:30,367.4923400878906
2013-11-25 00:00:00+05:30,376.1483154296875
2013-11-26 00:00:00+05:30,372.3470458984375
2013-11-27 00:00:00+05:30,372.53021240234375
2013-11-28 00:00:00+05:30,378.43829345703125
2013-11-29 00:00:00+05:30,394.1932067871094
2013-12-02 00:00:00+05:30,395.70458984375
2013-12-03 00:00:00+05:30,394.1932067871094
2013-12-04 00:00:00+05:30,389.3843078613281
2013-12-05 00:00:00+05:30,400.69671630859375
2013-12-06 00:00:00+05:30,401.6584777832031
2013-12-09 00:00:00+05:30,410.2686767578125
2013-12-10 00:00:00+05:30,402.02484130859375
2013-12-11 00:00:00+05:30,399.32275390625
2013-12-12 00:00:00+05:30,401.6584777832031
2013-12-13 00:00:00+05:30,384.8044128417969
2013-12-16 00:00:00+05:30,384.0257873535156
2013-12-17 00:00:00+05:30,377.43072509765625
2013-12-18 00:00:00+05:30,392.6818542480469
2013-12-19 00:00:00+05:30,378.5299072265625
2013-12-20 00:00:00+05:30,392.08642578125
2013-12-23 00:00:00+05:30,394.2848205566406
2013-12-24 00:00:00+05:30,398.4067687988281
2013-12-26 00:00:00+05:30,391.21624755859375
2013-12-27 00:00:00+05:30,394.60540771484375
2013-12-30 00:00:00+05:30,388.8804931640625
2013-12-31 00:00:00+05:30,389.97967529296875
2014-01-01 00:00:00+05:30,396.9869384765625
2014-01-02 00:00:00+05:30,381.9190673828125
2014-01-03 00:00:00+05:30,378.71307373046875
2014-01-06 00:00:00+05:30,376.9269104003906
2014-01-07 00:00:00+05:30,370.6066589355469
2014-01-08 00:00:00+05:30,375.094970703125
2014-01-09 00:00:00+05:30,368.68304443359375
2014-01-10 00:00:00+05:30,364.5611267089844
2014-01-13 00:00:00+05:30,368.68304443359375
2014-01-14 00:00:00+05:30,367.217529296875
2014-01-15 00:00:00+05:30,372.0263977050781
2014-01-16 00:00:00+05:30,367.1717224121094
2014-01-17 00:00:00+05:30,366.988525390625
2014-01-20 00:00:00+05:30,367.6755065917969
2014-01-21 00:00:00+05:30,370.3318786621094
2014-01-22 00:00:00+05:30,378.43829345703125
2014-01-23 00:00:00+05:30,374.1789855957031
2014-01-24 00:00:00+05:30,365.1565246582031
2014-01-27 00:00:00+05:30,346.05828857421875
2014-01-28 00:00:00+05:30,343.31036376953125
2014-01-29 00:00:00+05:30,333.5551452636719
2014-01-30 00:00:00+05:30,333.2344970703125
2014-01-31 00:00:00+05:30,341.11199951171875
2014-02-03 00:00:00+05:30,331.402587890625
2014-02-04 00:00:00+05:30,333.0971374511719
2014-02-05 00:00:00+05:30,329.0210266113281
2014-02-06 00:00:00+05:30,331.4483642578125
2014-02-07 00:00:00+05:30,338.2724304199219
2014-02-10 00:00:00+05:30,335.70770263671875
2014-02-11 00:00:00+05:30,328.33404541015625
2014-02-12 00:00:00+05:30,328.05926513671875
2014-02-13 00:00:00+05:30,325.5402526855469
2014-02-14 00:00:00+05:30,328.60882568359375
2014-02-17 00:00:00+05:30,327.2806701660156
2014-02-18 00:00:00+05:30,339.6006164550781
2014-02-19 00:00:00+05:30,339.6006164550781
2014-02-20 00:00:00+05:30,333.2803955078125
2014-02-21 00:00:00+05:30,333.6009521484375
2014-02-24 00:00:00+05:30,333.5551452636719
2014-02-25 00:00:00+05:30,330.57818603515625
2014-02-26 00:00:00+05:30,330.6697692871094
2014-02-28 00:00:00+05:30,332.41015625
2014-03-03 00:00:00+05:30,324.76165771484375
2014-03-04 00:00:00+05:30,331.53997802734375
2014-03-05 00:00:00+05:30,331.9521789550781
2014-03-06 00:00:00+05:30,364.8359680175781
2014-03-07 00:00:00+05:30,367.0343017578125
2014-03-10 00:00:00+05:30,370.3318786621094
2014-03-11 00:00:00+05:30,388.1019287109375
2014-03-12 00:00:00+05:30,380.63665771484375
2014-03-13 00:00:00+05:30,370.9272766113281
2014-03-14 00:00:00+05:30,374.08740234375
2014-03-18 00:00:00+05:30,372.9423828125
2014-03-19 00:00:00+05:30,380.5908508300781
2014-03-20 00:00:00+05:30,372.8507995605469
2014-03-21 00:00:00+05:30,374.22479248046875
2014-03-24 00:00:00+05:30,379.62908935546875
2014-03-25 00:00:00+05:30,386.6821594238281
2014-03-26 00:00:00+05:30,387.27752685546875
2014-03-27 00:00:00+05:30,385.6287536621094
2014-03-28 00:00:00+05:30,398.6814880371094
2014-03-31 00:00:00+05:30,397.2159118652344
2014-04-01 00:00:00+05:30,397.628173828125
2014-04-02 00:00:00+05:30,414.29901123046875
2014-04-03 00:00:00+05:30,409.62750244140625
2014-04-04 00:00:00+05:30,417.642333984375
2014-04-07 00:00:00+05:30,413.7952575683594
2014-04-09 00:00:00+05:30,423.82525634765625
2014-04-10 00:00:00+05:30,460.9225769042969
2014-04-11 00:00:00+05:30,462.5712890625
2014-04-15 00:00:00+05:30,458.6325988769531
2014-04-16 00:00:00+05:30,462.2049255371094
2014-04-17 00:00:00+05:30,478.2345886230469
2014-04-21 00:00:00+05:30,487.5318603515625
2014-04-22 00:00:00+05:30,483.4099426269531
2014-04-23 00:00:00+05:30,478.37200927734375
2014-04-24 00:00:00+05:30,478.37200927734375
2014-04-25 00:00:00+05:30,479.1048278808594
2014-04-28 00:00:00+05:30,479.74603271484375
2014-04-29 00:00:00+05:30,486.3410949707031
2014-04-30 00:00:00+05:30,465.8688659667969
2014-05-02 00:00:00+05:30,475.2119140625
2014-05-05 00:00:00+05:30,475.4866638183594
2014-05-06 00:00:00+05:30,469.8533935546875
2014-05-07 00:00:00+05:30,469.1206359863281
2014-05-08 00:00:00+05:30,470.90673828125
2014-05-09 00:00:00+05:30,498.5694274902344
2014-05-12 00:00:00+05:30,511.75958251953125
2014-05-13 00:00:00+05:30,539.1475219726562
2014-05-14 00:00:00+05:30,540.5672607421875
2014-05-15 00:00:00+05:30,536.7201538085938
2014-05-16 00:00:00+05:30,573.63427734375
2014-05-19 00:00:00+05:30,670.1329345703125
2014-05-20 00:00:00+05:30,651.53857421875
2014-05-21 00:00:00+05:30,637.1575927734375
2014-05-22 00:00:00+05:30,651.7218017578125
2014-05-23 00:00:00+05:30,666.6064453125
2014-05-26 00:00:00+05:30,645.126708984375
2014-05-27 00:00:00+05:30,638.6690063476562
2014-05-28 00:00:00+05:30,641.2337646484375
2014-05-29 00:00:00+05:30,623.6468505859375
2014-05-30 00:00:00+05:30,632.760986328125
2014-06-02 00:00:00+05:30,666.560791015625
2014-06-03 00:00:00+05:30,660.10302734375
2014-06-04 00:00:00+05:30,671.0032958984375
2014-06-05 00:00:00+05:30,715.6574096679688
2014-06-06 00:00:00+05:30,720.7410888671875
2014-06-09 00:00:00+05:30,740.8011474609375
2014-06-10 00:00:00+05:30,742.0835571289062
2014-06-11 00:00:00+05:30,716.39013671875
2014-06-12 00:00:00+05:30,711.5812377929688
2014-06-13 00:00:00+05:30,679.88818359375
2014-06-16 00:00:00+05:30,688.819091796875
2014-06-17 00:00:00+05:30,704.0243530273438
2014-06-18 00:00:00+05:30,685.9796142578125
2014-06-19 00:00:00+05:30,673.7511596679688
2014-06-20 00:00:00+05:30,665.5989379882812
2014-06-23 00:00:00+05:30,646.9586181640625
2014-06-24 00:00:00+05:30,668.4842529296875
2014-06-25 00:00:00+05:30,678.8347778320312
2014-06-26 00:00:00+05:30,658.7290649414062
2014-06-27 00:00:00+05:30,672.6519775390625
2014-06-30 00:00:00+05:30,708.5127563476562
2014-07-01 00:00:00+05:30,709.4287109375
2014-07-02 00:00:00+05:30,721.0159301757812
2014-07-03 00:00:00+05:30,727.9315185546875
2014-07-04 00:00:00+05:30,725.3668212890625
2014-07-07 00:00:00+05:30,734.43505859375
2014-07-08 00:00:00+05:30,686.4376220703125
2014-07-09 00:00:00+05:30,686.8497314453125
2014-07-10 00:00:00+05:30,700.6810913085938
2014-07-11 00:00:00+05:30,658.27099609375
2014-07-14 00:00:00+05:30,657.9961547851562
2014-07-15 00:00:00+05:30,700.314697265625
2014-07-16 00:00:00+05:30,714.6497802734375
2014-07-17 00:00:00+05:30,720.7410888671875
2014-07-18 00:00:00+05:30,702.329833984375
2014-07-21 00:00:00+05:30,702.1008911132812
2014-07-22 00:00:00+05:30,693.124267578125
2014-07-23 00:00:00+05:30,689.2770385742188
2014-07-24 00:00:00+05:30,695.597412109375
2014-07-25 00:00:00+05:30,671.2779541015625
2014-07-28 00:00:00+05:30,673.6595458984375
2014-07-30 00:00:00+05:30,689.4144897460938
2014-07-31 00:00:00+05:30,679.1096801757812
2014-08-01 00:00:00+05:30,670.91162109375
2014-08-04 00:00:00+05:30,688.0862426757812
2014-08-05 00:00:00+05:30,706.95556640625
2014-08-06 00:00:00+05:30,696.9713745117188
2014-08-07 00:00:00+05:30,685.3840942382812
2014-08-08 00:00:00+05:30,656.393310546875
2014-08-11 00:00:00+05:30,649.1112670898438
2014-08-12 00:00:00+05:30,665.6905517578125
2014-08-13 00:00:00+05:30,645.9510498046875
2014-08-14 00:00:00+05:30,654.8819580078125
2014-08-18 00:00:00+05:30,664.5913696289062
2014-08-19 00:00:00+05:30,669.6292724609375
2014-08-20 00:00:00+05:30,667.156005859375
2014-08-21 00:00:00+05:30,663.1715698242188
2014-08-22 00:00:00+05:30,670.0414428710938
2014-08-25 00:00:00+05:30,643.7984619140625
2014-08-26 00:00:00+05:30,640.9132080078125
2014-08-27 00:00:00+05:30,641.0048217773438
2014-08-28 00:00:00+05:30,640.5467529296875
2014-09-01 00:00:00+05:30,673.3389892578125
2014-09-02 00:00:00+05:30,686.529052734375
2014-09-03 00:00:00+05:30,673.9343872070312
2014-09-04 00:00:00+05:30,656.2559204101562
2014-09-05 00:00:00+05:30,645.0808715820312
2014-09-08 00:00:00+05:30,632.073974609375
2014-09-09 00:00:00+05:30,639.9972534179688
2014-09-10 00:00:00+05:30,645.3556518554688
2014-09-11 00:00:00+05:30,642.6993408203125
2014-09-12 00:00:00+05:30,632.6693115234375
2014-09-15 00:00:00+05:30,631.1121826171875
2014-09-16 00:00:00+05:30,597.1292114257812
2014-09-17 00:00:00+05:30,601.80078125
2014-09-18 00:00:00+05:30,624.6868286132812
2014-09-19 00:00:00+05:30,599.669677734375
2014-09-22 00:00:00+05:30,594.5736083984375
2014-09-23 00:00:00+05:30,589.6627807617188
2014-09-24 00:00:00+05:30,589.6627807617188
2014-09-25 00:00:00+05:30,554.4071655273438
2014-09-26 00:00:00+05:30,550.0986938476562
2014-09-29 00:00:00+05:30,549.8670654296875
2014-09-30 00:00:00+05:30,542.45458984375
2014-10-01 00:00:00+05:30,549.0331420898438
2014-10-07 00:00:00+05:30,525.9154663085938
2014-10-08 00:00:00+05:30,530.2703247070312
2014-10-09 00:00:00+05:30,542.6861572265625
2014-10-10 00:00:00+05:30,539.3505859375
2014-10-13 00:00:00+05:30,540.3698120117188
2014-10-14 00:00:00+05:30,529.8070678710938
2014-10-15 00:00:00+05:30,529.8070678710938
2014-10-16 00:00:00+05:30,505.994384765625
2014-10-17 00:00:00+05:30,513.5458374023438
2014-10-20 00:00:00+05:30,520.680419921875
2014-10-21 00:00:00+05:30,536.431884765625
2014-10-22 00:00:00+05:30,536.6173095703125
2014-10-27 00:00:00+05:30,526.7493896484375
2014-10-28 00:00:00+05:30,533.0036010742188
2014-10-29 00:00:00+05:30,538.424072265625
2014-10-30 00:00:00+05:30,553.6658935546875
2014-10-31 00:00:00+05:30,590.404052734375
2014-11-03 00:00:00+05:30,601.4764404296875
2014-11-05 00:00:00+05:30,585.6322631835938
2014-11-07 00:00:00+05:30,583.1305541992188
2014-11-10 00:00:00+05:30,593.785888671875
2014-11-11 00:00:00+05:30,596.009765625
2014-11-12 00:00:00+05:30,589.9407348632812
2014-11-13 00:00:00+05:30,575.3011474609375
2014-11-14 00:00:00+05:30,575.4863891601562
2014-11-17 00:00:00+05:30,591.5621948242188
2014-11-18 00:00:00+05:30,608.9816284179688
2014-11-19 00:00:00+05:30,592.0255126953125
2014-11-20 00:00:00+05:30,580.4898681640625
2014-11-21 00:00:00+05:30,577.9417724609375
2014-11-24 00:00:00+05:30,572.8919677734375
2014-11-25 00:00:00+05:30,543.4274291992188
2014-11-26 00:00:00+05:30,555.1484375
2014-11-27 00:00:00+05:30,553.9902954101562
2014-11-28 00:00:00+05:30,564.8309936523438
2014-12-01 00:00:00+05:30,551.2569580078125
2014-12-02 00:00:00+05:30,561.5879516601562
2014-12-03 00:00:00+05:30,561.541748046875
2014-12-04 00:00:00+05:30,552.0907592773438
2014-12-05 00:00:00+05:30,544.4929809570312
2014-12-08 00:00:00+05:30,530.5018920898438
2014-12-09 00:00:00+05:30,512.5266723632812
2014-12-10 00:00:00+05:30,521.3289794921875
2014-12-11 00:00:00+05:30,507.24530029296875
2014-12-12 00:00:00+05:30,490.2428894042969
2014-12-15 00:00:00+05:30,485.65643310546875
2014-12-16 00:00:00+05:30,460.31500244140625
2014-12-17 00:00:00+05:30,445.76800537109375
2014-12-18 00:00:00+05:30,467.7738037109375
2014-12-19 00:00:00+05:30,456.56243896484375
2014-12-22 00:00:00+05:30,469.5343017578125
2014-12-23 00:00:00+05:30,454.4313659667969
2014-12-24 00:00:00+05:30,461.8901672363281
2014-12-26 00:00:00+05:30,459.6201171875
2014-12-29 00:00:00+05:30,470.2755126953125
2014-12-30 00:00:00+05:30,471.4337158203125
2014-12-31 00:00:00+05:30,474.44500732421875
2015-01-01 00:00:00+05:30,474.63037109375
2015-01-02 00:00:00+05:30,480.0043640136719
2015-01-05 00:00:00+05:30,477.2247009277344
2015-01-06 00:00:00+05:30,451.7442932128906
2015-01-07 00:00:00+05:30,441.6911315917969
2015-01-08 00:00:00+05:30,452.6708679199219
2015-01-09 00:00:00+05:30,449.7059326171875
2015-01-12 00:00:00+05:30,449.4278869628906
2015-01-13 00:00:00+05:30,440.9962463378906
2015-01-14 00:00:00+05:30,428.16339111328125
2015-01-15 00:00:00+05:30,451.09576416015625
2015-01-16 00:00:00+05:30,450.0765380859375
2015-01-19 00:00:00+05:30,454.06072998046875
2015-01-20 00:00:00+05:30,459.06414794921875
2015-01-21 00:00:00+05:30,447.1578674316406
2015-01-22 00:00:00+05:30,442.061767578125
2015-01-23 00:00:00+05:30,448.68670654296875
2015-01-27 00:00:00+05:30,447.6211242675781
2015-01-28 00:00:00+05:30,445.7216796875
2015-01-29 00:00:00+05:30,444.2855529785156
2015-01-30 00:00:00+05:30,470.9241027832031
2015-02-02 00:00:00+05:30,479.26318359375
2015-02-03 00:00:00+05:30,464.021240234375
2015-02-04 00:00:00+05:30,461.2415466308594
2015-02-05 00:00:00+05:30,435.2978515625
2015-02-06 00:00:00+05:30,425.1057434082031
2015-02-09 00:00:00+05:30,388.5529479980469
2015-02-10 00:00:00+05:30,390.40606689453125
2015-02-11 00:00:00+05:30,390.9156494140625
2015-02-12 00:00:00+05:30,409.2152099609375
2015-02-13 00:00:00+05:30,413.8943786621094
2015-02-16 00:00:00+05:30,417.5079040527344
2015-02-18 00:00:00+05:30,423.76220703125
2015-02-19 00:00:00+05:30,434.41766357421875
2015-02-20 00:00:00+05:30,431.73065185546875
2015-02-23 00:00:00+05:30,426.12493896484375
2015-02-24 00:00:00+05:30,422.2333984375
2015-02-25 00:00:00+05:30,423.6695861816406
2015-02-26 00:00:00+05:30,422.27972412109375
2015-02-27 00:00:00+05:30,438.44818115234375
2015-03-02 00:00:00+05:30,444.23919677734375
2015-03-03 00:00:00+05:30,458.1839294433594
2015-03-04 00:00:00+05:30,440.48663330078125
2015-03-05 00:00:00+05:30,454.06072998046875
2015-03-09 00:00:00+05:30,433.1205139160156
2015-03-10 00:00:00+05:30,424.59613037109375
2015-03-11 00:00:00+05:30,425.5226745605469
2015-03-12 00:00:00+05:30,448.9646301269531
2015-03-13 00:00:00+05:30,428.4413146972656
2015-03-16 00:00:00+05:30,421.2142028808594
2015-03-17 00:00:00+05:30,423.43792724609375
2015-03-18 00:00:00+05:30,420.5192565917969
2015-03-19 00:00:00+05:30,421.2142028808594
2015-03-20 00:00:00+05:30,404.3507995605469
2015-03-23 00:00:00+05:30,402.17333984375
2015-03-24 00:00:00+05:30,393.6953125
2015-03-25 00:00:00+05:30,395.6411437988281
2015-03-26 00:00:00+05:30,393.88067626953125
2015-03-27 00:00:00+05:30,390.0817565917969
2015-03-30 00:00:00+05:30,401.7100830078125
2015-03-31 00:00:00+05:30,401.94171142578125
2015-04-01 00:00:00+05:30,409.91015625
2015-04-06 00:00:00+05:30,399.7179870605469
2015-04-07 00:00:00+05:30,410.60504150390625
2015-04-08 00:00:00+05:30,420.6119384765625
2015-04-09 00:00:00+05:30,422.1407775878906
2015-04-10 00:00:00+05:30,439.32843017578125
2015-04-13 00:00:00+05:30,437.1973876953125
2015-04-15 00:00:00+05:30,430.1091613769531
2015-04-16 00:00:00+05:30,421.5384826660156
2015-04-17 00:00:00+05:30,419.96331787109375
2015-04-20 00:00:00+05:30,399.8569641113281
2015-04-21 00:00:00+05:30,392.8614501953125
2015-04-22 00:00:00+05:30,400.1812438964844
2015-04-23 00:00:00+05:30,394.4366149902344
2015-04-24 00:00:00+05:30,394.8072204589844
2015-04-27 00:00:00+05:30,380.3992004394531
2015-04-28 00:00:00+05:30,388.1359558105469
2015-04-29 00:00:00+05:30,381.9743957519531
2015-04-30 00:00:00+05:30,384.0591125488281
2015-05-04 00:00:00+05:30,402.9609680175781
2015-05-05 00:00:00+05:30,410.3734130859375
2015-05-06 00:00:00+05:30,381.0941162109375
2015-05-07 00:00:00+05:30,367.2883605957031
2015-05-08 00:00:00+05:30,374.7472229003906
2015-05-11 00:00:00+05:30,382.5303039550781
2015-05-12 00:00:00+05:30,372.5234375
2015-05-13 00:00:00+05:30,391.74957275390625
2015-05-14 00:00:00+05:30,402.5440368652344
2015-05-15 00:00:00+05:30,403.2389221191406
2015-05-18 00:00:00+05:30,408.33502197265625
2015-05-19 00:00:00+05:30,423.76220703125
2015-05-20 00:00:00+05:30,419.54638671875
2015-05-21 00:00:00+05:30,415.14520263671875
2015-05-22 00:00:00+05:30,413.80169677734375
2015-05-25 00:00:00+05:30,400.6908874511719
2015-05-26 00:00:00+05:30,396.0580749511719
2015-05-27 00:00:00+05:30,390.3597106933594
2015-05-28 00:00:00+05:30,386.09759521484375
2015-05-29 00:00:00+05:30,379.287353515625
2015-06-01 00:00:00+05:30,378.7777404785156
2015-06-02 00:00:00+05:30,372.9867248535156
2015-06-03 00:00:00+05:30,346.116455078125
2015-06-04 00:00:00+05:30,343.5220947265625
2015-06-05 00:00:00+05:30,348.15496826171875
2015-06-08 00:00:00+05:30,342.1785888671875
2015-06-09 00:00:00+05:30,345.2825622558594
2015-06-10 00:00:00+05:30,347.1820373535156
2015-06-11 00:00:00+05:30,333.46893310546875
2015-06-12 00:00:00+05:30,335.3683776855469
2015-06-15 00:00:00+05:30,338.65771484375
2015-06-16 00:00:00+05:30,331.66217041015625
2015-06-17 00:00:00+05:30,334.90509033203125
2015-06-18 00:00:00+05:30,338.1480712890625
2015-06-19 00:00:00+05:30,336.8045654296875
2015-06-22 00:00:00+05:30,349.2668151855469
2015-06-23 00:00:00+05:30,349.637451171875
2015-06-24 00:00:00+05:30,341.7153015136719
2015-06-25 00:00:00+05:30,350.1007080078125
2015-06-26 00:00:00+05:30,358.34710693359375
2015-06-29 00:00:00+05:30,353.5289611816406
2015-06-30 00:00:00+05:30,359.9222412109375
2015-07-01 00:00:00+05:30,361.3583984375
2015-07-02 00:00:00+05:30,359.644287109375
2015-07-03 00:00:00+05:30,356.77191162109375
2015-07-06 00:00:00+05:30,361.3583984375
2015-07-07 00:00:00+05:30,380.76983642578125
2015-07-08 00:00:00+05:30,373.8669738769531
2015-07-09 00:00:00+05:30,381.04779052734375
2015-07-10 00:00:00+05:30,373.45001220703125
2015-07-13 00:00:00+05:30,384.0127868652344
2015-07-14 00:00:00+05:30,378.9167175292969
2015-07-15 00:00:00+05:30,378.5924072265625
2015-07-16 00:00:00+05:30,382.2060241699219
2015-07-17 00:00:00+05:30,393.37103271484375
2015-07-20 00:00:00+05:30,395.3168029785156
2015-07-21 00:00:00+05:30,378.129150390625
2015-07-22 00:00:00+05:30,387.90435791015625
2015-07-23 00:00:00+05:30,387.6726989746094
2015-07-24 00:00:00+05:30,380.9088134765625
2015-07-27 00:00:00+05:30,361.68267822265625
2015-07-28 00:00:00+05:30,361.59002685546875
2015-07-29 00:00:00+05:30,360.66351318359375
2015-07-30 00:00:00+05:30,381.2794189453125
2015-07-31 00:00:00+05:30,384.1517639160156
2015-08-03 00:00:00+05:30,392.4444885253906
2015-08-04 00:00:00+05:30,392.768798828125
2015-08-05 00:00:00+05:30,396.6139831542969
2015-08-06 00:00:00+05:30,393.6490173339844
2015-08-07 00:00:00+05:30,388.3212890625
2015-08-10 00:00:00+05:30,377.1562194824219
2015-08-11 00:00:00+05:30,372.338134765625
2015-08-12 00:00:00+05:30,372.338134765625
2015-08-13 00:00:00+05:30,335.78533935546875
2015-08-14 00:00:00+05:30,344.217041015625
2015-08-17 00:00:00+05:30,343.6611022949219
2015-08-18 00:00:00+05:30,339.9085388183594
2015-08-19 00:00:00+05:30,338.9819641113281
2015-08-20 00:00:00+05:30,324.75927734375
2015-08-21 00:00:00+05:30,326.705078125
2015-08-24 00:00:00+05:30,277.36572265625
2015-08-25 00:00:00+05:30,286.8166198730469
2015-08-26 00:00:00+05:30,312.43603515625
2015-08-27 00:00:00+05:30,327.0756530761719
2015-08-28 00:00:00+05:30,316.6982116699219
2015-08-31 00:00:00+05:30,316.4665832519531
2015-09-01 00:00:00+05:30,308.54449462890625
2015-09-02 00:00:00+05:30,310.9998474121094
2015-09-03 00:00:00+05:30,314.2891540527344
2015-09-04 00:00:00+05:30,299.18621826171875
2015-09-07 00:00:00+05:30,301.9195556640625
2015-09-08 00:00:00+05:30,303.72637939453125
2015-09-09 00:00:00+05:30,316.0032653808594
2015-09-10 00:00:00+05:30,319.2926025390625
2015-09-11 00:00:00+05:30,316.3276062011719
2015-09-14 00:00:00+05:30,329.7626647949219
2015-09-15 00:00:00+05:30,320.4508056640625
2015-09-16 00:00:00+05:30,322.9643249511719
2015-09-18 00:00:00+05:30,325.0984191894531
2015-09-21 00:00:00+05:30,320.7827453613281
2015-09-22 00:00:00+05:30,310.39666748046875
2015-09-23 00:00:00+05:30,319.5497131347656
2015-09-24 00:00:00+05:30,319.9765625
2015-09-28 00:00:00+05:30,328.5130615234375
2015-09-29 00:00:00+05:30,331.2162780761719
2015-09-30 00:00:00+05:30,329.9831848144531
2015-10-01 00:00:00+05:30,330.36260986328125
2015-10-05 00:00:00+05:30,339.2310791015625
2015-10-06 00:00:00+05:30,339.515625
2015-10-07 00:00:00+05:30,346.7242126464844
2015-10-08 00:00:00+05:30,346.5345458984375
2015-10-09 00:00:00+05:30,345.1592102050781
2015-10-12 00:00:00+05:30,345.680908203125
2015-10-13 00:00:00+05:30,353.0317687988281
2015-10-14 00:00:00+05:30,350.61309814453125
2015-10-15 00:00:00+05:30,355.1658935546875
2015-10-16 00:00:00+05:30,363.74981689453125
2015-10-19 00:00:00+05:30,362.4693298339844
2015-10-20 00:00:00+05:30,363.4653015136719
2015-10-21 00:00:00+05:30,362.89617919921875
2015-10-23 00:00:00+05:30,361.7579345703125
2015-10-26 00:00:00+05:30,363.7972106933594
2015-10-27 00:00:00+05:30,366.45306396484375
2015-10-28 00:00:00+05:30,361.2362976074219
2015-10-29 00:00:00+05:30,358.77020263671875
2015-10-30 00:00:00+05:30,376.03289794921875
2015-11-02 00:00:00+05:30,370.67388916015625
2015-11-03 00:00:00+05:30,371.14813232421875
2015-11-04 00:00:00+05:30,378.7835693359375
2015-11-05 00:00:00+05:30,378.1195983886719
2015-11-06 00:00:00+05:30,366.5953369140625
2015-11-09 00:00:00+05:30,375.74835205078125
2015-11-10 00:00:00+05:30,360.8569030761719
2015-11-13 00:00:00+05:30,373.9461975097656
2015-11-16 00:00:00+05:30,395.90399169921875
2015-11-17 00:00:00+05:30,394.5286560058594
2015-11-18 00:00:00+05:30,384.37969970703125
2015-11-19 00:00:00+05:30,389.40673828125
2015-11-20 00:00:00+05:30,396.56793212890625
2015-11-23 00:00:00+05:30,395.09771728515625
2015-11-24 00:00:00+05:30,396.94732666015625
2015-11-26 00:00:00+05:30,410.55828857421875
2015-11-27 00:00:00+05:30,409.7046813964844
2015-11-30 00:00:00+05:30,427.91583251953125
2015-12-01 00:00:00+05:30,426.1136779785156
2015-12-02 00:00:00+05:30,422.5093994140625
2015-12-03 00:00:00+05:30,432.8480529785156
2015-12-04 00:00:00+05:30,424.88067626953125
2015-12-07 00:00:00+05:30,425.8765563964844
2015-12-08 00:00:00+05:30,408.5664367675781
2015-12-09 00:00:00+05:30,401.4052734375
2015-12-10 00:00:00+05:30,413.1192321777344
2015-12-11 00:00:00+05:30,398.3226623535156
2015-12-14 00:00:00+05:30,398.1329650878906
2015-12-15 00:00:00+05:30,401.3578186035156
2015-12-16 00:00:00+05:30,414.30487060546875
2015-12-17 00:00:00+05:30,419.4267883300781
2015-12-18 00:00:00+05:30,426.9199523925781
2015-12-21 00:00:00+05:30,431.09332275390625
2015-12-22 00:00:00+05:30,428.9117736816406
2015-12-23 00:00:00+05:30,434.27081298828125
2015-12-24 00:00:00+05:30,467.80029296875
2015-12-28 00:00:00+05:30,465.9032897949219
2015-12-29 00:00:00+05:30,482.3123474121094
2015-12-30 00:00:00+05:30,488.3827819824219
2015-12-31 00:00:00+05:30,515.9366455078125
2016-01-01 00:00:00+05:30,561.2749633789062
2016-01-04 00:00:00+05:30,569.052734375
2016-01-05 00:00:00+05:30,581.4306030273438
2016-01-06 00:00:00+05:30,561.8915405273438
2016-01-07 00:00:00+05:30,536.3294067382812
2016-01-08 00:00:00+05:30,551.268310546875
2016-01-11 00:00:00+05:30,553.9241333007812
2016-01-12 00:00:00+05:30,543.4906005859375
2016-01-13 00:00:00+05:30,517.501708984375
2016-01-14 00:00:00+05:30,504.8392028808594
2016-01-15 00:00:00+05:30,467.5157165527344
2016-01-18 00:00:00+05:30,447.0281066894531
2016-01-19 00:00:00+05:30,450.9169921875
2016-01-20 00:00:00+05:30,431.28302001953125
2016-01-21 00:00:00+05:30,433.3222961425781
2016-01-22 00:00:00+05:30,435.8358154296875
2016-01-25 00:00:00+05:30,415.6802062988281
2016-01-27 00:00:00+05:30,428.05810546875
2016-01-28 00:00:00+05:30,433.41717529296875
2016-01-29 00:00:00+05:30,446.93328857421875
2016-02-01 00:00:00+05:30,436.97406005859375
2016-02-02 00:00:00+05:30,426.0188293457031
2016-02-03 00:00:00+05:30,412.9295349121094
2016-02-04 00:00:00+05:30,387.6994323730469
2016-02-05 00:00:00+05:30,414.6842956542969
2016-02-08 00:00:00+05:30,406.43231201171875
2016-02-09 00:00:00+05:30,401.54754638671875
2016-02-10 00:00:00+05:30,419.1422119140625
2016-02-11 00:00:00+05:30,382.1981506347656
2016-02-12 00:00:00+05:30,379.68463134765625
2016-02-15 00:00:00+05:30,402.8280334472656
2016-02-16 00:00:00+05:30,384.00030517578125
2016-02-17 00:00:00+05:30,396.5205078125
2016-02-18 00:00:00+05:30,392.44195556640625
2016-02-19 00:00:00+05:30,396.66278076171875
2016-02-22 00:00:00+05:30,400.5041809082031
2016-02-23 00:00:00+05:30,392.06256103515625
2016-02-24 00:00:00+05:30,389.8809814453125
2016-02-25 00:00:00+05:30,386.9406433105469
2016-02-26 00:00:00+05:30,389.73870849609375
2016-02-29 00:00:00+05:30,388.7427978515625
2016-03-01 00:00:00+05:30,406.81170654296875
2016-03-02 00:00:00+05:30,414.5419921875
2016-03-03 00:00:00+05:30,437.1163024902344
2016-03-04 00:00:00+05:30,446.6487121582031
2016-03-08 00:00:00+05:30,458.7420959472656
2016-03-09 00:00:00+05:30,488.85699462890625
2016-03-10 00:00:00+05:30,480.747314453125
2016-03-11 00:00:00+05:30,478.56573486328125
2016-03-14 00:00:00+05:30,474.9140319824219
2016-03-15 00:00:00+05:30,474.8666076660156
2016-03-16 00:00:00+05:30,471.4519958496094
2016-03-17 00:00:00+05:30,485.11041259765625
2016-03-18 00:00:00+05:30,483.9721984863281
2016-03-21 00:00:00+05:30,485.48980712890625
2016-03-22 00:00:00+05:30,508.34869384765625
2016-03-23 00:00:00+05:30,508.9651794433594
2016-03-28 00:00:00+05:30,495.6861572265625
2016-03-29 00:00:00+05:30,494.07379150390625
2016-03-30 00:00:00+05:30,506.8310241699219
2016-03-31 00:00:00+05:30,506.1196594238281
2016-04-01 00:00:00+05:30,527.2713012695312
2016-04-04 00:00:00+05:30,525.7062377929688
2016-04-05 00:00:00+05:30,507.9692687988281
2016-04-06 00:00:00+05:30,516.4583740234375
2016-04-07 00:00:00+05:30,508.7754821777344
2016-04-08 00:00:00+05:30,512.9489135742188
2016-04-11 00:00:00+05:30,547.1422729492188
2016-04-12 00:00:00+05:30,544.7710571289062
2016-04-13 00:00:00+05:30,543.6328735351562
2016-04-18 00:00:00+05:30,532.8199462890625
2016-04-20 00:00:00+05:30,533.86328125
2016-04-21 00:00:00+05:30,521.8648071289062
2016-04-22 00:00:00+05:30,525.4690551757812
2016-04-25 00:00:00+05:30,518.2130737304688
2016-04-26 00:00:00+05:30,524.5205688476562
2016-04-27 00:00:00+05:30,521.7698974609375
2016-04-28 00:00:00+05:30,508.3012390136719
2016-04-29 00:00:00+05:30,510.81475830078125
2016-05-02 00:00:00+05:30,514.4664916992188
2016-05-03 00:00:00+05:30,508.2538146972656
2016-05-04 00:00:00+05:30,490.1849060058594
2016-05-05 00:00:00+05:30,493.2201232910156
2016-05-06 00:00:00+05:30,493.6943664550781
2016-05-09 00:00:00+05:30,515.2252807617188
2016-05-10 00:00:00+05:30,520.1100463867188
2016-05-11 00:00:00+05:30,512.7591552734375
2016-05-12 00:00:00+05:30,510.57763671875
2016-05-13 00:00:00+05:30,484.4938659667969
2016-05-16 00:00:00+05:30,486.5331726074219
2016-05-17 00:00:00+05:30,484.2567443847656
2016-05-18 00:00:00+05:30,487.1971435546875
2016-05-19 00:00:00+05:30,476.47906494140625
2016-05-20 00:00:00+05:30,478.9451904296875
2016-05-23 00:00:00+05:30,478.138916015625
2016-05-24 00:00:00+05:30,472.6376037597656
2016-05-25 00:00:00+05:30,487.24456787109375
2016-05-26 00:00:00+05:30,490.0426025390625
2016-05-27 00:00:00+05:30,513.8026123046875
2016-05-30 00:00:00+05:30,517.8336181640625
2016-05-31 00:00:00+05:30,510.3879699707031
2016-06-01 00:00:00+05:30,497.96258544921875
2016-06-02 00:00:00+05:30,505.1237487792969
2016-06-03 00:00:00+05:30,496.39752197265625
2016-06-06 00:00:00+05:30,503.55877685546875
2016-06-07 00:00:00+05:30,503.3216552734375
2016-06-08 00:00:00+05:30,513.0911865234375
2016-06-09 00:00:00+05:30,518.5449829101562
2016-06-10 00:00:00+05:30,521.4854125976562
2016-06-13 00:00:00+05:30,508.7280578613281
2016-06-14 00:00:00+05:30,515.5098266601562
2016-06-15 00:00:00+05:30,511.71588134765625
2016-06-16 00:00:00+05:30,506.3094177246094
2016-06-17 00:00:00+05:30,509.06005859375
2016-06-20 00:00:00+05:30,516.6005859375
2016-06-21 00:00:00+05:30,516.5057373046875
2016-06-22 00:00:00+05:30,514.6561889648438
2016-06-23 00:00:00+05:30,509.77142333984375
2016-06-24 00:00:00+05:30,479.9410705566406
2016-06-27 00:00:00+05:30,487.24456787109375
2016-06-28 00:00:00+05:30,496.113037109375
2016-06-29 00:00:00+05:30,505.6454162597656
2016-06-30 00:00:00+05:30,517.6439819335938
2016-07-01 00:00:00+05:30,516.031494140625
2016-07-04 00:00:00+05:30,519.778076171875
2016-07-05 00:00:00+05:30,537.8470458984375
2016-07-07 00:00:00+05:30,540.1707763671875
2016-07-08 00:00:00+05:30,533.5313720703125
2016-07-11 00:00:00+05:30,547.4743041992188
2016-07-12 00:00:00+05:30,544.533935546875
2016-07-13 00:00:00+05:30,531.7291259765625
2016-07-14 00:00:00+05:30,534.4324340820312
2016-07-15 00:00:00+05:30,523.71435546875
2016-07-18 00:00:00+05:30,525.23193359375
2016-07-19 00:00:00+05:30,527.08154296875
2016-07-20 00:00:00+05:30,533.5313720703125
2016-07-21 00:00:00+05:30,522.19677734375
2016-07-22 00:00:00+05:30,532.2508544921875
2016-07-25 00:00:00+05:30,541.4038696289062
2016-07-26 00:00:00+05:30,533.05712890625
2016-07-27 00:00:00+05:30,532.6776733398438
2016-07-28 00:00:00+05:30,544.2968139648438
2016-07-29 00:00:00+05:30,575.8344116210938
2016-08-01 00:00:00+05:30,567.4876708984375
2016-08-02 00:00:00+05:30,552.3590698242188
2016-08-03 00:00:00+05:30,542.5420532226562
2016-08-04 00:00:00+05:30,552.027099609375
2016-08-05 00:00:00+05:30,567.3453979492188
2016-08-08 00:00:00+05:30,563.2193603515625
2016-08-09 00:00:00+05:30,558.9511108398438
2016-08-10 00:00:00+05:30,541.3564453125
2016-08-11 00:00:00+05:30,545.5772705078125
2016-08-12 00:00:00+05:30,550.130126953125
2016-08-16 00:00:00+05:30,561.2749633789062
2016-08-17 00:00:00+05:30,554.9674682617188
2016-08-18 00:00:00+05:30,561.8441162109375
2016-08-19 00:00:00+05:30,563.5514526367188
2016-08-22 00:00:00+05:30,560.658447265625
2016-08-23 00:00:00+05:30,569.7166137695312
2016-08-24 00:00:00+05:30,572.419921875
2016-08-25 00:00:00+05:30,567.4402465820312
2016-08-26 00:00:00+05:30,554.5880126953125
2016-08-29 00:00:00+05:30,568.8629760742188
2016-08-30 00:00:00+05:30,566.0174560546875
2016-08-31 00:00:00+05:30,565.9226684570312
2016-09-01 00:00:00+05:30,555.3468627929688
2016-09-02 00:00:00+05:30,583.1378784179688
2016-09-06 00:00:00+05:30,586.7421875
2016-09-07 00:00:00+05:30,584.4658203125
2016-09-08 00:00:00+05:30,585.5091552734375
2016-09-09 00:00:00+05:30,586.0308227539062
2016-09-12 00:00:00+05:30,547.9960327148438
2016-09-14 00:00:00+05:30,569.10009765625
2016-09-15 00:00:00+05:30,561.1625366210938
2016-09-16 00:00:00+05:30,567.6569213867188
2016-09-19 00:00:00+05:30,572.178955078125
2016-09-20 00:00:00+05:30,571.5054321289062
2016-09-21 00:00:00+05:30,566.3098754882812
2016-09-22 00:00:00+05:30,588.775634765625
2016-09-23 00:00:00+05:30,585.8892822265625
2016-09-26 00:00:00+05:30,572.4194946289062
2016-09-27 00:00:00+05:30,568.4747314453125
2016-09-28 00:00:00+05:30,571.264892578125
2016-09-29 00:00:00+05:30,521.0897827148438
2016-09-30 00:00:00+05:30,530.3743286132812
2016-10-03 00:00:00+05:30,574.6804809570312
2016-10-04 00:00:00+05:30,567.80126953125
2016-10-05 00:00:00+05:30,568.2823486328125
2016-10-06 00:00:00+05:30,560.7776489257812
2016-10-07 00:00:00+05:30,563.4716796875
2016-10-10 00:00:00+05:30,560.9219970703125
2016-10-13 00:00:00+05:30,542.6414794921875
2016-10-14 00:00:00+05:30,549.713134765625
2016-10-17 00:00:00+05:30,535.9065551757812
2016-10-18 00:00:00+05:30,550.915771484375
2016-10-19 00:00:00+05:30,548.414306640625
2016-10-20 00:00:00+05:30,557.6506958007812
2016-10-21 00:00:00+05:30,554.042724609375
2016-10-24 00:00:00+05:30,557.8431396484375
2016-10-25 00:00:00+05:30,553.0325317382812
2016-10-26 00:00:00+05:30,534.6077270507812
2016-10-27 00:00:00+05:30,521.8595581054688
2016-10-28 00:00:00+05:30,522.48486328125
2016-11-01 00:00:00+05:30,517.9628295898438
2016-11-02 00:00:00+05:30,499.586181640625
2016-11-03 00:00:00+05:30,497.27703857421875
2016-11-04 00:00:00+05:30,476.1101989746094
2016-11-07 00:00:00+05:30,481.45001220703125
2016-11-08 00:00:00+05:30,482.8932189941406
2016-11-09 00:00:00+05:30,464.9975891113281
2016-11-10 00:00:00+05:30,488.5697937011719
2016-11-11 00:00:00+05:30,472.21356201171875
2016-11-15 00:00:00+05:30,440.84814453125
2016-11-16 00:00:00+05:30,434.449951171875
2016-11-17 00:00:00+05:30,437.5287780761719
2016-11-18 00:00:00+05:30,439.2606201171875
2016-11-21 00:00:00+05:30,432.8143310546875
2016-11-22 00:00:00+05:30,432.9586486816406
2016-11-23 00:00:00+05:30,460.6679992675781
2016-11-24 00:00:00+05:30,433.53594970703125
2016-11-25 00:00:00+05:30,441.08868408203125
2016-11-28 00:00:00+05:30,444.4079895019531
2016-11-29 00:00:00+05:30,448.78570556640625
2016-11-30 00:00:00+05:30,461.9668884277344
2016-12-01 00:00:00+05:30,451.04669189453125
2016-12-02 00:00:00+05:30,442.05078125
2016-12-05 00:00:00+05:30,456.0016784667969
2016-12-06 00:00:00+05:30,460.23504638671875
2016-12-07 00:00:00+05:30,454.89520263671875
2016-12-08 00:00:00+05:30,464.1798095703125
2016-12-09 00:00:00+05:30,473.9454040527344
2016-12-12 00:00:00+05:30,464.3241271972656
2016-12-13 00:00:00+05:30,463.6506042480469
2016-12-14 00:00:00+05:30,472.21356201171875
2016-12-15 00:00:00+05:30,477.8420104980469
2016-12-16 00:00:00+05:30,468.8460998535156
2016-12-19 00:00:00+05:30,485.8758239746094
2016-12-20 00:00:00+05:30,479.76629638671875
2016-12-21 00:00:00+05:30,481.20947265625
2016-12-22 00:00:00+05:30,464.3722229003906
2016-12-23 00:00:00+05:30,459.65777587890625
2016-12-26 00:00:00+05:30,429.5911865234375
2016-12-27 00:00:00+05:30,438.8757629394531
2016-12-28 00:00:00+05:30,433.7764892578125
2016-12-29 00:00:00+05:30,441.9064636230469
2016-12-30 00:00:00+05:30,449.5072937011719
2017-01-02 00:00:00+05:30,460.5718078613281
2017-01-03 00:00:00+05:30,460.28314208984375
2017-01-04 00:00:00+05:30,464.7089538574219
2017-01-05 00:00:00+05:30,472.11737060546875
2017-01-06 00:00:00+05:30,474.0416259765625
2017-01-09 00:00:00+05:30,474.0416259765625
2017-01-10 00:00:00+05:30,482.31591796875
2017-01-11 00:00:00+05:30,485.9720458984375
2017-01-12 00:00:00+05:30,490.59027099609375
2017-01-13 00:00:00+05:30,486.501220703125
2017-01-16 00:00:00+05:30,490.97509765625
2017-01-17 00:00:00+05:30,493.139892578125
2017-01-18 00:00:00+05:30,491.0713195800781
2017-01-19 00:00:00+05:30,500.5483093261719
2017-01-20 00:00:00+05:30,486.26068115234375
2017-01-23 00:00:00+05:30,495.7376403808594
2017-01-24 00:00:00+05:30,495.6895446777344
2017-01-25 00:00:00+05:30,500.98126220703125
2017-01-27 00:00:00+05:30,507.95672607421875
2017-01-30 00:00:00+05:30,502.0876770019531
2017-01-31 00:00:00+05:30,495.20849609375
2017-02-01 00:00:00+05:30,509.8328857421875
2017-02-02 00:00:00+05:30,508.8226318359375
2017-02-03 00:00:00+05:30,517.6261596679688
2017-02-06 00:00:00+05:30,519.4060668945312
2017-02-07 00:00:00+05:30,505.93621826171875
2017-02-08 00:00:00+05:30,516.808349609375
2017-02-09 00:00:00+05:30,522.7254028320312
2017-02-10 00:00:00+05:30,523.2064819335938
2017-02-13 00:00:00+05:30,515.2689208984375
2017-02-14 00:00:00+05:30,541.3426513671875
2017-02-15 00:00:00+05:30,521.0416870117188
2017-02-16 00:00:00+05:30,530.085693359375
2017-02-17 00:00:00+05:30,538.5043334960938
2017-02-20 00:00:00+05:30,540.1880493164062
2017-02-21 00:00:00+05:30,539.947509765625
2017-02-22 00:00:00+05:30,543.988525390625
2017-02-23 00:00:00+05:30,535.37744140625
2017-02-27 00:00:00+05:30,544.42138671875
2017-02-28 00:00:00+05:30,546.1533203125
2017-03-01 00:00:00+05:30,548.414306640625
2017-03-02 00:00:00+05:30,531.4326171875
2017-03-03 00:00:00+05:30,546.0089721679688
2017-03-06 00:00:00+05:30,561.6917114257812
2017-03-07 00:00:00+05:30,556.063232421875
2017-03-08 00:00:00+05:30,547.7888793945312
2017-03-09 00:00:00+05:30,549.2802124023438
2017-03-10 00:00:00+05:30,543.7960815429688
2017-03-14 00:00:00+05:30,552.0703735351562
2017-03-15 00:00:00+05:30,554.2351684570312
2017-03-16 00:00:00+05:30,572.130859375
2017-03-17 00:00:00+05:30,559.3826293945312
2017-03-20 00:00:00+05:30,556.7848510742188
2017-03-21 00:00:00+05:30,554.0908813476562
2017-03-22 00:00:00+05:30,539.755126953125
2017-03-23 00:00:00+05:30,550.2423706054688
2017-03-24 00:00:00+05:30,549.4244995117188
2017-03-27 00:00:00+05:30,541.3907470703125
2017-03-28 00:00:00+05:30,545.2392578125
2017-03-29 00:00:00+05:30,545.5759887695312
2017-03-30 00:00:00+05:30,542.4971313476562
2017-03-31 00:00:00+05:30,547.1154174804688
2017-04-03 00:00:00+05:30,553.1768188476562
2017-04-05 00:00:00+05:30,554.3795166015625
2017-04-06 00:00:00+05:30,563.56787109375
2017-04-07 00:00:00+05:30,542.4009399414062
2017-04-10 00:00:00+05:30,542.9782104492188
2017-04-11 00:00:00+05:30,549.56884765625
2017-04-12 00:00:00+05:30,538.0232543945312
2017-04-13 00:00:00+05:30,535.9546508789062
2017-04-17 00:00:00+05:30,546.0089721679688
2017-04-18 00:00:00+05:30,536.9168090820312
2017-04-19 00:00:00+05:30,541.1021118164062
2017-04-20 00:00:00+05:30,553.2730102539062
2017-04-21 00:00:00+05:30,553.5616455078125
2017-04-24 00:00:00+05:30,562.9424438476562
2017-04-25 00:00:00+05:30,560.3447265625
2017-04-26 00:00:00+05:30,556.5924072265625
2017-04-27 00:00:00+05:30,560.44091796875
2017-04-28 00:00:00+05:30,573.6702270507812
2017-05-02 00:00:00+05:30,582.1849975585938
2017-05-03 00:00:00+05:30,580.5494384765625
2017-05-04 00:00:00+05:30,575.0653686523438
2017-05-05 00:00:00+05:30,557.073486328125
2017-05-08 00:00:00+05:30,561.5474243164062
2017-05-09 00:00:00+05:30,572.22705078125
2017-05-10 00:00:00+05:30,572.0827026367188
2017-05-11 00:00:00+05:30,570.1103515625
2017-05-12 00:00:00+05:30,586.4183959960938
2017-05-15 00:00:00+05:30,582.4736938476562
2017-05-16 00:00:00+05:30,587.9097290039062
2017-05-17 00:00:00+05:30,582.329345703125
2017-05-18 00:00:00+05:30,556.7367553710938
2017-05-19 00:00:00+05:30,547.9813232421875
2017-05-22 00:00:00+05:30,534.2228393554688
2017-05-23 00:00:00+05:30,506.32110595703125
2017-05-24 00:00:00+05:30,475.0037536621094
2017-05-25 00:00:00+05:30,478.3230895996094
2017-05-26 00:00:00+05:30,489.2432861328125
2017-05-29 00:00:00+05:30,434.8348388671875
2017-05-30 00:00:00+05:30,444.50421142578125
2017-05-31 00:00:00+05:30,460.76422119140625
2017-06-01 00:00:00+05:30,461.4377136230469
2017-06-02 00:00:00+05:30,465.71917724609375
2017-06-05 00:00:00+05:30,473.65673828125
2017-06-06 00:00:00+05:30,461.9668884277344
2017-06-07 00:00:00+05:30,470.09686279296875
2017-06-08 00:00:00+05:30,462.7366027832031
2017-06-09 00:00:00+05:30,456.0016784667969
2017-06-12 00:00:00+05:30,453.981201171875
2017-06-13 00:00:00+05:30,452.3937072753906
2017-06-14 00:00:00+05:30,456.0016784667969
2017-06-15 00:00:00+05:30,457.8297424316406
2017-06-16 00:00:00+05:30,461.38958740234375
2017-06-19 00:00:00+05:30,466.2964782714844
2017-06-20 00:00:00+05:30,461.77447509765625
2017-06-21 00:00:00+05:30,471.63629150390625
2017-06-22 00:00:00+05:30,474.90753173828125
2017-06-23 00:00:00+05:30,484.7693786621094
2017-06-27 00:00:00+05:30,484.480712890625
2017-06-28 00:00:00+05:30,484.72125244140625
2017-06-29 00:00:00+05:30,484.4326171875
2017-06-30 00:00:00+05:30,478.61175537109375
2017-07-03 00:00:00+05:30,489.1470642089844
2017-07-04 00:00:00+05:30,481.20947265625
2017-07-05 00:00:00+05:30,488.1849365234375
2017-07-06 00:00:00+05:30,489.2432861328125
2017-07-07 00:00:00+05:30,495.352783203125
2017-07-10 00:00:00+05:30,496.8441162109375
2017-07-11 00:00:00+05:30,490.1573181152344
2017-07-12 00:00:00+05:30,493.9577331542969
2017-07-13 00:00:00+05:30,495.8819885253906
2017-07-14 00:00:00+05:30,499.73052978515625
2017-07-17 00:00:00+05:30,496.79595947265625
2017-07-18 00:00:00+05:30,494.8717041015625
2017-07-19 00:00:00+05:30,496.69976806640625
2017-07-20 00:00:00+05:30,499.9228820800781
2017-07-21 00:00:00+05:30,491.937255859375
2017-07-24 00:00:00+05:30,487.5595703125
2017-07-25 00:00:00+05:30,488.2330627441406
2017-07-26 00:00:00+05:30,490.2054138183594
2017-07-27 00:00:00+05:30,489.2913818359375
2017-07-28 00:00:00+05:30,506.08056640625
2017-07-31 00:00:00+05:30,508.6302490234375
2017-08-01 00:00:00+05:30,506.6578369140625
2017-08-02 00:00:00+05:30,512.1900634765625
2017-08-03 00:00:00+05:30,506.32110595703125
2017-08-04 00:00:00+05:30,510.362060546875
2017-08-07 00:00:00+05:30,521.6671142578125
2017-08-08 00:00:00+05:30,508.29345703125
2017-08-09 00:00:00+05:30,494.91986083984375
2017-08-10 00:00:00+05:30,456.4827575683594
2017-08-11 00:00:00+05:30,451.4315490722656
2017-08-14 00:00:00+05:30,471.0108947753906
2017-08-16 00:00:00+05:30,475.6291198730469
2017-08-17 00:00:00+05:30,472.79083251953125
2017-08-18 00:00:00+05:30,469.3271484375
2017-08-21 00:00:00+05:30,450.95050048828125
2017-08-22 00:00:00+05:30,448.0159912109375
2017-08-23 00:00:00+05:30,456.8194885253906
2017-08-24 00:00:00+05:30,461.7263488769531
2017-08-28 00:00:00+05:30,465.4786682128906
2017-08-29 00:00:00+05:30,479.3333435058594
2017-08-30 00:00:00+05:30,487.8000793457031
2017-08-31 00:00:00+05:30,489.9648742675781
2017-09-01 00:00:00+05:30,502.3282165527344
2017-09-04 00:00:00+05:30,488.666015625
2017-09-05 00:00:00+05:30,494.8236083984375
2017-09-06 00:00:00+05:30,495.7376403808594
2017-09-07 00:00:00+05:30,495.9781799316406
2017-09-08 00:00:00+05:30,483.181884765625
2017-09-11 00:00:00+05:30,489.3395080566406
2017-09-12 00:00:00+05:30,495.7857360839844
2017-09-13 00:00:00+05:30,496.1225280761719
2017-09-14 00:00:00+05:30,497.0037841796875
2017-09-15 00:00:00+05:30,489.218994140625
2017-09-18 00:00:00+05:30,491.17742919921875
2017-09-19 00:00:00+05:30,485.4000244140625
2017-09-20 00:00:00+05:30,483.8822326660156
2017-09-21 00:00:00+05:30,478.3985900878906
2017-09-22 00:00:00+05:30,461.45806884765625
2017-09-25 00:00:00+05:30,454.2118225097656
2017-09-26 00:00:00+05:30,464.1509094238281
2017-09-27 00:00:00+05:30,453.77117919921875
2017-09-28 00:00:00+05:30,452.98779296875
2017-09-29 00:00:00+05:30,455.3868713378906
2017-10-03 00:00:00+05:30,447.8958435058594
2017-10-04 00:00:00+05:30,453.4284362792969
2017-10-05 00:00:00+05:30,461.3111877441406
2017-10-06 00:00:00+05:30,461.80078125
2017-10-09 00:00:00+05:30,467.3333740234375
2017-10-10 00:00:00+05:30,467.822998046875
2017-10-11 00:00:00+05:30,456.4150695800781
2017-10-12 00:00:00+05:30,455.7296142578125
2017-10-13 00:00:00+05:30,453.6732482910156
2017-10-16 00:00:00+05:30,450.2459716796875
2017-10-17 00:00:00+05:30,451.8127136230469
2017-10-18 00:00:00+05:30,453.4774169921875
2017-10-19 00:00:00+05:30,441.384033203125
2017-10-23 00:00:00+05:30,459.5485534667969
2017-10-24 00:00:00+05:30,468.1657409667969
2017-10-25 00:00:00+05:30,476.6849365234375
2017-10-26 00:00:00+05:30,480.6018371582031
2017-10-27 00:00:00+05:30,495.339111328125
2017-10-30 00:00:00+05:30,492.4014587402344
2017-10-31 00:00:00+05:30,492.30352783203125
2017-11-01 00:00:00+05:30,488.33770751953125
2017-11-02 00:00:00+05:30,489.85546875
2017-11-03 00:00:00+05:30,480.1122131347656
2017-11-06 00:00:00+05:30,469.977294921875
2017-11-07 00:00:00+05:30,452.8409118652344
2017-11-08 00:00:00+05:30,442.9507751464844
2017-11-09 00:00:00+05:30,460.0381774902344
2017-11-10 00:00:00+05:30,455.5337829589844
2017-11-13 00:00:00+05:30,449.75634765625
2017-11-14 00:00:00+05:30,449.90325927734375
2017-11-15 00:00:00+05:30,409.26556396484375
2017-11-16 00:00:00+05:30,436.73272705078125
2017-11-17 00:00:00+05:30,429.5354309082031
2017-11-20 00:00:00+05:30,434.1377868652344
2017-11-21 00:00:00+05:30,441.2861022949219
2017-11-22 00:00:00+05:30,440.06207275390625
2017-11-23 00:00:00+05:30,439.6703796386719
2017-11-24 00:00:00+05:30,442.0694885253906
2017-11-27 00:00:00+05:30,455.2889709472656
2017-11-28 00:00:00+05:30,448.7771301269531
2017-11-29 00:00:00+05:30,444.0768737792969
2017-11-30 00:00:00+05:30,430.8084411621094
2017-12-01 00:00:00+05:30,427.5280456542969
2017-12-04 00:00:00+05:30,430.17193603515625
2017-12-05 00:00:00+05:30,434.3825988769531
2017-12-06 00:00:00+05:30,431.20013427734375
2017-12-07 00:00:00+05:30,445.54571533203125
2017-12-08 00:00:00+05:30,440.4537353515625
2017-12-11 00:00:00+05:30,449.6094665527344
2017-12-12 00:00:00+05:30,440.845458984375
2017-12-13 00:00:00+05:30,440.9923400878906
2017-12-14 00:00:00+05:30,445.00714111328125
2017-12-15 00:00:00+05:30,439.52349853515625
2017-12-18 00:00:00+05:30,434.8232116699219
2017-12-19 00:00:00+05:30,434.03985595703125
2017-12-20 00:00:00+05:30,456.51300048828125
2017-12-21 00:00:00+05:30,494.55572509765625
2017-12-22 00:00:00+05:30,517.4695434570312
2017-12-26 00:00:00+05:30,528.6326293945312
2017-12-27 00:00:00+05:30,522.6593627929688
2017-12-28 00:00:00+05:30,543.5167846679688
2017-12-29 00:00:00+05:30,542.3417358398438
2018-01-01 00:00:00+05:30,560.7510986328125
2018-01-02 00:00:00+05:30,551.693359375
2018-01-03 00:00:00+05:30,550.8609619140625
2018-01-04 00:00:00+05:30,553.7986450195312
2018-01-05 00:00:00+05:30,566.1368408203125
2018-01-08 00:00:00+05:30,570.3964233398438
2018-01-09 00:00:00+05:30,557.9603271484375
2018-01-10 00:00:00+05:30,552.5745849609375
2018-01-11 00:00:00+05:30,552.2808227539062
2018-01-12 00:00:00+05:30,543.8595581054688
2018-01-15 00:00:00+05:30,546.2586059570312
2018-01-16 00:00:00+05:30,525.3522338867188
2018-01-17 00:00:00+05:30,532.6474609375
2018-01-18 00:00:00+05:30,495.9756164550781
2018-01-19 00:00:00+05:30,507.0897521972656
2018-01-22 00:00:00+05:30,499.0111999511719
2018-01-23 00:00:00+05:30,506.11053466796875
2018-01-24 00:00:00+05:30,504.4948425292969
2018-01-25 00:00:00+05:30,503.27081298828125
2018-01-29 00:00:00+05:30,499.109130859375
2018-01-30 00:00:00+05:30,497.7381896972656
2018-01-31 00:00:00+05:30,486.0365295410156
2018-02-01 00:00:00+05:30,482.5113220214844
2018-02-02 00:00:00+05:30,440.40478515625
2018-02-05 00:00:00+05:30,436.9285888671875
2018-02-06 00:00:00+05:30,422.48504638671875
2018-02-07 00:00:00+05:30,422.142333984375
2018-02-08 00:00:00+05:30,434.9701232910156
2018-02-09 00:00:00+05:30,442.1184387207031
2018-02-12 00:00:00+05:30,451.5679016113281
2018-02-14 00:00:00+05:30,447.74896240234375
2018-02-15 00:00:00+05:30,434.6763610839844
2018-02-16 00:00:00+05:30,442.90179443359375
2018-02-19 00:00:00+05:30,434.6274108886719
2018-02-20 00:00:00+05:30,437.0264587402344
2018-02-21 00:00:00+05:30,434.1867370605469
2018-02-22 00:00:00+05:30,430.8084411621094
2018-02-23 00:00:00+05:30,445.10504150390625
2018-02-26 00:00:00+05:30,457.932861328125
2018-02-27 00:00:00+05:30,448.18963623046875
2018-02-28 00:00:00+05:30,446.13323974609375
2018-03-01 00:00:00+05:30,432.7668762207031
2018-03-05 00:00:00+05:30,425.031005859375
2018-03-06 00:00:00+05:30,424.3455810546875
2018-03-07 00:00:00+05:30,401.2359313964844
2018-03-08 00:00:00+05:30,418.12750244140625
2018-03-09 00:00:00+05:30,408.1394348144531
2018-03-12 00:00:00+05:30,421.7995910644531
2018-03-13 00:00:00+05:30,442.26531982421875
2018-03-14 00:00:00+05:30,442.85284423828125
2018-03-15 00:00:00+05:30,440.1110534667969
2018-03-16 00:00:00+05:30,419.69427490234375
2018-03-19 00:00:00+05:30,415.4346618652344
2018-03-20 00:00:00+05:30,443.63623046875
2018-03-21 00:00:00+05:30,440.2089538574219
2018-03-22 00:00:00+05:30,421.45684814453125
2018-03-23 00:00:00+05:30,410.0
2018-03-26 00:00:00+05:30,415.97320556640625
2018-03-27 00:00:00+05:30,422.6319274902344
2018-03-28 00:00:00+05:30,418.61712646484375
2018-04-02 00:00:00+05:30,434.1377868652344
2018-04-03 00:00:00+05:30,434.03985595703125
2018-04-04 00:00:00+05:30,427.0384216308594
2018-04-05 00:00:00+05:30,442.80389404296875
2018-04-06 00:00:00+05:30,437.7119445800781
2018-04-09 00:00:00+05:30,442.80389404296875
2018-04-10 00:00:00+05:30,453.28155517578125
2018-04-11 00:00:00+05:30,445.59466552734375
2018-04-12 00:00:00+05:30,443.2445373535156
2018-04-13 00:00:00+05:30,452.3023376464844
2018-04-16 00:00:00+05:30,447.4062194824219
2018-04-17 00:00:00+05:30,449.46258544921875
2018-04-18 00:00:00+05:30,450.4907531738281
2018-04-19 00:00:00+05:30,455.3868713378906
2018-04-20 00:00:00+05:30,439.2786865234375
2018-04-23 00:00:00+05:30,440.40478515625
2018-04-24 00:00:00+05:30,431.9345397949219
2018-04-25 00:00:00+05:30,431.3959655761719
2018-04-26 00:00:00+05:30,432.1793518066406
2018-04-27 00:00:00+05:30,434.48052978515625
2018-04-30 00:00:00+05:30,441.8246765136719
2018-05-02 00:00:00+05:30,424.2966003417969
2018-05-03 00:00:00+05:30,405.0059509277344
2018-05-04 00:00:00+05:30,414.5533752441406
2018-05-07 00:00:00+05:30,440.2579345703125
2018-05-08 00:00:00+05:30,430.8573913574219
2018-05-09 00:00:00+05:30,417.4420471191406
2018-05-10 00:00:00+05:30,405.9361877441406
2018-05-11 00:00:00+05:30,407.2581481933594
2018-05-14 00:00:00+05:30,387.91851806640625
2018-05-15 00:00:00+05:30,378.8607177734375
2018-05-16 00:00:00+05:30,377.2939758300781
2018-05-17 00:00:00+05:30,389.48529052734375
2018-05-18 00:00:00+05:30,384.8829345703125
2018-05-21 00:00:00+05:30,387.77166748046875
2018-05-22 00:00:00+05:30,392.4718933105469
2018-05-23 00:00:00+05:30,398.73895263671875
2018-05-24 00:00:00+05:30,398.9347839355469
2018-05-25 00:00:00+05:30,409.559326171875
2018-05-28 00:00:00+05:30,420.77142333984375
2018-05-29 00:00:00+05:30,417.9316711425781
2018-05-30 00:00:00+05:30,421.89752197265625
2018-05-31 00:00:00+05:30,425.71649169921875
2018-06-01 00:00:00+05:30,418.0295715332031
2018-06-04 00:00:00+05:30,421.30999755859375
2018-06-05 00:00:00+05:30,406.7685546875
2018-06-06 00:00:00+05:30,418.2743835449219
2018-06-07 00:00:00+05:30,432.7668762207031
2018-06-08 00:00:00+05:30,429.68231201171875
2018-06-11 00:00:00+05:30,428.4093322753906
2018-06-12 00:00:00+05:30,430.955322265625
2018-06-13 00:00:00+05:30,430.5146484375
2018-06-14 00:00:00+05:30,426.4998474121094
2018-06-15 00:00:00+05:30,422.97467041015625
2018-06-18 00:00:00+05:30,423.3663635253906
2018-06-19 00:00:00+05:30,414.8960876464844
2018-06-20 00:00:00+05:30,432.2283020019531
2018-06-21 00:00:00+05:30,415.2388000488281
2018-06-22 00:00:00+05:30,416.85455322265625
2018-06-25 00:00:00+05:30,411.6646423339844
2018-06-26 00:00:00+05:30,409.9510192871094
2018-06-27 00:00:00+05:30,387.1841125488281
2018-06-28 00:00:00+05:30,388.5060729980469
2018-06-29 00:00:00+05:30,383.6099548339844
2018-07-02 00:00:00+05:30,376.1678771972656
2018-07-03 00:00:00+05:30,379.4482727050781
2018-07-04 00:00:00+05:30,373.4750061035156
2018-07-05 00:00:00+05:30,374.5032043457031
2018-07-06 00:00:00+05:30,376.85333251953125
2018-07-09 00:00:00+05:30,396.2908935546875
2018-07-10 00:00:00+05:30,394.4793395996094
2018-07-11 00:00:00+05:30,385.9111328125
2018-07-12 00:00:00+05:30,379.2034606933594
2018-07-13 00:00:00+05:30,376.8043518066406
2018-07-16 00:00:00+05:30,360.2065734863281
2018-07-17 00:00:00+05:30,377.4898376464844
2018-07-18 00:00:00+05:30,370.0967102050781
2018-07-19 00:00:00+05:30,370.3415222167969
2018-07-20 00:00:00+05:30,378.7138671875
2018-07-23 00:00:00+05:30,388.2612609863281
2018-07-24 00:00:00+05:30,390.9541320800781
2018-07-25 00:00:00+05:30,389.97491455078125
2018-07-26 00:00:00+05:30,393.5980224609375
2018-07-27 00:00:00+05:30,399.42437744140625
2018-07-30 00:00:00+05:30,387.1841125488281
2018-07-31 00:00:00+05:30,390.6603698730469
2018-08-01 00:00:00+05:30,374.9928283691406
2018-08-02 00:00:00+05:30,393.7938537597656
2018-08-03 00:00:00+05:30,393.0594482421875
2018-08-06 00:00:00+05:30,404.712158203125
2018-08-07 00:00:00+05:30,404.8100891113281
2018-08-08 00:00:00+05:30,410.0
2018-08-09 00:00:00+05:30,410.2937316894531
2018-08-10 00:00:00+05:30,399.91400146484375
2018-08-13 00:00:00+05:30,398.0045166015625
2018-08-14 00:00:00+05:30,400.3546447753906
2018-08-16 00:00:00+05:30,394.43035888671875
2018-08-17 00:00:00+05:30,407.405029296875
2018-08-20 00:00:00+05:30,418.0295715332031
2018-08-21 00:00:00+05:30,411.2240295410156
2018-08-23 00:00:00+05:30,401.5296936035156
2018-08-24 00:00:00+05:30,401.3828125
2018-08-27 00:00:00+05:30,413.0355529785156
2018-08-28 00:00:00+05:30,415.0919189453125
2018-08-29 00:00:00+05:30,430.17193603515625
2018-08-30 00:00:00+05:30,454.30975341796875
2018-08-31 00:00:00+05:30,468.01885986328125
2018-09-03 00:00:00+05:30,463.12274169921875
2018-09-04 00:00:00+05:30,443.4403991699219
2018-09-05 00:00:00+05:30,469.5855712890625
2018-09-06 00:00:00+05:30,459.9892272949219
2018-09-07 00:00:00+05:30,463.71026611328125
2018-09-10 00:00:00+05:30,455.92547607421875
2018-09-11 00:00:00+05:30,447.70001220703125
2018-09-12 00:00:00+05:30,440.1499938964844
2018-09-14 00:00:00+05:30,452.0
2018-09-17 00:00:00+05:30,447.29998779296875
2018-09-18 00:00:00+05:30,427.8500061035156
2018-09-19 00:00:00+05:30,386.45001220703125
2018-09-21 00:00:00+05:30,343.70001220703125
2018-09-24 00:00:00+05:30,329.45001220703125
2018-09-25 00:00:00+05:30,318.3500061035156
2018-09-26 00:00:00+05:30,321.1499938964844
2018-09-27 00:00:00+05:30,303.75
2018-09-28 00:00:00+05:30,300.20001220703125
2018-10-01 00:00:00+05:30,299.1000061035156
2018-10-03 00:00:00+05:30,301.75
2018-10-04 00:00:00+05:30,297.1000061035156
2018-10-05 00:00:00+05:30,289.6000061035156
2018-10-08 00:00:00+05:30,286.70001220703125
2018-10-09 00:00:00+05:30,295.6499938964844
2018-10-10 00:00:00+05:30,310.5
2018-10-11 00:00:00+05:30,300.8500061035156
2018-10-12 00:00:00+05:30,329.20001220703125
2018-10-15 00:00:00+05:30,327.54998779296875
2018-10-16 00:00:00+05:30,335.45001220703125
2018-10-17 00:00:00+05:30,316.54998779296875
2018-10-19 00:00:00+05:30,332.75
2018-10-22 00:00:00+05:30,327.25
2018-10-23 00:00:00+05:30,322.6000061035156
2018-10-24 00:00:00+05:30,342.79998779296875
2018-10-25 00:00:00+05:30,341.95001220703125
2018-10-26 00:00:00+05:30,331.70001220703125
2018-10-29 00:00:00+05:30,351.04998779296875
2018-10-30 00:00:00+05:30,350.54998779296875
2018-10-31 00:00:00+05:30,358.6499938964844
2018-11-01 00:00:00+05:30,360.75
2018-11-02 00:00:00+05:30,375.45001220703125
2018-11-05 00:00:00+05:30,359.0
2018-11-06 00:00:00+05:30,357.8999938964844
2018-11-07 00:00:00+05:30,357.8999938964844
2018-11-09 00:00:00+05:30,354.6000061035156
2018-11-12 00:00:00+05:30,349.8500061035156
2018-11-13 00:00:00+05:30,357.04998779296875
2018-11-14 00:00:00+05:30,350.70001220703125
2018-11-15 00:00:00+05:30,352.25
2018-11-16 00:00:00+05:30,329.95001220703125
2018-11-19 00:00:00+05:30,352.95001220703125
2018-11-20 00:00:00+05:30,356.3999938964844
2018-11-21 00:00:00+05:30,363.5
2018-11-22 00:00:00+05:30,357.1000061035156
2018-11-26 00:00:00+05:30,352.20001220703125
2018-11-27 00:00:00+05:30,355.95001220703125
2018-11-28 00:00:00+05:30,362.04998779296875
2018-11-29 00:00:00+05:30,348.25
2018-11-30 00:00:00+05:30,331.29998779296875
2018-12-03 00:00:00+05:30,331.8999938964844
2018-12-04 00:00:00+05:30,329.0
2018-12-05 00:00:00+05:30,307.3500061035156
2018-12-06 00:00:00+05:30,299.5
2018-12-07 00:00:00+05:30,307.95001220703125
2018-12-10 00:00:00+05:30,297.5
2018-12-11 00:00:00+05:30,292.6499938964844
2018-12-12 00:00:00+05:30,296.1499938964844
2018-12-13 00:00:00+05:30,286.95001220703125
2018-12-14 00:00:00+05:30,291.95001220703125
2018-12-17 00:00:00+05:30,288.1499938964844
2018-12-18 00:00:00+05:30,295.1499938964844
2018-12-19 00:00:00+05:30,299.20001220703125
2018-12-20 00:00:00+05:30,302.6499938964844
2018-12-21 00:00:00+05:30,307.6000061035156
2018-12-24 00:00:00+05:30,307.5
2018-12-26 00:00:00+05:30,303.3999938964844
2018-12-27 00:00:00+05:30,302.79998779296875
2018-12-28 00:00:00+05:30,311.95001220703125
2018-12-31 00:00:00+05:30,316.20001220703125
2019-01-01 00:00:00+05:30,316.6000061035156
2019-01-02 00:00:00+05:30,305.95001220703125
2019-01-03 00:00:00+05:30,289.25
2019-01-04 00:00:00+05:30,296.79998779296875
2019-01-07 00:00:00+05:30,299.45001220703125
2019-01-08 00:00:00+05:30,301.8999938964844
2019-01-09 00:00:00+05:30,300.6000061035156
2019-01-10 00:00:00+05:30,305.95001220703125
2019-01-11 00:00:00+05:30,307.70001220703125
2019-01-14 00:00:00+05:30,306.29998779296875
2019-01-15 00:00:00+05:30,310.1000061035156
2019-01-16 00:00:00+05:30,314.20001220703125
2019-01-17 00:00:00+05:30,296.45001220703125
2019-01-18 00:00:00+05:30,298.29998779296875
2019-01-21 00:00:00+05:30,289.6499938964844
2019-01-22 00:00:00+05:30,279.29998779296875
2019-01-23 00:00:00+05:30,281.75
2019-01-24 00:00:00+05:30,282.1499938964844
2019-01-25 00:00:00+05:30,270.70001220703125
2019-01-28 00:00:00+05:30,257.5
2019-01-29 00:00:00+05:30,265.45001220703125
2019-01-30 00:00:00+05:30,269.20001220703125
2019-01-31 00:00:00+05:30,268.95001220703125
2019-02-01 00:00:00+05:30,267.1000061035156
2019-02-04 00:00:00+05:30,227.10000610351562
2019-02-05 00:00:00+05:30,227.25
2019-02-06 00:00:00+05:30,154.3000030517578
2019-02-07 00:00:00+05:30,110.6500015258789
2019-02-08 00:00:00+05:30,118.1500015258789
2019-02-11 00:00:00+05:30,115.5
2019-02-12 00:00:00+05:30,112.6500015258789
2019-02-14 00:00:00+05:30,117.3499984741211
2019-02-15 00:00:00+05:30,114.94999694824219
2019-02-18 00:00:00+05:30,123.1500015258789
2019-02-19 00:00:00+05:30,122.25
2019-02-20 00:00:00+05:30,119.5999984741211
2019-02-21 00:00:00+05:30,124.44999694824219
2019-02-22 00:00:00+05:30,133.75
2019-02-25 00:00:00+05:30,131.14999389648438
2019-02-26 00:00:00+05:30,132.25
2019-02-27 00:00:00+05:30,128.0
2019-02-28 00:00:00+05:30,122.80000305175781
2019-03-01 00:00:00+05:30,125.25
2019-03-05 00:00:00+05:30,130.39999389648438
2019-03-06 00:00:00+05:30,134.6999969482422
2019-03-07 00:00:00+05:30,133.3000030517578
2019-03-08 00:00:00+05:30,130.1999969482422
2019-03-11 00:00:00+05:30,132.25
2019-03-12 00:00:00+05:30,131.25
2019-03-13 00:00:00+05:30,129.8000030517578
2019-03-14 00:00:00+05:30,125.0
2019-03-15 00:00:00+05:30,131.64999389648438
2019-03-18 00:00:00+05:30,135.0
2019-03-19 00:00:00+05:30,137.10000610351562
2019-03-20 00:00:00+05:30,137.14999389648438
2019-03-22 00:00:00+05:30,130.5500030517578
2019-03-25 00:00:00+05:30,128.1999969482422
2019-03-26 00:00:00+05:30,133.14999389648438
2019-03-27 00:00:00+05:30,130.9499969482422
2019-03-28 00:00:00+05:30,135.1999969482422
2019-04-01 00:00:00+05:30,137.5500030517578
2019-04-02 00:00:00+05:30,140.25
2019-04-03 00:00:00+05:30,137.5
2019-04-04 00:00:00+05:30,132.85000610351562
2019-04-05 00:00:00+05:30,133.5500030517578
2019-04-08 00:00:00+05:30,132.5500030517578
2019-04-09 00:00:00+05:30,130.5
2019-04-10 00:00:00+05:30,131.39999389648438
2019-04-11 00:00:00+05:30,128.9499969482422
2019-04-12 00:00:00+05:30,131.39999389648438
2019-04-15 00:00:00+05:30,132.0
2019-04-16 00:00:00+05:30,132.0500030517578
2019-04-18 00:00:00+05:30,121.5
2019-04-22 00:00:00+05:30,116.3499984741211
2019-04-23 00:00:00+05:30,118.0
2019-04-24 00:00:00+05:30,120.94999694824219
2019-04-25 00:00:00+05:30,122.0999984741211
2019-04-26 00:00:00+05:30,119.94999694824219
2019-04-30 00:00:00+05:30,107.9000015258789
2019-05-02 00:00:00+05:30,110.25
2019-05-03 00:00:00+05:30,109.9000015258789
2019-05-06 00:00:00+05:30,106.0999984741211
2019-05-07 00:00:00+05:30,100.9000015258789
2019-05-08 00:00:00+05:30,99.44999694824219
2019-05-09 00:00:00+05:30,101.9000015258789
2019-05-10 00:00:00+05:30,107.1500015258789
2019-05-13 00:00:00+05:30,101.0999984741211
2019-05-14 00:00:00+05:30,107.4000015258789
2019-05-15 00:00:00+05:30,103.44999694824219
2019-05-16 00:00:00+05:30,106.05000305175781
2019-05-17 00:00:00+05:30,108.0
2019-05-20 00:00:00+05:30,121.4000015258789
2019-05-21 00:00:00+05:30,118.25
2019-05-22 00:00:00+05:30,121.3499984741211
2019-05-23 00:00:00+05:30,114.44999694824219
2019-05-24 00:00:00+05:30,111.9000015258789
2019-05-27 00:00:00+05:30,112.05000305175781
2019-05-28 00:00:00+05:30,114.6500015258789
2019-05-29 00:00:00+05:30,109.5
2019-05-30 00:00:00+05:30,103.19999694824219
2019-05-31 00:00:00+05:30,104.0
2019-06-03 00:00:00+05:30,98.94999694824219
2019-06-04 00:00:00+05:30,96.94999694824219
2019-06-06 00:00:00+05:30,84.9000015258789
2019-06-07 00:00:00+05:30,73.94999694824219
2019-06-10 00:00:00+05:30,64.05000305175781
2019-06-11 00:00:00+05:30,64.6500015258789
2019-06-12 00:00:00+05:30,64.25
2019-06-13 00:00:00+05:30,62.79999923706055
2019-06-14 00:00:00+05:30,59.150001525878906
2019-06-17 00:00:00+05:30,56.349998474121094
2019-06-18 00:00:00+05:30,44.849998474121094
2019-06-19 00:00:00+05:30,42.650001525878906
2019-06-20 00:00:00+05:30,59.25
2019-06-21 00:00:00+05:30,57.5
2019-06-24 00:00:00+05:30,56.5
2019-06-25 00:00:00+05:30,51.95000076293945
2019-06-26 00:00:00+05:30,61.150001525878906
2019-06-27 00:00:00+05:30,59.5
2019-06-28 00:00:00+05:30,55.599998474121094
2019-07-01 00:00:00+05:30,53.04999923706055
2019-07-02 00:00:00+05:30,55.04999923706055
2019-07-03 00:00:00+05:30,55.04999923706055
2019-07-04 00:00:00+05:30,54.650001525878906
2019-07-05 00:00:00+05:30,51.150001525878906
2019-07-08 00:00:00+05:30,50.0
2019-07-09 00:00:00+05:30,48.95000076293945
2019-07-10 00:00:00+05:30,46.04999923706055
2019-07-11 00:00:00+05:30,51.04999923706055
2019-07-12 00:00:00+05:30,50.849998474121094
2019-07-15 00:00:00+05:30,49.099998474121094
2019-07-16 00:00:00+05:30,47.900001525878906
2019-07-17 00:00:00+05:30,49.650001525878906
2019-07-18 00:00:00+05:30,48.099998474121094
2019-07-19 00:00:00+05:30,42.650001525878906
2019-07-22 00:00:00+05:30,43.150001525878906
2019-07-23 00:00:00+05:30,44.45000076293945
2019-07-24 00:00:00+05:30,44.75
2019-07-25 00:00:00+05:30,47.150001525878906
2019-07-26 00:00:00+05:30,50.5
2019-07-29 00:00:00+05:30,46.400001525878906
2019-07-30 00:00:00+05:30,42.849998474121094
2019-07-31 00:00:00+05:30,47.150001525878906
2019-08-01 00:00:00+05:30,50.099998474121094
2019-08-02 00:00:00+05:30,50.04999923706055
2019-08-05 00:00:00+05:30,48.5
2019-08-06 00:00:00+05:30,50.25
2019-08-07 00:00:00+05:30,50.650001525878906
2019-08-08 00:00:00+05:30,46.5
2019-08-09 00:00:00+05:30,47.45000076293945
2019-08-13 00:00:00+05:30,45.04999923706055
2019-08-14 00:00:00+05:30,49.400001525878906
2019-08-16 00:00:00+05:30,46.29999923706055
2019-08-19 00:00:00+05:30,44.29999923706055
2019-08-20 00:00:00+05:30,42.54999923706055
2019-08-21 00:00:00+05:30,42.0
2019-08-22 00:00:00+05:30,36.70000076293945
2019-08-23 00:00:00+05:30,37.75
2019-08-26 00:00:00+05:30,42.75
2019-08-27 00:00:00+05:30,40.150001525878906
2019-08-28 00:00:00+05:30,38.29999923706055
2019-08-29 00:00:00+05:30,36.29999923706055
2019-08-30 00:00:00+05:30,38.849998474121094
2019-09-03 00:00:00+05:30,36.349998474121094
2019-09-04 00:00:00+05:30,35.900001525878906
2019-09-05 00:00:00+05:30,37.349998474121094
2019-09-06 00:00:00+05:30,37.70000076293945
2019-09-09 00:00:00+05:30,38.70000076293945
2019-09-11 00:00:00+05:30,40.5
2019-09-12 00:00:00+05:30,40.04999923706055
2019-09-13 00:00:00+05:30,40.150001525878906
2019-09-16 00:00:00+05:30,40.04999923706055
2019-09-17 00:00:00+05:30,38.150001525878906
2019-09-18 00:00:00+05:30,37.45000076293945
2019-09-19 00:00:00+05:30,36.20000076293945
2019-09-20 00:00:00+05:30,36.599998474121094
2019-09-23 00:00:00+05:30,36.04999923706055
2019-09-24 00:00:00+05:30,36.650001525878906
2019-09-25 00:00:00+05:30,36.0
2019-09-26 00:00:00+05:30,35.0
2019-09-27 00:00:00+05:30,33.400001525878906
2019-09-30 00:00:00+05:30,29.299999237060547
2019-10-01 00:00:00+05:30,27.700000762939453
2019-10-03 00:00:00+05:30,26.100000381469727
2019-10-04 00:00:00+05:30,26.0
2019-10-07 00:00:00+05:30,25.799999237060547
2019-10-09 00:00:00+05:30,24.350000381469727
2019-10-10 00:00:00+05:30,23.649999618530273
2019-10-11 00:00:00+05:30,22.100000381469727
2019-10-14 00:00:00+05:30,20.0
2019-10-15 00:00:00+05:30,18.799999237060547
2019-10-16 00:00:00+05:30,18.600000381469727
2019-10-17 00:00:00+05:30,19.799999237060547
2019-10-18 00:00:00+05:30,21.75
2019-10-22 00:00:00+05:30,23.899999618530273
2019-10-23 00:00:00+05:30,26.25
2019-10-24 00:00:00+05:30,27.549999237060547
2019-10-25 00:00:00+05:30,28.899999618530273
2019-10-27 00:00:00+05:30,30.299999237060547
2019-10-29 00:00:00+05:30,31.799999237060547
2019-10-30 00:00:00+05:30,33.349998474121094
2019-10-31 00:00:00+05:30,35.0
2019-11-01 00:00:00+05:30,36.75
2019-11-04 00:00:00+05:30,38.54999923706055
2019-11-05 00:00:00+05:30,40.45000076293945
2019-11-06 00:00:00+05:30,42.45000076293945
2019-11-07 00:00:00+05:30,44.54999923706055
2019-11-08 00:00:00+05:30,46.75
2019-11-11 00:00:00+05:30,44.45000076293945
2019-11-13 00:00:00+05:30,42.25
2019-11-14 00:00:00+05:30,40.150001525878906
2019-11-15 00:00:00+05:30,38.400001525878906
2019-11-18 00:00:00+05:30,36.5
2019-11-19 00:00:00+05:30,34.70000076293945
2019-11-20 00:00:00+05:30,33.0
2019-11-21 00:00:00+05:30,31.350000381469727
2019-11-22 00:00:00+05:30,29.799999237060547
2019-11-25 00:00:00+05:30,28.350000381469727
2019-11-26 00:00:00+05:30,27.0
2019-11-27 00:00:00+05:30,27.0
2019-11-28 00:00:00+05:30,27.75
2019-11-29 00:00:00+05:30,26.399999618530273
2019-12-02 00:00:00+05:30,26.399999618530273
2019-12-03 00:00:00+05:30,23.850000381469727
2019-12-04 00:00:00+05:30,23.799999237060547
2019-12-05 00:00:00+05:30,23.899999618530273
2019-12-06 00:00:00+05:30,22.75
2019-12-09 00:00:00+05:30,22.25
2019-12-10 00:00:00+05:30,21.950000762939453
2019-12-11 00:00:00+05:30,20.899999618530273
2019-12-12 00:00:00+05:30,20.149999618530273
2019-12-13 00:00:00+05:30,21.149999618530273
2019-12-16 00:00:00+05:30,22.200000762939453
2019-12-17 00:00:00+05:30,23.299999237060547
2019-12-18 00:00:00+05:30,22.200000762939453
2019-12-19 00:00:00+05:30,22.049999237060547
2019-12-20 00:00:00+05:30,23.149999618530273
2019-12-23 00:00:00+05:30,24.299999237060547
2019-12-24 00:00:00+05:30,25.5
2019-12-26 00:00:00+05:30,26.75
2019-12-27 00:00:00+05:30,26.700000762939453
2019-12-30 00:00:00+05:30,28.0
2019-12-31 00:00:00+05:30,29.399999618530273
2020-01-01 00:00:00+05:30,30.850000381469727
2020-01-02 00:00:00+05:30,32.349998474121094
2020-01-03 00:00:00+05:30,32.04999923706055
2020-01-06 00:00:00+05:30,30.450000762939453
2020-01-07 00:00:00+05:30,28.950000762939453
2020-01-08 00:00:00+05:30,27.549999237060547
2020-01-09 00:00:00+05:30,26.200000762939453
2020-01-10 00:00:00+05:30,24.899999618530273
2020-01-13 00:00:00+05:30,23.700000762939453
2020-01-14 00:00:00+05:30,22.549999237060547
2020-01-15 00:00:00+05:30,23.5
2020-01-16 00:00:00+05:30,22.350000381469727
2020-01-17 00:00:00+05:30,21.25
2020-01-20 00:00:00+05:30,20.200000762939453
2020-01-21 00:00:00+05:30,19.5
2020-01-22 00:00:00+05:30,20.450000762939453
2020-01-23 00:00:00+05:30,21.450000762939453
2020-01-24 00:00:00+05:30,21.950000762939453
2020-01-27 00:00:00+05:30,20.899999618530273
2020-01-28 00:00:00+05:30,21.899999618530273
2020-01-29 00:00:00+05:30,22.950000762939453
2020-01-30 00:00:00+05:30,22.200000762939453
2020-01-31 00:00:00+05:30,21.850000381469727
2020-02-03 00:00:00+05:30,19.950000762939453
2020-02-04 00:00:00+05:30,19.0
2020-02-05 00:00:00+05:30,19.850000381469727
2020-02-06 00:00:00+05:30,21.799999237060547
2020-02-07 00:00:00+05:30,22.25
2020-02-10 00:00:00+05:30,20.850000381469727
2020-02-11 00:00:00+05:30,20.600000381469727
2020-02-12 00:00:00+05:30,19.25
2020-02-13 00:00:00+05:30,20.850000381469727
2020-02-14 00:00:00+05:30,19.5
2020-02-17 00:00:00+05:30,21.350000381469727
2020-02-18 00:00:00+05:30,21.899999618530273
2020-02-19 00:00:00+05:30,23.049999237060547
2020-02-20 00:00:00+05:30,23.350000381469727
2020-02-24 00:00:00+05:30,22.799999237060547
2020-02-25 00:00:00+05:30,22.25
2020-02-26 00:00:00+05:30,21.450000762939453
2020-02-27 00:00:00+05:30,20.299999237060547
2020-02-28 00:00:00+05:30,18.75
2020-03-02 00:00:00+05:30,18.399999618530273
2020-03-03 00:00:00+05:30,18.899999618530273
2020-03-04 00:00:00+05:30,18.200000762939453
2020-03-05 00:00:00+05:30,18.700000762939453
2020-03-06 00:00:00+05:30,16.850000381469727
2020-03-09 00:00:00+05:30,15.199999809265137
2020-03-11 00:00:00+05:30,14.25
2020-03-12 00:00:00+05:30,13.550000190734863
2020-03-13 00:00:00+05:30,12.949999809265137
2020-03-16 00:00:00+05:30,12.399999618530273
2020-03-17 00:00:00+05:30,11.800000190734863
2020-03-18 00:00:00+05:30,11.25
2020-03-19 00:00:00+05:30,10.699999809265137
2020-03-20 00:00:00+05:30,10.449999809265137
2020-03-23 00:00:00+05:30,9.949999809265137
2020-03-24 00:00:00+05:30,9.5
2020-03-25 00:00:00+05:30,9.050000190734863
2020-03-26 00:00:00+05:30,9.350000381469727
2020-03-27 00:00:00+05:30,9.300000190734863
2020-03-30 00:00:00+05:30,9.75
2020-03-31 00:00:00+05:30,10.199999809265137
2020-04-01 00:00:00+05:30,10.699999809265137
2020-04-03 00:00:00+05:30,11.199999809265137
2020-04-07 00:00:00+05:30,11.75
2020-04-08 00:00:00+05:30,12.300000190734863
2020-04-09 00:00:00+05:30,12.899999618530273
2020-04-13 00:00:00+05:30,13.5
2020-04-15 00:00:00+05:30,14.149999618530273
2020-04-16 00:00:00+05:30,14.850000381469727
2020-04-17 00:00:00+05:30,15.550000190734863
2020-04-20 00:00:00+05:30,16.299999237060547
2020-04-21 00:00:00+05:30,17.100000381469727
2020-04-22 00:00:00+05:30,17.950000762939453
2020-04-23 00:00:00+05:30,18.799999237060547
2020-04-24 00:00:00+05:30,19.700000762939453
2020-04-27 00:00:00+05:30,20.649999618530273
2020-04-28 00:00:00+05:30,21.649999618530273
2020-04-29 00:00:00+05:30,22.700000762939453
2020-04-30 00:00:00+05:30,22.25
2020-05-04 00:00:00+05:30,21.149999618530273
2020-05-05 00:00:00+05:30,20.100000381469727
2020-05-06 00:00:00+05:30,19.100000381469727
2020-05-07 00:00:00+05:30,18.149999618530273
2020-05-08 00:00:00+05:30,19.049999237060547
2020-05-11 00:00:00+05:30,18.350000381469727
2020-05-12 00:00:00+05:30,17.450000762939453
2020-05-13 00:00:00+05:30,17.200000762939453
2020-05-14 00:00:00+05:30,17.850000381469727
2020-05-15 00:00:00+05:30,18.149999618530273
2020-05-18 00:00:00+05:30,18.200000762939453
2020-05-19 00:00:00+05:30,17.399999618530273
2020-05-20 00:00:00+05:30,16.649999618530273
2020-05-21 00:00:00+05:30,16.850000381469727
2020-05-22 00:00:00+05:30,16.600000381469727
2020-05-26 00:00:00+05:30,15.800000190734863
2020-05-27 00:00:00+05:30,16.549999237060547
2020-05-28 00:00:00+05:30,16.5
2020-05-29 00:00:00+05:30,16.75
2020-06-01 00:00:00+05:30,17.450000762939453
2020-06-02 00:00:00+05:30,17.899999618530273
2020-06-03 00:00:00+05:30,18.200000762939453
2020-06-04 00:00:00+05:30,19.100000381469727
2020-06-05 00:00:00+05:30,21.0
2020-06-08 00:00:00+05:30,23.100000381469727
2020-06-09 00:00:00+05:30,22.200000762939453
2020-06-10 00:00:00+05:30,22.0
2020-06-11 00:00:00+05:30,22.049999237060547
2020-06-12 00:00:00+05:30,21.799999237060547
2020-06-15 00:00:00+05:30,22.049999237060547
2020-06-16 00:00:00+05:30,21.399999618530273
2020-06-17 00:00:00+05:30,21.850000381469727
2020-06-18 00:00:00+05:30,24.0
2020-06-19 00:00:00+05:30,26.399999618530273
2020-06-22 00:00:00+05:30,29.0
2020-06-23 00:00:00+05:30,30.450000762939453
2020-06-24 00:00:00+05:30,31.950000762939453
2020-06-25 00:00:00+05:30,33.5
2020-06-26 00:00:00+05:30,35.150001525878906
2020-06-29 00:00:00+05:30,36.900001525878906
2020-06-30 00:00:00+05:30,38.70000076293945
2020-07-01 00:00:00+05:30,40.599998474121094
2020-07-02 00:00:00+05:30,42.599998474121094
2020-07-03 00:00:00+05:30,40.5
2020-07-06 00:00:00+05:30,38.5
2020-07-07 00:00:00+05:30,36.599998474121094
2020-07-08 00:00:00+05:30,34.79999923706055
2020-07-09 00:00:00+05:30,36.5
2020-07-10 00:00:00+05:30,37.099998474121094
2020-07-13 00:00:00+05:30,35.25
2020-07-14 00:00:00+05:30,33.5
2020-07-15 00:00:00+05:30,32.400001525878906
2020-07-16 00:00:00+05:30,30.799999237060547
2020-07-17 00:00:00+05:30,32.29999923706055
2020-07-20 00:00:00+05:30,33.900001525878906
2020-07-21 00:00:00+05:30,35.54999923706055
2020-07-22 00:00:00+05:30,33.79999923706055
2020-07-23 00:00:00+05:30,32.25
2020-07-24 00:00:00+05:30,32.150001525878906
2020-07-27 00:00:00+05:30,30.600000381469727
2020-07-28 00:00:00+05:30,29.299999237060547
2020-07-29 00:00:00+05:30,30.75
2020-07-30 00:00:00+05:30,29.299999237060547
2020-07-31 00:00:00+05:30,27.850000381469727
2020-08-03 00:00:00+05:30,29.100000381469727
2020-08-04 00:00:00+05:30,28.5
2020-08-05 00:00:00+05:30,29.5
2020-08-06 00:00:00+05:30,29.200000762939453
2020-08-07 00:00:00+05:30,28.450000762939453
2020-08-10 00:00:00+05:30,29.850000381469727
2020-08-11 00:00:00+05:30,31.299999237060547
2020-08-12 00:00:00+05:30,31.200000762939453
2020-08-13 00:00:00+05:30,30.649999618530273
2020-08-14 00:00:00+05:30,30.549999237060547
2020-08-17 00:00:00+05:30,31.149999618530273
2020-08-18 00:00:00+05:30,30.75
2020-08-19 00:00:00+05:30,32.25
2020-08-20 00:00:00+05:30,31.450000762939453
2020-08-21 00:00:00+05:30,30.649999618530273
2020-08-24 00:00:00+05:30,29.700000762939453
2020-08-25 00:00:00+05:30,29.600000381469727
2020-08-26 00:00:00+05:30,29.799999237060547
2020-08-27 00:00:00+05:30,31.25
2020-08-28 00:00:00+05:30,29.899999618530273
2020-08-31 00:00:00+05:30,28.450000762939453
2020-09-01 00:00:00+05:30,27.700000762939453
2020-09-02 00:00:00+05:30,28.450000762939453
2020-09-03 00:00:00+05:30,27.950000762939453
2020-09-04 00:00:00+05:30,27.549999237060547
2020-09-07 00:00:00+05:30,26.899999618530273
2020-09-08 00:00:00+05:30,27.450000762939453
2020-09-09 00:00:00+05:30,26.850000381469727
2020-09-10 00:00:00+05:30,27.0
2020-09-11 00:00:00+05:30,26.799999237060547
2020-09-14 00:00:00+05:30,26.850000381469727
2020-09-15 00:00:00+05:30,27.200000762939453
2020-09-16 00:00:00+05:30,26.75
2020-09-17 00:00:00+05:30,26.5
2020-09-18 00:00:00+05:30,25.649999618530273
2020-09-21 00:00:00+05:30,24.399999618530273
2020-09-22 00:00:00+05:30,23.200000762939453
2020-09-23 00:00:00+05:30,22.450000762939453
2020-09-24 00:00:00+05:30,21.799999237060547
2020-09-25 00:00:00+05:30,22.850000381469727
2020-09-28 00:00:00+05:30,23.25
2020-09-29 00:00:00+05:30,22.950000762939453
2020-09-30 00:00:00+05:30,22.5
2020-10-01 00:00:00+05:30,21.549999237060547
2020-10-05 00:00:00+05:30,20.799999237060547
2020-10-06 00:00:00+05:30,21.799999237060547
2020-10-07 00:00:00+05:30,22.850000381469727
2020-10-08 00:00:00+05:30,22.350000381469727
2020-10-09 00:00:00+05:30,21.799999237060547
2020-10-12 00:00:00+05:30,21.049999237060547
2020-10-13 00:00:00+05:30,21.850000381469727
2020-10-14 00:00:00+05:30,22.350000381469727
2020-10-15 00:00:00+05:30,21.600000381469727
2020-10-16 00:00:00+05:30,21.200000762939453
2020-10-19 00:00:00+05:30,20.950000762939453
2020-10-20 00:00:00+05:30,20.899999618530273
2020-10-21 00:00:00+05:30,20.950000762939453
2020-10-22 00:00:00+05:30,21.950000762939453
2020-10-23 00:00:00+05:30,23.0
2020-10-26 00:00:00+05:30,21.850000381469727
2020-10-27 00:00:00+05:30,20.850000381469727
2020-10-28 00:00:00+05:30,20.100000381469727
2020-10-29 00:00:00+05:30,20.700000762939453
2020-10-30 00:00:00+05:30,20.25
2020-11-02 00:00:00+05:30,19.850000381469727
2020-11-03 00:00:00+05:30,19.600000381469727
2020-11-04 00:00:00+05:30,19.75
2020-11-05 00:00:00+05:30,19.549999237060547
2020-11-06 00:00:00+05:30,19.649999618530273
2020-11-09 00:00:00+05:30,19.600000381469727
2020-11-10 00:00:00+05:30,19.600000381469727
2020-11-11 00:00:00+05:30,19.75
2020-11-12 00:00:00+05:30,19.600000381469727
2020-11-13 00:00:00+05:30,19.600000381469727
2020-11-14 00:00:00+05:30,19.899999618530273
2020-11-17 00:00:00+05:30,20.0
2020-11-18 00:00:00+05:30,19.549999237060547
2020-11-19 00:00:00+05:30,19.549999237060547
2020-11-20 00:00:00+05:30,19.649999618530273
2020-11-23 00:00:00+05:30,20.450000762939453
2020-11-24 00:00:00+05:30,21.450000762939453
2020-11-25 00:00:00+05:30,22.450000762939453
2020-11-26 00:00:00+05:30,21.75
2020-11-27 00:00:00+05:30,21.350000381469727
2020-12-01 00:00:00+05:30,20.799999237060547
2020-12-02 00:00:00+05:30,20.75
2020-12-03 00:00:00+05:30,21.75
2020-12-04 00:00:00+05:30,22.799999237060547
2020-12-07 00:00:00+05:30,25.049999237060547
2020-12-08 00:00:00+05:30,27.549999237060547
2020-12-09 00:00:00+05:30,27.450000762939453
2020-12-10 00:00:00+05:30,26.149999618530273
2020-12-11 00:00:00+05:30,28.75
2020-12-14 00:00:00+05:30,30.149999618530273
2020-12-15 00:00:00+05:30,28.649999618530273
2020-12-16 00:00:00+05:30,28.399999618530273
2020-12-17 00:00:00+05:30,27.100000381469727
2020-12-18 00:00:00+05:30,26.299999237060547
2020-12-21 00:00:00+05:30,25.0
2020-12-22 00:00:00+05:30,24.299999237060547
2020-12-23 00:00:00+05:30,25.5
2020-12-24 00:00:00+05:30,26.75
2020-12-28 00:00:00+05:30,27.850000381469727
2020-12-29 00:00:00+05:30,26.850000381469727
2020-12-30 00:00:00+05:30,27.450000762939453
2020-12-31 00:00:00+05:30,26.850000381469727
2021-01-01 00:00:00+05:30,27.549999237060547
2021-01-04 00:00:00+05:30,28.899999618530273
2021-01-05 00:00:00+05:30,30.299999237060547
2021-01-06 00:00:00+05:30,29.649999618530273
2021-01-07 00:00:00+05:30,28.5
2021-01-08 00:00:00+05:30,29.450000762939453
2021-01-11 00:00:00+05:30,30.899999618530273
2021-01-12 00:00:00+05:30,32.349998474121094
2021-01-13 00:00:00+05:30,31.5
2021-01-14 00:00:00+05:30,31.450000762939453
2021-01-15 00:00:00+05:30,31.450000762939453
2021-01-18 00:00:00+05:30,30.350000381469727
2021-01-19 00:00:00+05:30,30.700000762939453
2021-01-20 00:00:00+05:30,30.100000381469727
2021-01-21 00:00:00+05:30,30.850000381469727
2021-01-22 00:00:00+05:30,30.350000381469727
2021-01-25 00:00:00+05:30,30.350000381469727
2021-01-27 00:00:00+05:30,29.950000762939453
2021-01-28 00:00:00+05:30,28.899999618530273
2021-01-29 00:00:00+05:30,27.700000762939453
2021-02-01 00:00:00+05:30,28.200000762939453
2021-02-02 00:00:00+05:30,29.549999237060547
2021-02-03 00:00:00+05:30,31.0
2021-02-04 00:00:00+05:30,32.54999923706055
2021-02-05 00:00:00+05:30,33.349998474121094
2021-02-08 00:00:00+05:30,32.79999923706055
2021-02-09 00:00:00+05:30,32.45000076293945
2021-02-10 00:00:00+05:30,31.299999237060547
2021-02-11 00:00:00+05:30,31.850000381469727
2021-02-12 00:00:00+05:30,32.900001525878906
2021-02-15 00:00:00+05:30,32.400001525878906
2021-02-16 00:00:00+05:30,31.950000762939453
2021-02-17 00:00:00+05:30,31.799999237060547
2021-02-18 00:00:00+05:30,30.649999618530273
2021-02-19 00:00:00+05:30,30.700000762939453
2021-02-22 00:00:00+05:30,31.649999618530273
2021-02-23 00:00:00+05:30,32.04999923706055
2021-02-24 00:00:00+05:30,31.700000762939453
2021-02-25 00:00:00+05:30,31.549999237060547
2021-02-26 00:00:00+05:30,30.850000381469727
2021-03-01 00:00:00+05:30,32.849998474121094
2021-03-02 00:00:00+05:30,32.400001525878906
2021-03-03 00:00:00+05:30,31.700000762939453
2021-03-04 00:00:00+05:30,32.20000076293945
2021-03-05 00:00:00+05:30,32.54999923706055
2021-03-08 00:00:00+05:30,32.400001525878906
2021-03-09 00:00:00+05:30,35.599998474121094
2021-03-10 00:00:00+05:30,39.150001525878906
2021-03-12 00:00:00+05:30,39.70000076293945
2021-03-15 00:00:00+05:30,37.70000076293945
2021-03-16 00:00:00+05:30,35.75
2021-03-17 00:00:00+05:30,33.900001525878906
2021-03-18 00:00:00+05:30,32.349998474121094
2021-03-19 00:00:00+05:30,32.95000076293945
2021-03-22 00:00:00+05:30,36.20000076293945
2021-03-23 00:00:00+05:30,39.79999923706055
2021-03-24 00:00:00+05:30,37.54999923706055
2021-03-25 00:00:00+05:30,35.650001525878906
2021-03-26 00:00:00+05:30,36.599998474121094
2021-03-30 00:00:00+05:30,35.54999923706055
2021-03-31 00:00:00+05:30,35.099998474121094
2021-04-01 00:00:00+05:30,38.20000076293945
2021-04-05 00:00:00+05:30,39.099998474121094
2021-04-06 00:00:00+05:30,38.900001525878906
2021-04-07 00:00:00+05:30,37.900001525878906
2021-04-08 00:00:00+05:30,38.54999923706055
2021-04-09 00:00:00+05:30,38.04999923706055
2021-04-12 00:00:00+05:30,34.25
2021-04-13 00:00:00+05:30,35.349998474121094
2021-04-15 00:00:00+05:30,34.70000076293945
2021-04-16 00:00:00+05:30,35.04999923706055
2021-04-19 00:00:00+05:30,33.0
2021-04-20 00:00:00+05:30,33.400001525878906
2021-04-22 00:00:00+05:30,33.349998474121094
2021-04-23 00:00:00+05:30,33.25
2021-04-26 00:00:00+05:30,33.150001525878906
2021-04-27 00:00:00+05:30,33.70000076293945
2021-04-28 00:00:00+05:30,34.95000076293945
2021-04-29 00:00:00+05:30,37.5
2021-04-30 00:00:00+05:30,42.400001525878906
2021-05-03 00:00:00+05:30,50.45000076293945
2021-05-04 00:00:00+05:30,45.5
2021-05-05 00:00:00+05:30,47.29999923706055
2021-05-06 00:00:00+05:30,46.349998474121094
2021-05-07 00:00:00+05:30,47.29999923706055
2021-05-10 00:00:00+05:30,48.25
2021-05-11 00:00:00+05:30,53.04999923706055
2021-05-12 00:00:00+05:30,54.150001525878906
2021-05-14 00:00:00+05:30,52.900001525878906
2021-05-17 00:00:00+05:30,50.400001525878906
2021-05-18 00:00:00+05:30,51.650001525878906
2021-05-19 00:00:00+05:30,51.849998474121094
2021-05-20 00:00:00+05:30,51.599998474121094
2021-05-21 00:00:00+05:30,51.599998474121094
2021-05-24 00:00:00+05:30,56.5
2021-05-25 00:00:00+05:30,58.0
2021-05-26 00:00:00+05:30,61.849998474121094
2021-05-27 00:00:00+05:30,68.0
2021-05-28 00:00:00+05:30,64.5999984741211
2021-05-31 00:00:00+05:30,63.349998474121094
2021-06-01 00:00:00+05:30,60.400001525878906
2021-06-02 00:00:00+05:30,63.400001525878906
2021-06-03 00:00:00+05:30,66.55000305175781
2021-06-04 00:00:00+05:30,69.80000305175781
2021-06-07 00:00:00+05:30,73.25
2021-06-08 00:00:00+05:30,76.9000015258789
2021-06-09 00:00:00+05:30,80.69999694824219
2021-06-10 00:00:00+05:30,84.69999694824219
2021-06-11 00:00:00+05:30,83.0999984741211
2021-06-14 00:00:00+05:30,87.25
2021-06-15 00:00:00+05:30,91.5999984741211
2021-06-16 00:00:00+05:30,96.1500015258789
2021-06-17 00:00:00+05:30,100.9000015258789
2021-06-18 00:00:00+05:30,105.19999694824219
2021-06-21 00:00:00+05:30,102.0999984741211
2021-06-22 00:00:00+05:30,97.0
2021-06-23 00:00:00+05:30,92.1500015258789
2021-06-24 00:00:00+05:30,87.55000305175781
2021-06-25 00:00:00+05:30,83.19999694824219
2021-06-28 00:00:00+05:30,87.3499984741211
2021-06-29 00:00:00+05:30,91.69999694824219
2021-06-30 00:00:00+05:30,88.0
2021-07-01 00:00:00+05:30,83.5999984741211
2021-07-02 00:00:00+05:30,87.75
2021-07-05 00:00:00+05:30,85.80000305175781
2021-07-06 00:00:00+05:30,81.75
2021-07-07 00:00:00+05:30,78.19999694824219
2021-07-08 00:00:00+05:30,82.0999984741211
2021-07-09 00:00:00+05:30,85.1500015258789
2021-07-12 00:00:00+05:30,85.0999984741211
2021-07-13 00:00:00+05:30,82.05000305175781
2021-07-14 00:00:00+05:30,82.8499984741211
2021-07-15 00:00:00+05:30,80.9000015258789
2021-07-16 00:00:00+05:30,80.0
2021-07-19 00:00:00+05:30,78.9000015258789
2021-07-20 00:00:00+05:30,78.25
2021-07-22 00:00:00+05:30,77.3499984741211
2021-07-23 00:00:00+05:30,73.5
2021-07-26 00:00:00+05:30,77.1500015258789
2021-07-27 00:00:00+05:30,75.05000305175781
2021-07-28 00:00:00+05:30,73.1500015258789
2021-07-29 00:00:00+05:30,73.0999984741211
2021-07-30 00:00:00+05:30,76.55000305175781
2021-08-02 00:00:00+05:30,79.0999984741211
2021-08-03 00:00:00+05:30,77.3499984741211
2021-08-04 00:00:00+05:30,73.5
2021-08-05 00:00:00+05:30,72.25
2021-08-06 00:00:00+05:30,75.69999694824219
2021-08-09 00:00:00+05:30,73.6500015258789
2021-08-10 00:00:00+05:30,70.0
2021-08-11 00:00:00+05:30,70.4000015258789
2021-08-12 00:00:00+05:30,71.55000305175781
2021-08-13 00:00:00+05:30,69.69999694824219
2021-08-16 00:00:00+05:30,66.80000305175781
2021-08-17 00:00:00+05:30,63.5
2021-08-18 00:00:00+05:30,66.0999984741211
2021-08-20 00:00:00+05:30,63.400001525878906
2021-08-23 00:00:00+05:30,60.25
2021-08-24 00:00:00+05:30,63.25
2021-08-25 00:00:00+05:30,66.4000015258789
2021-08-26 00:00:00+05:30,67.9000015258789
2021-08-27 00:00:00+05:30,65.80000305175781
2021-08-30 00:00:00+05:30,68.94999694824219
2021-08-31 00:00:00+05:30,67.44999694824219
2021-09-01 00:00:00+05:30,66.0
2021-09-02 00:00:00+05:30,68.8499984741211
2021-09-03 00:00:00+05:30,70.55000305175781
2021-09-06 00:00:00+05:30,70.80000305175781
2021-09-07 00:00:00+05:30,68.6500015258789
2021-09-08 00:00:00+05:30,70.69999694824219
2021-09-09 00:00:00+05:30,74.19999694824219
2021-09-13 00:00:00+05:30,77.9000015258789
2021-09-14 00:00:00+05:30,81.75
2021-09-15 00:00:00+05:30,85.80000305175781
2021-09-16 00:00:00+05:30,90.05000305175781
2021-09-17 00:00:00+05:30,94.55000305175781
2021-09-20 00:00:00+05:30,98.0
2021-09-21 00:00:00+05:30,93.0999984741211
2021-09-22 00:00:00+05:30,97.44999694824219
2021-09-23 00:00:00+05:30,102.30000305175781
2021-09-24 00:00:00+05:30,105.3499984741211
2021-09-27 00:00:00+05:30,110.5999984741211
2021-09-28 00:00:00+05:30,106.1500015258789
2021-09-29 00:00:00+05:30,106.19999694824219
2021-09-30 00:00:00+05:30,102.44999694824219
2021-10-01 00:00:00+05:30,99.5999984741211
2021-10-04 00:00:00+05:30,100.19999694824219
2021-10-05 00:00:00+05:30,96.9000015258789
2021-10-06 00:00:00+05:30,96.80000305175781
2021-10-07 00:00:00+05:30,101.5999984741211
2021-10-08 00:00:00+05:30,104.80000305175781
2021-10-11 00:00:00+05:30,102.69999694824219
2021-10-12 00:00:00+05:30,101.25
2021-10-13 00:00:00+05:30,100.05000305175781
2021-10-14 00:00:00+05:30,98.55000305175781
2021-10-18 00:00:00+05:30,98.44999694824219
2021-10-19 00:00:00+05:30,96.44999694824219
2021-10-20 00:00:00+05:30,92.30000305175781
2021-10-21 00:00:00+05:30,93.5999984741211
2021-10-22 00:00:00+05:30,91.94999694824219
2021-10-25 00:00:00+05:30,87.4000015258789
2021-10-26 00:00:00+05:30,91.5
2021-10-27 00:00:00+05:30,93.8499984741211
2021-10-28 00:00:00+05:30,89.19999694824219
2021-10-29 00:00:00+05:30,84.75
2021-11-01 00:00:00+05:30,82.1500015258789
2021-11-02 00:00:00+05:30,86.25
2021-11-03 00:00:00+05:30,84.6500015258789
2021-11-04 00:00:00+05:30,84.6500015258789
2021-11-08 00:00:00+05:30,83.94999694824219
2021-11-09 00:00:00+05:30,84.69999694824219
2021-11-10 00:00:00+05:30,84.5999984741211
2021-11-11 00:00:00+05:30,83.5
2021-11-12 00:00:00+05:30,82.9000015258789
2021-11-15 00:00:00+05:30,81.5
2021-11-16 00:00:00+05:30,82.75
2021-11-17 00:00:00+05:30,81.44999694824219
2021-11-18 00:00:00+05:30,79.4000015258789
2021-11-22 00:00:00+05:30,76.44999694824219
2021-11-23 00:00:00+05:30,80.25
2021-11-24 00:00:00+05:30,84.19999694824219
2021-11-25 00:00:00+05:30,88.4000015258789
2021-11-26 00:00:00+05:30,92.75
2021-11-29 00:00:00+05:30,88.1500015258789
2021-11-30 00:00:00+05:30,84.19999694824219
2021-12-01 00:00:00+05:30,83.6500015258789
2021-12-02 00:00:00+05:30,87.75
2021-12-03 00:00:00+05:30,87.44999694824219
2021-12-06 00:00:00+05:30,91.80000305175781
2021-12-07 00:00:00+05:30,96.3499984741211
2021-12-08 00:00:00+05:30,99.05000305175781
2021-12-09 00:00:00+05:30,104.0
2021-12-10 00:00:00+05:30,109.0999984741211
2021-12-13 00:00:00+05:30,103.6500015258789
2021-12-14 00:00:00+05:30,108.3499984741211
2021-12-15 00:00:00+05:30,106.75
2021-12-16 00:00:00+05:30,103.3499984741211
2021-12-17 00:00:00+05:30,98.44999694824219
2021-12-20 00:00:00+05:30,93.55000305175781
2021-12-21 00:00:00+05:30,90.6500015258789
2021-12-22 00:00:00+05:30,95.1500015258789
2021-12-23 00:00:00+05:30,93.80000305175781
2021-12-24 00:00:00+05:30,91.94999694824219
2021-12-27 00:00:00+05:30,90.4000015258789
2021-12-28 00:00:00+05:30,94.9000015258789
2021-12-29 00:00:00+05:30,95.5
2021-12-30 00:00:00+05:30,94.19999694824219
2021-12-31 00:00:00+05:30,96.0
2022-01-03 00:00:00+05:30,100.80000305175781
2022-01-04 00:00:00+05:30,97.5
2022-01-05 00:00:00+05:30,97.05000305175781
2022-01-06 00:00:00+05:30,100.1500015258789
2022-01-07 00:00:00+05:30,98.55000305175781
2022-01-10 00:00:00+05:30,103.44999694824219
2022-01-11 00:00:00+05:30,98.4000015258789
2022-01-12 00:00:00+05:30,96.4000015258789
2022-01-13 00:00:00+05:30,99.05000305175781
2022-01-14 00:00:00+05:30,102.75
2022-01-17 00:00:00+05:30,105.55000305175781
2022-01-18 00:00:00+05:30,101.94999694824219
2022-01-19 00:00:00+05:30,99.75
2022-01-20 00:00:00+05:30,101.55000305175781
2022-01-21 00:00:00+05:30,98.25
2022-01-24 00:00:00+05:30,93.55000305175781
2022-01-25 00:00:00+05:30,98.05000305175781
2022-01-27 00:00:00+05:30,97.80000305175781
2022-01-28 00:00:00+05:30,102.30000305175781
2022-01-31 00:00:00+05:30,101.05000305175781
2022-02-01 00:00:00+05:30,106.0999984741211
2022-02-02 00:00:00+05:30,110.0999984741211
2022-02-03 00:00:00+05:30,115.5999984741211
2022-02-04 00:00:00+05:30,121.3499984741211
2022-02-07 00:00:00+05:30,133.4499969482422
2022-02-08 00:00:00+05:30,134.4499969482422
2022-02-09 00:00:00+05:30,147.85000610351562
2022-02-10 00:00:00+05:30,133.10000610351562
2022-02-11 00:00:00+05:30,134.0
2022-02-14 00:00:00+05:30,120.5999984741211
2022-02-15 00:00:00+05:30,111.8499984741211
2022-02-16 00:00:00+05:30,122.5999984741211
2022-02-17 00:00:00+05:30,113.3499984741211
2022-02-18 00:00:00+05:30,120.0999984741211
2022-02-21 00:00:00+05:30,112.69999694824219
2022-02-22 00:00:00+05:30,114.3499984741211
2022-02-23 00:00:00+05:30,113.25
2022-02-24 00:00:00+05:30,101.94999694824219
2022-02-25 00:00:00+05:30,104.5999984741211
2022-02-28 00:00:00+05:30,104.5999984741211
2022-03-02 00:00:00+05:30,107.5999984741211
2022-03-03 00:00:00+05:30,106.4000015258789
2022-03-04 00:00:00+05:30,103.5
2022-03-07 00:00:00+05:30,99.5999984741211
2022-03-08 00:00:00+05:30,101.75
2022-03-09 00:00:00+05:30,107.5
2022-03-10 00:00:00+05:30,111.4000015258789
2022-03-11 00:00:00+05:30,122.5
2022-03-14 00:00:00+05:30,117.25
2022-03-15 00:00:00+05:30,115.55000305175781
2022-03-16 00:00:00+05:30,118.94999694824219
2022-03-17 00:00:00+05:30,116.80000305175781
2022-03-21 00:00:00+05:30,115.4000015258789
2022-03-22 00:00:00+05:30,113.1500015258789
2022-03-23 00:00:00+05:30,111.80000305175781
2022-03-24 00:00:00+05:30,109.69999694824219
2022-03-25 00:00:00+05:30,109.19999694824219
2022-03-28 00:00:00+05:30,100.69999694824219
2022-03-29 00:00:00+05:30,110.75
2022-03-30 00:00:00+05:30,114.80000305175781
2022-03-31 00:00:00+05:30,112.30000305175781
2022-04-01 00:00:00+05:30,122.6500015258789
2022-04-04 00:00:00+05:30,124.69999694824219
2022-04-05 00:00:00+05:30,132.14999389648438
2022-04-06 00:00:00+05:30,136.14999389648438
2022-04-07 00:00:00+05:30,125.1500015258789
2022-04-08 00:00:00+05:30,126.75
2022-04-11 00:00:00+05:30,125.8499984741211
2022-04-12 00:00:00+05:30,122.94999694824219
2022-04-13 00:00:00+05:30,123.4000015258789
2022-04-18 00:00:00+05:30,119.55000305175781
2022-04-19 00:00:00+05:30,123.5999984741211
2022-04-20 00:00:00+05:30,125.75
2022-04-21 00:00:00+05:30,130.3000030517578
2022-04-22 00:00:00+05:30,128.89999389648438
2022-04-25 00:00:00+05:30,123.25
2022-04-26 00:00:00+05:30,121.19999694824219
2022-04-27 00:00:00+05:30,123.0
2022-04-28 00:00:00+05:30,120.5999984741211
2022-04-29 00:00:00+05:30,123.55000305175781
2022-05-02 00:00:00+05:30,124.25
2022-05-04 00:00:00+05:30,116.0999984741211
2022-05-05 00:00:00+05:30,115.0999984741211
2022-05-06 00:00:00+05:30,111.30000305175781
2022-05-09 00:00:00+05:30,112.30000305175781
2022-05-10 00:00:00+05:30,108.19999694824219
2022-05-11 00:00:00+05:30,101.0
2022-05-12 00:00:00+05:30,100.9000015258789
2022-05-13 00:00:00+05:30,102.05000305175781
2022-05-16 00:00:00+05:30,98.30000305175781
2022-05-17 00:00:00+05:30,107.05000305175781
2022-05-18 00:00:00+05:30,104.0999984741211
2022-05-19 00:00:00+05:30,102.0999984741211
2022-05-20 00:00:00+05:30,104.0
2022-05-23 00:00:00+05:30,101.69999694824219
2022-05-24 00:00:00+05:30,100.9000015258789
2022-05-25 00:00:00+05:30,100.6500015258789
2022-05-26 00:00:00+05:30,100.3499984741211
2022-05-27 00:00:00+05:30,99.8499984741211
2022-05-30 00:00:00+05:30,102.55000305175781
2022-05-31 00:00:00+05:30,107.94999694824219
2022-06-01 00:00:00+05:30,108.05000305175781
2022-06-02 00:00:00+05:30,109.30000305175781
2022-06-03 00:00:00+05:30,106.5999984741211
2022-06-06 00:00:00+05:30,105.1500015258789
2022-06-07 00:00:00+05:30,105.5
2022-06-08 00:00:00+05:30,104.8499984741211
2022-06-09 00:00:00+05:30,104.44999694824219
2022-06-10 00:00:00+05:30,103.5999984741211
2022-06-13 00:00:00+05:30,96.94999694824219
2022-06-14 00:00:00+05:30,95.75
2022-06-15 00:00:00+05:30,95.5
2022-06-16 00:00:00+05:30,95.4000015258789
2022-06-17 00:00:00+05:30,95.5999984741211
2022-06-20 00:00:00+05:30,90.6500015258789
2022-06-21 00:00:00+05:30,94.5
2022-06-22 00:00:00+05:30,91.19999694824219
2022-06-23 00:00:00+05:30,90.30000305175781
2022-06-24 00:00:00+05:30,90.69999694824219
2022-06-27 00:00:00+05:30,93.0999984741211
2022-06-28 00:00:00+05:30,92.19999694824219
2022-06-29 00:00:00+05:30,92.0999984741211
2022-06-30 00:00:00+05:30,90.5999984741211
2022-07-01 00:00:00+05:30,91.0999984741211
2022-07-04 00:00:00+05:30,94.5
2022-07-05 00:00:00+05:30,93.1500015258789
2022-07-06 00:00:00+05:30,91.75
2022-07-07 00:00:00+05:30,94.9000015258789
2022-07-08 00:00:00+05:30,94.80000305175781
2022-07-11 00:00:00+05:30,101.3499984741211
2022-07-12 00:00:00+05:30,102.5999984741211
2022-07-13 00:00:00+05:30,101.6500015258789
2022-07-14 00:00:00+05:30,100.4000015258789
2022-07-15 00:00:00+05:30,99.44999694824219
2022-07-18 00:00:00+05:30,102.25
2022-07-19 00:00:00+05:30,102.30000305175781
2022-07-20 00:00:00+05:30,104.4000015258789
2022-07-21 00:00:00+05:30,105.80000305175781
2022-07-22 00:00:00+05:30,104.5
2022-07-25 00:00:00+05:30,104.25
2022-07-26 00:00:00+05:30,113.9000015258789
2022-07-27 00:00:00+05:30,115.8499984741211
2022-07-28 00:00:00+05:30,114.25
2022-07-29 00:00:00+05:30,117.0999984741211
2022-08-01 00:00:00+05:30,123.25
2022-08-02 00:00:00+05:30,128.6999969482422
2022-08-03 00:00:00+05:30,125.05000305175781
2022-08-04 00:00:00+05:30,121.3499984741211
2022-08-05 00:00:00+05:30,120.0
2022-08-08 00:00:00+05:30,115.8499984741211
2022-08-10 00:00:00+05:30,117.55000305175781
2022-08-11 00:00:00+05:30,115.3499984741211
2022-08-12 00:00:00+05:30,115.1500015258789
2022-08-16 00:00:00+05:30,116.55000305175781
2022-08-17 00:00:00+05:30,121.80000305175781
2022-08-18 00:00:00+05:30,129.89999389648438
2022-08-19 00:00:00+05:30,135.60000610351562
2022-08-22 00:00:00+05:30,140.6999969482422
2022-08-23 00:00:00+05:30,138.6999969482422
2022-08-24 00:00:00+05:30,139.6999969482422
2022-08-25 00:00:00+05:30,139.75
2022-08-26 00:00:00+05:30,157.35000610351562
2022-08-29 00:00:00+05:30,158.75
2022-08-30 00:00:00+05:30,162.0
2022-09-01 00:00:00+05:30,193.85000610351562
2022-09-02 00:00:00+05:30,179.14999389648438
2022-09-05 00:00:00+05:30,182.6999969482422
2022-09-06 00:00:00+05:30,178.75
2022-09-07 00:00:00+05:30,180.6999969482422
2022-09-08 00:00:00+05:30,180.3000030517578
2022-09-09 00:00:00+05:30,162.4499969482422
2022-09-12 00:00:00+05:30,174.1999969482422
2022-09-13 00:00:00+05:30,165.5
2022-09-14 00:00:00+05:30,157.4499969482422
2022-09-15 00:00:00+05:30,154.4499969482422
2022-09-16 00:00:00+05:30,156.35000610351562
2022-09-19 00:00:00+05:30,151.8000030517578
2022-09-20 00:00:00+05:30,154.4499969482422
2022-09-21 00:00:00+05:30,146.75
2022-09-22 00:00:00+05:30,146.14999389648438
2022-09-23 00:00:00+05:30,144.14999389648438
2022-09-26 00:00:00+05:30,137.1999969482422
2022-09-27 00:00:00+05:30,138.35000610351562
2022-09-28 00:00:00+05:30,136.35000610351562
2022-09-29 00:00:00+05:30,137.64999389648438
2022-09-30 00:00:00+05:30,136.6999969482422
2022-10-03 00:00:00+05:30,135.4499969482422
2022-10-04 00:00:00+05:30,137.5500030517578
2022-10-06 00:00:00+05:30,144.39999389648438
2022-10-07 00:00:00+05:30,151.60000610351562
2022-10-10 00:00:00+05:30,157.6999969482422
2022-10-11 00:00:00+05:30,149.85000610351562
2022-10-12 00:00:00+05:30,142.6999969482422
2022-10-13 00:00:00+05:30,142.35000610351562
2022-10-14 00:00:00+05:30,138.85000610351562
2022-10-17 00:00:00+05:30,138.6999969482422
2022-10-18 00:00:00+05:30,143.6999969482422
2022-10-19 00:00:00+05:30,141.35000610351562
2022-10-20 00:00:00+05:30,139.10000610351562
2022-10-21 00:00:00+05:30,139.14999389648438
2022-10-24 00:00:00+05:30,139.14999389648438
2022-10-25 00:00:00+05:30,141.60000610351562
2022-10-27 00:00:00+05:30,141.85000610351562
2022-10-28 00:00:00+05:30,141.89999389648438
2022-10-31 00:00:00+05:30,141.4499969482422
2022-11-01 00:00:00+05:30,140.64999389648438
2022-11-02 00:00:00+05:30,140.5500030517578
2022-11-03 00:00:00+05:30,140.14999389648438
2022-11-04 00:00:00+05:30,147.14999389648438
2022-11-07 00:00:00+05:30,152.9499969482422
2022-11-09 00:00:00+05:30,146.64999389648438
2022-11-10 00:00:00+05:30,142.85000610351562
2022-11-11 00:00:00+05:30,146.1999969482422
2022-11-14 00:00:00+05:30,153.39999389648438
2022-11-15 00:00:00+05:30,151.35000610351562
2022-11-16 00:00:00+05:30,148.64999389648438
2022-11-17 00:00:00+05:30,146.0500030517578
2022-11-18 00:00:00+05:30,147.64999389648438
2022-11-21 00:00:00+05:30,145.25
2022-11-22 00:00:00+05:30,141.3000030517578
2022-11-23 00:00:00+05:30,146.14999389648438
2022-11-24 00:00:00+05:30,147.0500030517578
2022-11-25 00:00:00+05:30,154.3000030517578
2022-11-28 00:00:00+05:30,153.64999389648438
2022-11-29 00:00:00+05:30,154.14999389648438
2022-11-30 00:00:00+05:30,157.6999969482422
2022-12-01 00:00:00+05:30,156.10000610351562
2022-12-02 00:00:00+05:30,162.89999389648438
2022-12-05 00:00:00+05:30,157.89999389648438
2022-12-06 00:00:00+05:30,156.39999389648438
2022-12-07 00:00:00+05:30,154.1999969482422
2022-12-08 00:00:00+05:30,154.0500030517578
2022-12-09 00:00:00+05:30,154.75
2022-12-12 00:00:00+05:30,161.8000030517578
2022-12-13 00:00:00+05:30,157.25
2022-12-14 00:00:00+05:30,156.64999389648438
2022-12-15 00:00:00+05:30,148.89999389648438
2022-12-16 00:00:00+05:30,151.10000610351562
2022-12-19 00:00:00+05:30,150.64999389648438
2022-12-20 00:00:00+05:30,149.8000030517578
2022-12-21 00:00:00+05:30,142.5500030517578
2022-12-22 00:00:00+05:30,135.4499969482422
2022-12-23 00:00:00+05:30,128.6999969482422
2022-12-26 00:00:00+05:30,128.1999969482422
2022-12-27 00:00:00+05:30,134.60000610351562
2022-12-28 00:00:00+05:30,136.5
2022-12-29 00:00:00+05:30,135.8000030517578
2022-12-30 00:00:00+05:30,137.6999969482422
2023-01-02 00:00:00+05:30,137.85000610351562
2023-01-03 00:00:00+05:30,138.60000610351562
2023-01-04 00:00:00+05:30,136.4499969482422
2023-01-05 00:00:00+05:30,133.75
2023-01-06 00:00:00+05:30,130.1999969482422
2023-01-09 00:00:00+05:30,135.0500030517578
2023-01-10 00:00:00+05:30,133.0
2023-01-11 00:00:00+05:30,134.3000030517578
2023-01-12 00:00:00+05:30,132.3000030517578
2023-01-13 00:00:00+05:30,132.64999389648438
2023-01-16 00:00:00+05:30,139.25
2023-01-17 00:00:00+05:30,141.3000030517578
2023-01-18 00:00:00+05:30,139.5
2023-01-19 00:00:00+05:30,137.5
2023-01-20 00:00:00+05:30,136.25
2023-01-23 00:00:00+05:30,133.6999969482422
2023-01-24 00:00:00+05:30,132.10000610351562
2023-01-25 00:00:00+05:30,128.14999389648438
2023-01-27 00:00:00+05:30,121.9000015258789
2023-01-30 00:00:00+05:30,119.1500015258789
2023-01-31 00:00:00+05:30,125.0999984741211
2023-02-01 00:00:00+05:30,122.25
2023-02-02 00:00:00+05:30,121.30000305175781
2023-02-03 00:00:00+05:30,121.4000015258789
2023-02-06 00:00:00+05:30,124.44999694824219
2023-02-07 00:00:00+05:30,123.25
2023-02-08 00:00:00+05:30,123.55000305175781
2023-02-09 00:00:00+05:30,127.30000305175781
2023-02-10 00:00:00+05:30,130.9499969482422
2023-02-13 00:00:00+05:30,127.55000305175781
2023-02-14 00:00:00+05:30,123.30000305175781
2023-02-15 00:00:00+05:30,128.4499969482422
2023-02-16 00:00:00+05:30,129.5500030517578
2023-02-17 00:00:00+05:30,127.05000305175781
2023-02-20 00:00:00+05:30,123.6500015258789
2023-02-21 00:00:00+05:30,120.80000305175781
2023-02-22 00:00:00+05:30,118.55000305175781
2023-02-23 00:00:00+05:30,115.80000305175781
2023-02-24 00:00:00+05:30,126.94999694824219
2023-02-27 00:00:00+05:30,127.75
2023-02-28 00:00:00+05:30,130.6999969482422
2023-03-01 00:00:00+05:30,135.6999969482422
2023-03-02 00:00:00+05:30,135.8000030517578
2023-03-03 00:00:00+05:30,143.25
2023-03-06 00:00:00+05:30,140.8000030517578
2023-03-08 00:00:00+05:30,153.8000030517578
2023-03-09 00:00:00+05:30,146.35000610351562
2023-03-10 00:00:00+05:30,147.25
2023-03-13 00:00:00+05:30,139.64999389648438
2023-03-14 00:00:00+05:30,144.3000030517578
2023-03-15 00:00:00+05:30,146.6999969482422
2023-03-16 00:00:00+05:30,141.25
2023-03-17 00:00:00+05:30,148.64999389648438
2023-03-20 00:00:00+05:30,148.0500030517578
2023-03-21 00:00:00+05:30,146.85000610351562
2023-03-22 00:00:00+05:30,148.89999389648438
2023-03-23 00:00:00+05:30,148.1999969482422
2023-03-24 00:00:00+05:30,143.10000610351562
2023-03-27 00:00:00+05:30,142.1999969482422
2023-03-28 00:00:00+05:30,137.5
2023-03-29 00:00:00+05:30,141.5500030517578
2023-03-31 00:00:00+05:30,144.25
2023-04-03 00:00:00+05:30,146.39999389648438
2023-04-05 00:00:00+05:30,151.39999389648438
2023-04-06 00:00:00+05:30,151.39999389648438
2023-04-10 00:00:00+05:30,146.8000030517578
2023-04-11 00:00:00+05:30,157.35000610351562
2023-04-12 00:00:00+05:30,155.6999969482422
2023-04-13 00:00:00+05:30,165.5500030517578
2023-04-17 00:00:00+05:30,162.0
2023-04-18 00:00:00+05:30,159.64999389648438
2023-04-19 00:00:00+05:30,159.1999969482422
2023-04-20 00:00:00+05:30,159.5500030517578
2023-04-21 00:00:00+05:30,159.35000610351562
2023-04-24 00:00:00+05:30,157.85000610351562
2023-04-25 00:00:00+05:30,157.89999389648438
2023-04-26 00:00:00+05:30,153.60000610351562
2023-04-27 00:00:00+05:30,160.6999969482422
2023-04-28 00:00:00+05:30,157.5500030517578
2023-05-02 00:00:00+05:30,154.9499969482422
2023-05-03 00:00:00+05:30,153.75
2023-05-04 00:00:00+05:30,154.5500030517578
2023-05-05 00:00:00+05:30,153.60000610351562
2023-05-08 00:00:00+05:30,152.4499969482422
2023-05-09 00:00:00+05:30,150.3000030517578
2023-05-10 00:00:00+05:30,148.8000030517578
2023-05-11 00:00:00+05:30,147.85000610351562
2023-05-12 00:00:00+05:30,146.60000610351562
2023-05-15 00:00:00+05:30,144.14999389648438
2023-05-16 00:00:00+05:30,140.89999389648438
2023-05-17 00:00:00+05:30,137.10000610351562
2023-05-18 00:00:00+05:30,135.89999389648438
2023-05-19 00:00:00+05:30,137.4499969482422
2023-05-22 00:00:00+05:30,134.64999389648438
2023-05-23 00:00:00+05:30,139.64999389648438
2023-05-24 00:00:00+05:30,138.60000610351562
2023-05-25 00:00:00+05:30,138.89999389648438
2023-05-26 00:00:00+05:30,138.0
2023-05-29 00:00:00+05:30,139.64999389648438
2023-05-30 00:00:00+05:30,138.60000610351562
2023-05-31 00:00:00+05:30,134.6999969482422
2023-06-01 00:00:00+05:30,133.9499969482422
2023-06-02 00:00:00+05:30,134.60000610351562
2023-06-05 00:00:00+05:30,132.8000030517578
2023-06-06 00:00:00+05:30,132.5
2023-06-07 00:00:00+05:30,136.0500030517578
2023-06-08 00:00:00+05:30,137.0500030517578
2023-06-09 00:00:00+05:30,137.1999969482422
2023-06-12 00:00:00+05:30,139.39999389648438
2023-06-13 00:00:00+05:30,143.85000610351562
2023-06-14 00:00:00+05:30,149.9499969482422
2023-06-15 00:00:00+05:30,149.4499969482422
2023-06-16 00:00:00+05:30,151.5500030517578
2023-06-19 00:00:00+05:30,150.75
2023-06-20 00:00:00+05:30,146.5
2023-06-21 00:00:00+05:30,147.75
2023-06-22 00:00:00+05:30,145.14999389648438
2023-06-23 00:00:00+05:30,143.25
2023-06-26 00:00:00+05:30,140.1999969482422
2023-06-27 00:00:00+05:30,141.25
2023-06-28 00:00:00+05:30,138.9499969482422
2023-06-30 00:00:00+05:30,138.25
2023-07-03 00:00:00+05:30,139.64999389648438
2023-07-04 00:00:00+05:30,137.10000610351562
2023-07-05 00:00:00+05:30,138.5
2023-07-06 00:00:00+05:30,138.75
2023-07-07 00:00:00+05:30,138.60000610351562
2023-07-10 00:00:00+05:30,135.64999389648438
2023-07-11 00:00:00+05:30,136.8000030517578
2023-07-12 00:00:00+05:30,137.5500030517578
2023-07-13 00:00:00+05:30,136.4499969482422
2023-07-14 00:00:00+05:30,136.14999389648438
2023-07-17 00:00:00+05:30,135.0
2023-07-18 00:00:00+05:30,141.6999969482422
2023-07-19 00:00:00+05:30,154.85000610351562
2023-07-20 00:00:00+05:30,162.39999389648438
2023-07-21 00:00:00+05:30,163.0500030517578
2023-07-24 00:00:00+05:30,162.60000610351562
2023-07-25 00:00:00+05:30,175.1999969482422
2023-07-26 00:00:00+05:30,170.9499969482422
2023-07-27 00:00:00+05:30,178.60000610351562
2023-07-28 00:00:00+05:30,184.85000610351562
2023-07-31 00:00:00+05:30,188.85000610351562
2023-08-01 00:00:00+05:30,183.8000030517578
2023-08-02 00:00:00+05:30,181.1999969482422
2023-08-03 00:00:00+05:30,187.0500030517578
2023-08-04 00:00:00+05:30,199.14999389648438
2023-08-07 00:00:00+05:30,210.0500030517578
2023-08-08 00:00:00+05:30,194.6999969482422
2023-08-09 00:00:00+05:30,191.4499969482422
2023-08-10 00:00:00+05:30,175.85000610351562
2023-08-11 00:00:00+05:30,170.0
2023-08-14 00:00:00+05:30,166.9499969482422
2023-08-16 00:00:00+05:30,163.0
2023-08-17 00:00:00+05:30,158.0500030517578
2023-08-18 00:00:00+05:30,160.60000610351562
2023-08-21 00:00:00+05:30,162.35000610351562
2023-08-22 00:00:00+05:30,170.4499969482422
2023-08-23 00:00:00+05:30,178.9499969482422
2023-08-24 00:00:00+05:30,177.3000030517578
2023-08-25 00:00:00+05:30,177.25
2023-08-28 00:00:00+05:30,177.89999389648438
2023-08-29 00:00:00+05:30,184.5
2023-08-30 00:00:00+05:30,188.0500030517578
2023-08-31 00:00:00+05:30,186.75
2023-09-01 00:00:00+05:30,186.89999389648438
2023-09-04 00:00:00+05:30,192.89999389648438
2023-09-05 00:00:00+05:30,190.8000030517578
2023-09-06 00:00:00+05:30,190.39999389648438
2023-09-07 00:00:00+05:30,189.8000030517578
2023-09-08 00:00:00+05:30,186.5
2023-09-11 00:00:00+05:30,182.85000610351562
2023-09-12 00:00:00+05:30,173.6999969482422
2023-09-13 00:00:00+05:30,172.64999389648438
2023-09-14 00:00:00+05:30,175.3000030517578
2023-09-15 00:00:00+05:30,183.75
2023-09-18 00:00:00+05:30,177.85000610351562
2023-09-20 00:00:00+05:30,173.6999969482422
2023-09-21 00:00:00+05:30,175.14999389648438
2023-09-22 00:00:00+05:30,175.75
2023-09-25 00:00:00+05:30,173.5500030517578
2023-09-26 00:00:00+05:30,171.0
2023-09-27 00:00:00+05:30,172.64999389648438
2023-09-28 00:00:00+05:30,170.89999389648438
2023-09-29 00:00:00+05:30,173.3000030517578
2023-10-03 00:00:00+05:30,174.35000610351562
2023-10-04 00:00:00+05:30,170.39999389648438
2023-10-05 00:00:00+05:30,172.1999969482422
2023-10-06 00:00:00+05:30,171.64999389648438
2023-10-09 00:00:00+05:30,171.25
2023-10-10 00:00:00+05:30,170.85000610351562
2023-10-11 00:00:00+05:30,170.5
2023-10-12 00:00:00+05:30,169.35000610351562
2023-10-13 00:00:00+05:30,167.9499969482422
2023-10-16 00:00:00+05:30,170.75
2023-10-17 00:00:00+05:30,172.35000610351562
2023-10-18 00:00:00+05:30,169.1999969482422
2023-10-19 00:00:00+05:30,174.85000610351562
2023-10-20 00:00:00+05:30,178.64999389648438
2023-10-23 00:00:00+05:30,169.75
2023-10-25 00:00:00+05:30,162.3000030517578
2023-10-26 00:00:00+05:30,159.0500030517578
2023-10-27 00:00:00+05:30,162.9499969482422
2023-10-30 00:00:00+05:30,168.0
2023-10-31 00:00:00+05:30,169.25
2023-11-01 00:00:00+05:30,172.25
2023-11-02 00:00:00+05:30,176.9499969482422
2023-11-03 00:00:00+05:30,180.1999969482422
2023-11-06 00:00:00+05:30,183.35000610351562
2023-11-07 00:00:00+05:30,185.5500030517578
2023-11-08 00:00:00+05:30,179.10000610351562
2023-11-09 00:00:00+05:30,178.10000610351562
2023-11-10 00:00:00+05:30,177.3000030517578
2023-11-13 00:00:00+05:30,181.14999389648438
2023-11-15 00:00:00+05:30,181.75
2023-11-16 00:00:00+05:30,182.1999969482422
2023-11-17 00:00:00+05:30,186.0
2023-11-20 00:00:00+05:30,182.75
2023-11-21 00:00:00+05:30,179.5500030517578
2023-11-22 00:00:00+05:30,174.85000610351562
2023-11-23 00:00:00+05:30,174.25
2023-11-24 00:00:00+05:30,173.4499969482422
2023-11-28 00:00:00+05:30,177.89999389648438
2023-11-29 00:00:00+05:30,186.75
2023-11-30 00:00:00+05:30,189.75
2023-12-01 00:00:00+05:30,194.0500030517578
2023-12-04 00:00:00+05:30,192.6999969482422
2023-12-05 00:00:00+05:30,202.3000030517578
2023-12-06 00:00:00+05:30,212.39999389648438
2023-12-07 00:00:00+05:30,220.5
2023-12-08 00:00:00+05:30,214.75
2023-12-11 00:00:00+05:30,218.6999969482422
2023-12-12 00:00:00+05:30,211.64999389648438
2023-12-13 00:00:00+05:30,215.8000030517578
2023-12-14 00:00:00+05:30,214.60000610351562
2023-12-15 00:00:00+05:30,209.75
2023-12-18 00:00:00+05:30,213.4499969482422
2023-12-19 00:00:00+05:30,209.64999389648438
2023-12-20 00:00:00+05:30,190.8000030517578
2023-12-21 00:00:00+05:30,193.39999389648438
2023-12-22 00:00:00+05:30,193.0500030517578
2023-12-26 00:00:00+05:30,196.75
2023-12-27 00:00:00+05:30,194.6999969482422
2023-12-28 00:00:00+05:30,190.8000030517578
2023-12-29 00:00:00+05:30,209.8000030517578
2024-01-01 00:00:00+05:30,211.8000030517578
2024-01-02 00:00:00+05:30,207.9499969482422
2024-01-03 00:00:00+05:30,215.14999389648438
2024-01-04 00:00:00+05:30,231.5500030517578
2024-01-05 00:00:00+05:30,229.60000610351562
2024-01-08 00:00:00+05:30,241.0
2024-01-09 00:00:00+05:30,236.85000610351562
2024-01-10 00:00:00+05:30,237.4499969482422
2024-01-11 00:00:00+05:30,239.89999389648438
2024-01-12 00:00:00+05:30,238.4499969482422
2024-01-15 00:00:00+05:30,232.64999389648438
2024-01-16 00:00:00+05:30,221.89999389648438
2024-01-17 00:00:00+05:30,217.3000030517578
2024-01-18 00:00:00+05:30,218.89999389648438
2024-01-19 00:00:00+05:30,216.75
2024-01-23 00:00:00+05:30,208.35000610351562
2024-01-24 00:00:00+05:30,213.39999389648438
2024-01-25 00:00:00+05:30,215.25
2024-01-29 00:00:00+05:30,227.9499969482422
2024-01-30 00:00:00+05:30,231.5500030517578
2024-01-31 00:00:00+05:30,231.0500030517578
2024-02-01 00:00:00+05:30,224.60000610351562
2024-02-02 00:00:00+05:30,221.9499969482422
2024-02-05 00:00:00+05:30,214.5
2024-02-06 00:00:00+05:30,214.9499969482422
2024-02-07 00:00:00+05:30,216.4499969482422
2024-02-08 00:00:00+05:30,213.4499969482422
2024-02-09 00:00:00+05:30,213.0
2024-02-12 00:00:00+05:30,202.25
2024-02-13 00:00:00+05:30,210.14999389648438
2024-02-14 00:00:00+05:30,229.14999389648438
2024-02-15 00:00:00+05:30,234.35000610351562
2024-02-16 00:00:00+05:30,225.25
2024-02-19 00:00:00+05:30,242.85000610351562
2024-02-20 00:00:00+05:30,241.1999969482422
2024-02-21 00:00:00+05:30,233.0
2024-02-22 00:00:00+05:30,229.4499969482422
2024-02-23 00:00:00+05:30,228.5
2024-02-26 00:00:00+05:30,228.5500030517578
2024-02-27 00:00:00+05:30,220.5500030517578
2024-02-28 00:00:00+05:30,212.10000610351562
2024-02-29 00:00:00+05:30,220.89999389648438
2024-03-01 00:00:00+05:30,223.25
2024-03-04 00:00:00+05:30,228.75
2024-03-05 00:00:00+05:30,226.6999969482422
2024-03-06 00:00:00+05:30,218.35000610351562
2024-03-07 00:00:00+05:30,221.1999969482422
2024-03-11 00:00:00+05:30,223.64999389648438
2024-03-12 00:00:00+05:30,217.5500030517578
2024-03-13 00:00:00+05:30,186.89999389648438
2024-03-14 00:00:00+05:30,214.25
2024-03-15 00:00:00+05:30,237.5
2024-03-18 00:00:00+05:30,255.9499969482422
2024-03-19 00:00:00+05:30,239.8000030517578
2024-03-20 00:00:00+05:30,249.3000030517578
2024-03-21 00:00:00+05:30,271.20001220703125
2024-03-22 00:00:00+05:30,277.3500061035156
2024-03-26 00:00:00+05:30,273.70001220703125
2024-03-27 00:00:00+05:30,266.95001220703125
2024-03-28 00:00:00+05:30,270.95001220703125
2024-04-01 00:00:00+05:30,268.6499938964844
2024-04-02 00:00:00+05:30,289.79998779296875
2024-04-03 00:00:00+05:30,291.79998779296875
2024-04-04 00:00:00+05:30,295.0
2024-04-05 00:00:00+05:30,298.8999938964844
2024-04-08 00:00:00+05:30,287.6000061035156
2024-04-09 00:00:00+05:30,284.5
2024-04-10 00:00:00+05:30,227.60000610351562
2024-04-12 00:00:00+05:30,197.75
2024-04-15 00:00:00+05:30,199.9499969482422
2024-04-16 00:00:00+05:30,194.1999969482422
2024-04-18 00:00:00+05:30,194.6999969482422
2024-04-19 00:00:00+05:30,188.75
2024-04-22 00:00:00+05:30,195.25
2024-04-23 00:00:00+05:30,192.9499969482422
2024-04-24 00:00:00+05:30,191.6999969482422
2024-04-25 00:00:00+05:30,192.64999389648438
2024-04-26 00:00:00+05:30,190.89999389648438
2024-04-29 00:00:00+05:30,185.8000030517578
2024-04-30 00:00:00+05:30,177.89999389648438
2024-05-02 00:00:00+05:30,175.4499969482422
2024-05-03 00:00:00+05:30,176.1999969482422
2024-05-06 00:00:00+05:30,166.5500030517578
2024-05-07 00:00:00+05:30,170.75
2024-05-08 00:00:00+05:30,166.8000030517578
2024-05-09 00:00:00+05:30,161.1999969482422
2024-05-10 00:00:00+05:30,162.9499969482422
2024-05-13 00:00:00+05:30,164.6999969482422
2024-05-14 00:00:00+05:30,171.4499969482422
2024-05-15 00:00:00+05:30,171.60000610351562
2024-05-16 00:00:00+05:30,172.35000610351562
2024-05-17 00:00:00+05:30,170.10000610351562
2024-05-21 00:00:00+05:30,167.85000610351562
2024-05-22 00:00:00+05:30,167.35000610351562
2024-05-23 00:00:00+05:30,166.0500030517578
2024-05-24 00:00:00+05:30,171.14999389648438
2024-05-27 00:00:00+05:30,170.0
2024-05-28 00:00:00+05:30,168.89999389648438
2024-05-29 00:00:00+05:30,170.5
2024-05-30 00:00:00+05:30,167.10000610351562
2024-05-31 00:00:00+05:30,166.35000610351562
2024-06-03 00:00:00+05:30,173.25
2024-06-04 00:00:00+05:30,155.9499969482422
2024-06-05 00:00:00+05:30,149.9499969482422
2024-06-06 00:00:00+05:30,157.64999389648438
2024-06-07 00:00:00+05:30,167.8000030517578
2024-06-10 00:00:00+05:30,185.5399932861328
2024-06-11 00:00:00+05:30,189.3000030517578
2024-06-12 00:00:00+05:30,190.3000030517578
2024-06-13 00:00:00+05:30,203.14999389648438
2024-06-14 00:00:00+05:30,208.97999572753906
2024-06-18 00:00:00+05:30,211.02999877929688
2024-06-19 00:00:00+05:30,209.82000732421875
2024-06-20 00:00:00+05:30,213.25
2024-06-21 00:00:00+05:30,214.8000030517578
2024-06-24 00:00:00+05:30,213.3699951171875
2024-06-25 00:00:00+05:30,208.39999389648438
2024-06-26 00:00:00+05:30,205.41000366210938
2024-06-27 00:00:00+05:30,197.69000244140625
2024-06-28 00:00:00+05:30,199.92999267578125
2024-07-01 00:00:00+05:30,188.92999267578125
2024-07-02 00:00:00+05:30,187.5500030517578
2024-07-03 00:00:00+05:30,185.74000549316406
2024-07-04 00:00:00+05:30,186.9600067138672
2024-07-05 00:00:00+05:30,199.13999938964844
2024-07-08 00:00:00+05:30,199.91000366210938
2024-07-09 00:00:00+05:30,196.5800018310547
2024-07-10 00:00:00+05:30,189.0
2024-07-11 00:00:00+05:30,191.9199981689453
2024-07-12 00:00:00+05:30,190.60000610351562
2024-07-15 00:00:00+05:30,194.38999938964844
2024-07-16 00:00:00+05:30,189.5800018310547
2024-07-18 00:00:00+05:30,188.0
2024-07-19 00:00:00+05:30,181.74000549316406
2024-07-22 00:00:00+05:30,177.75999450683594
2024-07-23 00:00:00+05:30,175.1699981689453
2024-07-24 00:00:00+05:30,184.38999938964844
2024-07-25 00:00:00+05:30,191.77999877929688
2024-07-26 00:00:00+05:30,190.36000061035156
2024-07-29 00:00:00+05:30,199.3699951171875
2024-07-30 00:00:00+05:30,201.25999450683594
2024-07-31 00:00:00+05:30,207.1699981689453
2024-08-01 00:00:00+05:30,214.44000244140625
2024-08-02 00:00:00+05:30,215.72000122070312
2024-08-05 00:00:00+05:30,195.3300018310547
2024-08-06 00:00:00+05:30,191.88999938964844
2024-08-07 00:00:00+05:30,214.0500030517578
2024-08-08 00:00:00+05:30,208.1999969482422
2024-08-09 00:00:00+05:30,230.02000427246094
2024-08-12 00:00:00+05:30,226.05999755859375
2024-08-13 00:00:00+05:30,222.8699951171875
2024-08-14 00:00:00+05:30,220.27999877929688
2024-08-16 00:00:00+05:30,217.97000122070312
2024-08-19 00:00:00+05:30,225.7100067138672
2024-08-20 00:00:00+05:30,238.44000244140625
2024-08-21 00:00:00+05:30,243.10000610351562
2024-08-22 00:00:00+05:30,235.7100067138672
2024-08-23 00:00:00+05:30,211.75999450683594
2024-08-26 00:00:00+05:30,206.75
2024-08-27 00:00:00+05:30,207.7899932861328
2024-08-28 00:00:00+05:30,213.5
2024-08-29 00:00:00+05:30,212.25
2024-08-30 00:00:00+05:30,209.2100067138672
2024-09-02 00:00:00+05:30,204.75
2024-09-03 00:00:00+05:30,197.97999572753906
2024-09-04 00:00:00+05:30,212.16000366210938
2024-09-05 00:00:00+05:30,209.97000122070312
2024-09-06 00:00:00+05:30,213.4499969482422
2024-09-09 00:00:00+05:30,211.75
2024-09-10 00:00:00+05:30,216.97000122070312
2024-09-11 00:00:00+05:30,210.97999572753906
2024-09-12 00:00:00+05:30,213.4499969482422
2024-09-13 00:00:00+05:30,212.57000732421875
2024-09-16 00:00:00+05:30,216.0500030517578
2024-09-17 00:00:00+05:30,235.61000061035156
2024-09-18 00:00:00+05:30,282.7300109863281
2024-09-19 00:00:00+05:30,284.8900146484375
2024-09-20 00:00:00+05:30,316.2900085449219
2024-09-23 00:00:00+05:30,329.5299987792969
2024-09-24 00:00:00+05:30,337.0400085449219
2024-09-25 00:00:00+05:30,335.1600036621094
2024-09-26 00:00:00+05:30,328.7900085449219
2024-09-27 00:00:00+05:30,322.95001220703125
2024-09-30 00:00:00+05:30,336.1300048828125
2024-10-01 00:00:00+05:30,332.0
2024-10-03 00:00:00+05:30,326.70001220703125
2024-10-04 00:00:00+05:30,301.1499938964844
2024-10-07 00:00:00+05:30,288.25
2024-10-08 00:00:00+05:30,299.5
2024-10-09 00:00:00+05:30,300.3999938964844
2024-10-10 00:00:00+05:30,294.04998779296875
2024-10-11 00:00:00+05:30,284.6499938964844
2024-10-14 00:00:00+05:30,289.3999938964844
2024-10-15 00:00:00+05:30,287.29998779296875
2024-10-16 00:00:00+05:30,291.45001220703125
2024-10-17 00:00:00+05:30,277.95001220703125
2024-10-18 00:00:00+05:30,281.25
2024-10-21 00:00:00+05:30,267.95001220703125
2024-10-22 00:00:00+05:30,254.5500030517578
2024-10-23 00:00:00+05:30,267.25
2024-10-24 00:00:00+05:30,280.6000061035156
2024-10-25 00:00:00+05:30,277.3999938964844
2024-10-28 00:00:00+05:30,274.45001220703125
2024-10-29 00:00:00+05:30,273.6000061035156
2024-10-30 00:00:00+05:30,278.95001220703125
2024-10-31 00:00:00+05:30,280.5
2024-11-01 00:00:00+05:30,291.04998779296875
2024-11-04 00:00:00+05:30,296.6000061035156
2024-11-05 00:00:00+05:30,294.25
2024-11-06 00:00:00+05:30,303.3500061035156
2024-11-07 00:00:00+05:30,288.25
2024-11-08 00:00:00+05:30,274.29998779296875
2024-11-11 00:00:00+05:30,260.6000061035156
2024-11-12 00:00:00+05:30,262.8500061035156
2024-11-13 00:00:00+05:30,249.6999969482422
2024-11-14 00:00:00+05:30,258.79998779296875
2024-11-18 00:00:00+05:30,254.14999389648438
2024-11-19 00:00:00+05:30,257.5
2024-11-21 00:00:00+05:30,248.60000610351562
2024-11-22 00:00:00+05:30,257.6499938964844
2024-11-25 00:00:00+05:30,258.8500061035156
2024-11-26 00:00:00+05:30,271.75
2024-11-27 00:00:00+05:30,275.6499938964844
2024-11-28 00:00:00+05:30,279.29998779296875
2024-11-29 00:00:00+05:30,279.1000061035156
2024-12-02 00:00:00+05:30,274.04998779296875
2024-12-03 00:00:00+05:30,281.3999938964844
2024-12-04 00:00:00+05:30,295.45001220703125
2024-12-05 00:00:00+05:30,302.1499938964844
2024-12-06 00:00:00+05:30,303.25
2024-12-09 00:00:00+05:30,298.3500061035156
2024-12-10 00:00:00+05:30,304.8500061035156
2024-12-11 00:00:00+05:30,293.3999938964844
2024-12-12 00:00:00+05:30,294.75
2024-12-13 00:00:00+05:30,294.70001220703125
2024-12-16 00:00:00+05:30,291.95001220703125
2024-12-17 00:00:00+05:30,286.70001220703125
2024-12-18 00:00:00+05:30,278.6499938964844
2024-12-19 00:00:00+05:30,292.54998779296875
2024-12-20 00:00:00+05:30,290.29998779296875
2024-12-23 00:00:00+05:30,289.0
2024-12-24 00:00:00+05:30,302.29998779296875
2024-12-26 00:00:00+05:30,302.1499938964844
2024-12-27 00:00:00+05:30,298.95001220703125
2024-12-30 00:00:00+05:30,297.04998779296875
2024-12-31 00:00:00+05:30,304.1499938964844
2025-01-01 00:00:00+05:30,319.20001220703125
2025-01-02 00:00:00+05:30,322.6499938964844
2025-01-03 00:00:00+05:30,319.20001220703125
2025-01-06 00:00:00+05:30,303.25
2025-01-07 00:00:00+05:30,309.54998779296875
2025-01-08 00:00:00+05:30,302.1499938964844
2025-01-09 00:00:00+05:30,287.04998779296875
2025-01-10 00:00:00+05:30,292.1499938964844
2025-01-13 00:00:00+05:30,277.54998779296875
2025-01-14 00:00:00+05:30,274.95001220703125
2025-01-15 00:00:00+05:30,275.1000061035156
2025-01-16 00:00:00+05:30,279.29998779296875
2025-01-17 00:00:00+05:30,285.6000061035156
2025-01-20 00:00:00+05:30,280.95001220703125
2025-01-21 00:00:00+05:30,276.54998779296875
2025-01-22 00:00:00+05:30,274.3999938964844
2025-01-23 00:00:00+05:30,274.3999938964844
2025-01-24 00:00:00+05:30,262.75
2025-01-27 00:00:00+05:30,249.64999389648438
2025-01-28 00:00:00+05:30,240.60000610351562
2025-01-29 00:00:00+05:30,248.25
2025-01-30 00:00:00+05:30,250.85000610351562
2025-01-31 00:00:00+05:30,250.60000610351562
2025-02-03 00:00:00+05:30,234.0500030517578
2025-02-04 00:00:00+05:30,245.5
2025-02-05 00:00:00+05:30,254.4499969482422
2025-02-06 00:00:00+05:30,272.0
2025-02-07 00:00:00+05:30,286.5
2025-02-10 00:00:00+05:30,284.45001220703125
2025-02-11 00:00:00+05:30,267.5
2025-02-12 00:00:00+05:30,266.79998779296875
2025-02-13 00:00:00+05:30,266.6000061035156
