Date,Close
2013-07-17 00:00:00+05:30,163.6273956298828
2013-07-18 00:00:00+05:30,162.4938507080078
2013-07-19 00:00:00+05:30,154.41104125976562
2013-07-22 00:00:00+05:30,147.46180725097656
2013-07-23 00:00:00+05:30,142.48397827148438
2013-07-24 00:00:00+05:30,139.97042846679688
2013-07-25 00:00:00+05:30,133.711181640625
2013-07-26 00:00:00+05:30,140.36471557617188
2013-07-29 00:00:00+05:30,139.37899780273438
2013-07-30 00:00:00+05:30,143.9132537841797
2013-07-31 00:00:00+05:30,151.99606323242188
2013-08-01 00:00:00+05:30,159.0438690185547
2013-08-02 00:00:00+05:30,153.12962341308594
2013-08-05 00:00:00+05:30,156.48101806640625
2013-08-06 00:00:00+05:30,145.39181518554688
2013-08-07 00:00:00+05:30,145.2439727783203
2013-08-08 00:00:00+05:30,141.9911346435547
2013-08-12 00:00:00+05:30,142.33612060546875
2013-08-13 00:00:00+05:30,146.131103515625
2013-08-14 00:00:00+05:30,150.22178649902344
2013-08-16 00:00:00+05:30,141.49827575683594
2013-08-19 00:00:00+05:30,137.604736328125
2013-08-20 00:00:00+05:30,137.55545043945312
2013-08-21 00:00:00+05:30,137.0133056640625
2013-08-22 00:00:00+05:30,134.54904174804688
2013-08-23 00:00:00+05:30,128.93051147460938
2013-08-26 00:00:00+05:30,133.95761108398438
2013-08-27 00:00:00+05:30,130.26121520996094
2013-08-28 00:00:00+05:30,131.14834594726562
2013-08-29 00:00:00+05:30,128.289794921875
2013-08-30 00:00:00+05:30,125.18482208251953
2013-09-02 00:00:00+05:30,124.39625549316406
2013-09-03 00:00:00+05:30,122.76983642578125
2013-09-04 00:00:00+05:30,124.10054016113281
2013-09-05 00:00:00+05:30,123.55840301513672
2013-09-06 00:00:00+05:30,121.53770446777344
2013-09-10 00:00:00+05:30,127.40266418457031
2013-09-11 00:00:00+05:30,123.65697479248047
2013-09-12 00:00:00+05:30,122.96697998046875
2013-09-13 00:00:00+05:30,122.27698516845703
2013-09-16 00:00:00+05:30,119.86199951171875
2013-09-17 00:00:00+05:30,117.29916381835938
2013-09-18 00:00:00+05:30,116.90487670898438
2013-09-19 00:00:00+05:30,118.82701110839844
2013-09-20 00:00:00+05:30,116.46131134033203
2013-09-23 00:00:00+05:30,114.09561157226562
2013-09-24 00:00:00+05:30,116.41202545166016
2013-09-25 00:00:00+05:30,112.56776428222656
2013-09-26 00:00:00+05:30,118.13701629638672
2013-09-27 00:00:00+05:30,115.22917938232422
2013-09-30 00:00:00+05:30,110.15278625488281
2013-10-01 00:00:00+05:30,106.40709686279297
2013-10-03 00:00:00+05:30,114.8841781616211
2013-10-04 00:00:00+05:30,109.95564270019531
2013-10-07 00:00:00+05:30,110.00492858886719
2013-10-08 00:00:00+05:30,109.56136322021484
2013-10-09 00:00:00+05:30,108.62493896484375
2013-10-10 00:00:00+05:30,108.47708129882812
2013-10-11 00:00:00+05:30,109.56136322021484
2013-10-14 00:00:00+05:30,108.42779541015625
2013-10-15 00:00:00+05:30,103.6471176147461
2013-10-17 00:00:00+05:30,101.92212677001953
2013-10-18 00:00:00+05:30,106.5549545288086
2013-10-21 00:00:00+05:30,102.9078369140625
2013-10-22 00:00:00+05:30,103.69640350341797
2013-10-23 00:00:00+05:30,102.75997924804688
2013-10-24 00:00:00+05:30,100.64070892333984
2013-10-25 00:00:00+05:30,102.06998443603516
2013-10-28 00:00:00+05:30,101.18284606933594
2013-10-29 00:00:00+05:30,100.29571533203125
2013-10-30 00:00:00+05:30,100.64070892333984
2013-10-31 00:00:00+05:30,99.8028564453125
2013-11-01 00:00:00+05:30,96.79644775390625
2013-11-05 00:00:00+05:30,96.50074005126953
2013-11-06 00:00:00+05:30,96.79644775390625
2013-11-07 00:00:00+05:30,93.88861846923828
2013-11-08 00:00:00+05:30,90.83292388916016
2013-11-11 00:00:00+05:30,87.77722930908203
2013-11-12 00:00:00+05:30,83.2922592163086
2013-11-13 00:00:00+05:30,80.43370819091797
2013-11-14 00:00:00+05:30,82.60226440429688
2013-11-18 00:00:00+05:30,81.51799011230469
2013-11-19 00:00:00+05:30,79.34943389892578
2013-11-20 00:00:00+05:30,81.56727600097656
2013-11-21 00:00:00+05:30,80.13800048828125
2013-11-22 00:00:00+05:30,78.75801086425781
2013-11-25 00:00:00+05:30,77.23016357421875
2013-11-26 00:00:00+05:30,76.04730987548828
2013-11-27 00:00:00+05:30,75.40660095214844
2013-11-28 00:00:00+05:30,80.43370819091797
2013-11-29 00:00:00+05:30,85.8551025390625
2013-12-02 00:00:00+05:30,85.01725006103516
2013-12-03 00:00:00+05:30,84.96796417236328
2013-12-04 00:00:00+05:30,85.3129653930664
2013-12-05 00:00:00+05:30,83.93296813964844
2013-12-06 00:00:00+05:30,83.04583740234375
2013-12-09 00:00:00+05:30,86.05223846435547
2013-12-10 00:00:00+05:30,83.78511810302734
2013-12-11 00:00:00+05:30,89.00936126708984
2013-12-12 00:00:00+05:30,95.90931701660156
2013-12-13 00:00:00+05:30,97.0921630859375
2013-12-16 00:00:00+05:30,93.00148010253906
2013-12-17 00:00:00+05:30,87.28437805175781
2013-12-18 00:00:00+05:30,84.22868347167969
2013-12-19 00:00:00+05:30,81.61656188964844
2013-12-20 00:00:00+05:30,80.53227996826172
2013-12-23 00:00:00+05:30,82.15869903564453
2013-12-24 00:00:00+05:30,83.78511810302734
2013-12-26 00:00:00+05:30,84.08082580566406
2013-12-27 00:00:00+05:30,84.22868347167969
2013-12-30 00:00:00+05:30,82.65155029296875
2013-12-31 00:00:00+05:30,88.36865234375
2014-01-01 00:00:00+05:30,87.53079986572266
2014-01-02 00:00:00+05:30,84.62296295166016
2014-01-03 00:00:00+05:30,83.58797454833984
2014-01-06 00:00:00+05:30,85.3129653930664
2014-01-07 00:00:00+05:30,83.88368225097656
2014-01-08 00:00:00+05:30,85.657958984375
2014-01-09 00:00:00+05:30,85.06653594970703
2014-01-10 00:00:00+05:30,84.03153991699219
2014-01-13 00:00:00+05:30,83.83440399169922
2014-01-14 00:00:00+05:30,83.83440399169922
2014-01-15 00:00:00+05:30,85.01725006103516
2014-01-16 00:00:00+05:30,86.05223846435547
2014-01-17 00:00:00+05:30,85.01725006103516
2014-01-20 00:00:00+05:30,84.7215347290039
2014-01-21 00:00:00+05:30,86.54509735107422
2014-01-22 00:00:00+05:30,85.60867309570312
2014-01-23 00:00:00+05:30,84.9186782836914
2014-01-24 00:00:00+05:30,84.77082061767578
2014-01-27 00:00:00+05:30,83.34154510498047
2014-01-28 00:00:00+05:30,83.39083099365234
2014-01-29 00:00:00+05:30,83.34154510498047
2014-01-30 00:00:00+05:30,83.6865463256836
2014-01-31 00:00:00+05:30,82.84869384765625
2014-02-03 00:00:00+05:30,83.58797454833984
2014-02-04 00:00:00+05:30,81.91226959228516
2014-02-05 00:00:00+05:30,83.04583740234375
2014-02-06 00:00:00+05:30,82.79940795898438
2014-02-07 00:00:00+05:30,83.73583221435547
2014-02-10 00:00:00+05:30,83.78511810302734
2014-02-11 00:00:00+05:30,83.83440399169922
2014-02-12 00:00:00+05:30,85.06653594970703
2014-02-13 00:00:00+05:30,84.42582702636719
2014-02-14 00:00:00+05:30,88.27008056640625
2014-02-17 00:00:00+05:30,85.70724487304688
2014-02-18 00:00:00+05:30,84.17939758300781
2014-02-19 00:00:00+05:30,83.98225402832031
2014-02-20 00:00:00+05:30,84.22868347167969
2014-02-21 00:00:00+05:30,83.88368225097656
2014-02-24 00:00:00+05:30,84.27796936035156
2014-02-25 00:00:00+05:30,84.82010650634766
2014-02-26 00:00:00+05:30,83.93296813964844
2014-02-28 00:00:00+05:30,83.88368225097656
2014-03-03 00:00:00+05:30,85.95367431640625
2014-03-04 00:00:00+05:30,87.72794342041016
2014-03-05 00:00:00+05:30,87.13652038574219
2014-03-06 00:00:00+05:30,89.15721893310547
2014-03-07 00:00:00+05:30,87.38294982910156
2014-03-10 00:00:00+05:30,84.77082061767578
2014-03-11 00:00:00+05:30,82.84869384765625
2014-03-12 00:00:00+05:30,80.7787094116211
2014-03-13 00:00:00+05:30,81.96155548095703
2014-03-14 00:00:00+05:30,81.91226959228516
2014-03-18 00:00:00+05:30,82.10941314697266
2014-03-19 00:00:00+05:30,82.45441436767578
2014-03-20 00:00:00+05:30,81.51799011230469
2014-03-21 00:00:00+05:30,82.7501220703125
2014-03-24 00:00:00+05:30,82.35584259033203
2014-03-25 00:00:00+05:30,81.61656188964844
2014-03-26 00:00:00+05:30,80.7787094116211
2014-03-27 00:00:00+05:30,80.63085174560547
2014-03-28 00:00:00+05:30,81.02513122558594
2014-03-31 00:00:00+05:30,81.41941833496094
2014-04-01 00:00:00+05:30,80.87728118896484
2014-04-02 00:00:00+05:30,82.70083618164062
2014-04-03 00:00:00+05:30,84.77082061767578
2014-04-04 00:00:00+05:30,83.88368225097656
2014-04-07 00:00:00+05:30,87.18580627441406
2014-04-09 00:00:00+05:30,89.79792785644531
2014-04-10 00:00:00+05:30,88.9107894897461
2014-04-11 00:00:00+05:30,89.00936126708984
2014-04-15 00:00:00+05:30,95.51502990722656
2014-04-16 00:00:00+05:30,97.73287200927734
2014-04-17 00:00:00+05:30,100.09857177734375
2014-04-21 00:00:00+05:30,102.80926513671875
2014-04-22 00:00:00+05:30,106.99851989746094
2014-04-23 00:00:00+05:30,115.62345886230469
2014-04-24 00:00:00+05:30,115.62345886230469
2014-04-25 00:00:00+05:30,130.60621643066406
2014-04-28 00:00:00+05:30,129.96551513671875
2014-04-29 00:00:00+05:30,125.82553100585938
2014-04-30 00:00:00+05:30,120.8969955444336
2014-05-02 00:00:00+05:30,132.97189331054688
2014-05-05 00:00:00+05:30,132.8240509033203
2014-05-06 00:00:00+05:30,124.39625549316406
2014-05-07 00:00:00+05:30,126.66338348388672
2014-05-08 00:00:00+05:30,123.31197357177734
2014-05-09 00:00:00+05:30,128.53622436523438
2014-05-12 00:00:00+05:30,125.92410278320312
2014-05-13 00:00:00+05:30,123.85411834716797
2014-05-14 00:00:00+05:30,123.4105453491211
2014-05-15 00:00:00+05:30,123.36125946044922
2014-05-16 00:00:00+05:30,128.73336791992188
2014-05-19 00:00:00+05:30,133.4154815673828
2014-05-20 00:00:00+05:30,131.83834838867188
2014-05-21 00:00:00+05:30,127.59980010986328
2014-05-22 00:00:00+05:30,130.26121520996094
2014-05-23 00:00:00+05:30,130.45835876464844
2014-05-26 00:00:00+05:30,123.0655517578125
2014-05-27 00:00:00+05:30,120.60128021240234
2014-05-28 00:00:00+05:30,125.87481689453125
2014-05-29 00:00:00+05:30,121.53770446777344
2014-05-30 00:00:00+05:30,119.9605712890625
2014-06-02 00:00:00+05:30,118.92557525634766
2014-06-03 00:00:00+05:30,120.05914306640625
2014-06-04 00:00:00+05:30,120.79842376708984
2014-06-05 00:00:00+05:30,119.4184341430664
2014-06-06 00:00:00+05:30,116.46131134033203
2014-06-09 00:00:00+05:30,116.26416778564453
2014-06-10 00:00:00+05:30,115.72203063964844
2014-06-11 00:00:00+05:30,114.98274993896484
2014-06-12 00:00:00+05:30,112.61705017089844
2014-06-13 00:00:00+05:30,112.66633605957031
2014-06-16 00:00:00+05:30,123.2134017944336
2014-06-17 00:00:00+05:30,124.88910675048828
2014-06-18 00:00:00+05:30,122.22769927978516
2014-06-19 00:00:00+05:30,123.31197357177734
2014-06-20 00:00:00+05:30,123.70626068115234
2014-06-23 00:00:00+05:30,123.0655517578125
2014-06-24 00:00:00+05:30,122.62197875976562
2014-06-25 00:00:00+05:30,124.05125427246094
2014-06-26 00:00:00+05:30,122.22769927978516
2014-06-27 00:00:00+05:30,122.81912231445312
2014-06-30 00:00:00+05:30,122.3262710571289
2014-07-01 00:00:00+05:30,122.52340698242188
2014-07-02 00:00:00+05:30,121.7348403930664
2014-07-03 00:00:00+05:30,121.88269805908203
2014-07-04 00:00:00+05:30,122.07984161376953
2014-07-07 00:00:00+05:30,122.62197875976562
2014-07-08 00:00:00+05:30,121.48841857910156
2014-07-09 00:00:00+05:30,118.53129577636719
2014-07-10 00:00:00+05:30,121.53770446777344
2014-07-11 00:00:00+05:30,118.43272399902344
2014-07-14 00:00:00+05:30,113.99703979492188
2014-07-15 00:00:00+05:30,117.89058685302734
2014-07-16 00:00:00+05:30,123.4105453491211
2014-07-17 00:00:00+05:30,122.42483520507812
2014-07-18 00:00:00+05:30,124.69196319580078
2014-07-21 00:00:00+05:30,125.92410278320312
2014-07-22 00:00:00+05:30,125.72695922851562
2014-07-23 00:00:00+05:30,124.44554138183594
2014-07-24 00:00:00+05:30,124.39625549316406
2014-07-25 00:00:00+05:30,123.70626068115234
2014-07-28 00:00:00+05:30,122.57269287109375
2014-07-30 00:00:00+05:30,123.65697479248047
2014-07-31 00:00:00+05:30,123.55840301513672
2014-08-01 00:00:00+05:30,111.08920288085938
2014-08-04 00:00:00+05:30,110.25135803222656
2014-08-05 00:00:00+05:30,110.25135803222656
2014-08-06 00:00:00+05:30,109.0685043334961
2014-08-07 00:00:00+05:30,121.34056091308594
2014-08-08 00:00:00+05:30,109.41350555419922
2014-08-11 00:00:00+05:30,109.61064147949219
2014-08-12 00:00:00+05:30,115.86988830566406
2014-08-13 00:00:00+05:30,110.59635162353516
2014-08-14 00:00:00+05:30,110.79349517822266
2014-08-18 00:00:00+05:30,109.36421966552734
2014-08-19 00:00:00+05:30,109.2656478881836
2014-08-20 00:00:00+05:30,108.3292236328125
2014-08-21 00:00:00+05:30,108.42779541015625
2014-08-22 00:00:00+05:30,108.42779541015625
2014-08-25 00:00:00+05:30,111.03992462158203
2014-08-26 00:00:00+05:30,112.51847839355469
2014-08-27 00:00:00+05:30,112.02562713623047
2014-08-28 00:00:00+05:30,112.96205139160156
2014-09-01 00:00:00+05:30,112.56776428222656
2014-09-02 00:00:00+05:30,112.76490783691406
2014-09-03 00:00:00+05:30,110.99063873291016
2014-09-04 00:00:00+05:30,110.00492858886719
2014-09-05 00:00:00+05:30,112.46919250488281
2014-09-08 00:00:00+05:30,111.92705535888672
2014-09-09 00:00:00+05:30,110.94135284423828
2014-09-10 00:00:00+05:30,111.48348999023438
2014-09-11 00:00:00+05:30,123.50911712646484
2014-09-12 00:00:00+05:30,121.24198913574219
2014-09-15 00:00:00+05:30,120.10842895507812
2014-09-16 00:00:00+05:30,119.763427734375
2014-09-17 00:00:00+05:30,119.46772003173828
2014-09-18 00:00:00+05:30,122.868408203125
2014-09-19 00:00:00+05:30,118.67915344238281
2014-09-22 00:00:00+05:30,123.6076889038086
2014-09-23 00:00:00+05:30,117.447021484375
2014-09-24 00:00:00+05:30,120.05914306640625
2014-09-25 00:00:00+05:30,119.46772003173828
2014-09-26 00:00:00+05:30,131.93692016601562
2014-09-29 00:00:00+05:30,132.38047790527344
2014-09-30 00:00:00+05:30,127.05766296386719
2014-10-01 00:00:00+05:30,123.16412353515625
2014-10-07 00:00:00+05:30,118.58058166503906
2014-10-08 00:00:00+05:30,124.24839782714844
2014-10-09 00:00:00+05:30,122.6712646484375
2014-10-10 00:00:00+05:30,121.09413146972656
2014-10-13 00:00:00+05:30,121.38984680175781
2014-10-14 00:00:00+05:30,120.65056610107422
2014-10-15 00:00:00+05:30,120.65056610107422
2014-10-16 00:00:00+05:30,117.2498779296875
2014-10-17 00:00:00+05:30,117.15130615234375
2014-10-20 00:00:00+05:30,118.53129577636719
2014-10-21 00:00:00+05:30,115.42631530761719
2014-10-22 00:00:00+05:30,117.84130096435547
2014-10-27 00:00:00+05:30,120.20700073242188
2014-10-28 00:00:00+05:30,118.62986755371094
2014-10-29 00:00:00+05:30,117.69344329833984
2014-10-30 00:00:00+05:30,117.54558563232422
2014-10-31 00:00:00+05:30,121.78412628173828
2014-11-03 00:00:00+05:30,123.16412353515625
2014-11-05 00:00:00+05:30,120.45342254638672
2014-11-07 00:00:00+05:30,120.00985717773438
2014-11-10 00:00:00+05:30,117.84130096435547
2014-11-11 00:00:00+05:30,120.60128021240234
2014-11-12 00:00:00+05:30,120.30557250976562
2014-11-13 00:00:00+05:30,119.0241470336914
2014-11-14 00:00:00+05:30,119.27057647705078
2014-11-17 00:00:00+05:30,118.97486114501953
2014-11-18 00:00:00+05:30,119.27057647705078
2014-11-19 00:00:00+05:30,119.27057647705078
2014-11-20 00:00:00+05:30,118.33415222167969
2014-11-21 00:00:00+05:30,119.12271881103516
2014-11-24 00:00:00+05:30,115.37702941894531
2014-11-25 00:00:00+05:30,115.37702941894531
2014-11-26 00:00:00+05:30,115.03203582763672
2014-11-27 00:00:00+05:30,115.32774353027344
2014-11-28 00:00:00+05:30,114.73632049560547
2014-12-01 00:00:00+05:30,115.96846008300781
2014-12-02 00:00:00+05:30,118.72843933105469
2014-12-03 00:00:00+05:30,119.27057647705078
2014-12-04 00:00:00+05:30,117.2498779296875
2014-12-05 00:00:00+05:30,114.04632568359375
2014-12-08 00:00:00+05:30,112.27205657958984
2014-12-09 00:00:00+05:30,109.85707092285156
2014-12-10 00:00:00+05:30,111.08920288085938
2014-12-11 00:00:00+05:30,108.57565307617188
2014-12-12 00:00:00+05:30,107.7870864868164
2014-12-15 00:00:00+05:30,103.74568939208984
2014-12-16 00:00:00+05:30,104.53425598144531
2014-12-17 00:00:00+05:30,106.60424041748047
2014-12-18 00:00:00+05:30,107.29423522949219
2014-12-19 00:00:00+05:30,111.18777465820312
2014-12-22 00:00:00+05:30,114.29275512695312
2014-12-23 00:00:00+05:30,112.22277069091797
2014-12-24 00:00:00+05:30,115.72203063964844
2014-12-26 00:00:00+05:30,121.29127502441406
2014-12-29 00:00:00+05:30,118.62986755371094
2014-12-30 00:00:00+05:30,120.35485076904297
2014-12-31 00:00:00+05:30,118.43272399902344
2015-01-01 00:00:00+05:30,118.18629455566406
2015-01-02 00:00:00+05:30,117.15130615234375
2015-01-05 00:00:00+05:30,118.28486633300781
2015-01-06 00:00:00+05:30,116.3134536743164
2015-01-07 00:00:00+05:30,117.29916381835938
2015-01-08 00:00:00+05:30,117.39773559570312
2015-01-09 00:00:00+05:30,117.2498779296875
2015-01-12 00:00:00+05:30,117.29916381835938
2015-01-13 00:00:00+05:30,116.65845489501953
2015-01-14 00:00:00+05:30,116.8555908203125
2015-01-15 00:00:00+05:30,118.43272399902344
2015-01-16 00:00:00+05:30,115.67274475097656
2015-01-19 00:00:00+05:30,118.23558044433594
2015-01-20 00:00:00+05:30,118.13701629638672
2015-01-21 00:00:00+05:30,116.8555908203125
2015-01-22 00:00:00+05:30,116.36273956298828
2015-01-23 00:00:00+05:30,122.52340698242188
2015-01-27 00:00:00+05:30,122.27698516845703
2015-01-28 00:00:00+05:30,120.10842895507812
2015-01-29 00:00:00+05:30,119.4184341430664
2015-01-30 00:00:00+05:30,120.74913787841797
2015-02-02 00:00:00+05:30,123.55840301513672
2015-02-03 00:00:00+05:30,121.63627624511719
2015-02-04 00:00:00+05:30,121.19270324707031
2015-02-05 00:00:00+05:30,120.45342254638672
2015-02-06 00:00:00+05:30,118.43272399902344
2015-02-09 00:00:00+05:30,116.3134536743164
2015-02-10 00:00:00+05:30,116.5105972290039
2015-02-11 00:00:00+05:30,116.06702423095703
2015-02-12 00:00:00+05:30,116.46131134033203
2015-02-13 00:00:00+05:30,119.07343292236328
2015-02-16 00:00:00+05:30,119.31986236572266
2015-02-18 00:00:00+05:30,116.80630493164062
2015-02-19 00:00:00+05:30,113.15918731689453
2015-02-20 00:00:00+05:30,113.01133728027344
2015-02-23 00:00:00+05:30,113.01133728027344
2015-02-24 00:00:00+05:30,110.54706573486328
2015-02-25 00:00:00+05:30,113.55347442626953
2015-02-26 00:00:00+05:30,112.76490783691406
2015-02-27 00:00:00+05:30,111.87776947021484
2015-03-02 00:00:00+05:30,113.99703979492188
2015-03-03 00:00:00+05:30,114.29275512695312
2015-03-04 00:00:00+05:30,113.06062316894531
2015-03-05 00:00:00+05:30,112.27205657958984
2015-03-09 00:00:00+05:30,113.01133728027344
2015-03-10 00:00:00+05:30,112.56776428222656
2015-03-11 00:00:00+05:30,114.342041015625
2015-03-12 00:00:00+05:30,113.89847564697266
2015-03-13 00:00:00+05:30,115.91917419433594
2015-03-16 00:00:00+05:30,118.08773040771484
2015-03-17 00:00:00+05:30,113.50418853759766
2015-03-18 00:00:00+05:30,117.15130615234375
2015-03-19 00:00:00+05:30,114.58847045898438
2015-03-20 00:00:00+05:30,112.66633605957031
2015-03-23 00:00:00+05:30,112.91276550292969
2015-03-24 00:00:00+05:30,112.91276550292969
2015-03-25 00:00:00+05:30,112.96205139160156
2015-03-26 00:00:00+05:30,112.46919250488281
2015-03-27 00:00:00+05:30,111.18777465820312
2015-03-30 00:00:00+05:30,113.35633087158203
2015-03-31 00:00:00+05:30,113.35633087158203
2015-04-01 00:00:00+05:30,113.06062316894531
2015-04-06 00:00:00+05:30,112.51847839355469
2015-04-07 00:00:00+05:30,115.96846008300781
2015-04-08 00:00:00+05:30,115.22917938232422
2015-04-09 00:00:00+05:30,117.2498779296875
2015-04-10 00:00:00+05:30,117.2498779296875
2015-04-13 00:00:00+05:30,117.29916381835938
2015-04-15 00:00:00+05:30,116.16559600830078
2015-04-16 00:00:00+05:30,113.75061798095703
2015-04-17 00:00:00+05:30,113.10990905761719
2015-04-20 00:00:00+05:30,112.41991424560547
2015-04-21 00:00:00+05:30,113.35633087158203
2015-04-22 00:00:00+05:30,111.03992462158203
2015-04-23 00:00:00+05:30,112.32134246826172
2015-04-24 00:00:00+05:30,112.12419891357422
2015-04-27 00:00:00+05:30,113.35633087158203
2015-04-28 00:00:00+05:30,113.45490264892578
2015-04-29 00:00:00+05:30,111.7791976928711
2015-04-30 00:00:00+05:30,113.01133728027344
2015-05-04 00:00:00+05:30,135.5840301513672
2015-05-05 00:00:00+05:30,162.69097900390625
2015-05-06 00:00:00+05:30,153.32676696777344
2015-05-07 00:00:00+05:30,168.65451049804688
2015-05-08 00:00:00+05:30,185.51010131835938
2015-05-11 00:00:00+05:30,176.58944702148438
2015-05-12 00:00:00+05:30,166.63380432128906
2015-05-13 00:00:00+05:30,164.95811462402344
2015-05-14 00:00:00+05:30,163.08526611328125
2015-05-15 00:00:00+05:30,164.51454162597656
2015-05-18 00:00:00+05:30,180.9265594482422
2015-05-19 00:00:00+05:30,184.86940002441406
2015-05-20 00:00:00+05:30,194.08575439453125
2015-05-21 00:00:00+05:30,196.89501953125
2015-05-22 00:00:00+05:30,192.9029083251953
2015-05-25 00:00:00+05:30,191.96649169921875
2015-05-26 00:00:00+05:30,188.07293701171875
2015-05-27 00:00:00+05:30,181.6658477783203
2015-05-28 00:00:00+05:30,177.27944946289062
2015-05-29 00:00:00+05:30,179.39871215820312
2015-06-01 00:00:00+05:30,182.3558349609375
2015-06-02 00:00:00+05:30,174.17446899414062
2015-06-03 00:00:00+05:30,172.69590759277344
2015-06-04 00:00:00+05:30,174.07589721679688
2015-06-05 00:00:00+05:30,178.3637237548828
2015-06-08 00:00:00+05:30,176.2937469482422
2015-06-09 00:00:00+05:30,167.3238067626953
2015-06-10 00:00:00+05:30,168.95022583007812
2015-06-11 00:00:00+05:30,164.56382751464844
2015-06-12 00:00:00+05:30,166.68309020996094
2015-06-15 00:00:00+05:30,167.816650390625
2015-06-16 00:00:00+05:30,163.03598022460938
2015-06-17 00:00:00+05:30,160.57171630859375
2015-06-18 00:00:00+05:30,168.99951171875
2015-06-19 00:00:00+05:30,164.36668395996094
2015-06-22 00:00:00+05:30,167.96450805664062
2015-06-23 00:00:00+05:30,169.39378356933594
2015-06-24 00:00:00+05:30,171.9073486328125
2015-06-25 00:00:00+05:30,171.9073486328125
2015-06-26 00:00:00+05:30,176.34303283691406
2015-06-29 00:00:00+05:30,177.27944946289062
2015-06-30 00:00:00+05:30,176.83587646484375
2015-07-01 00:00:00+05:30,177.03302001953125
2015-07-02 00:00:00+05:30,181.02513122558594
2015-07-03 00:00:00+05:30,181.61656188964844
2015-07-06 00:00:00+05:30,184.67225646972656
2015-07-07 00:00:00+05:30,182.50369262695312
2015-07-08 00:00:00+05:30,179.10301208496094
2015-07-09 00:00:00+05:30,181.76441955566406
2015-07-10 00:00:00+05:30,180.630859375
2015-07-13 00:00:00+05:30,182.3558349609375
2015-07-14 00:00:00+05:30,180.38442993164062
2015-07-15 00:00:00+05:30,182.25726318359375
2015-07-16 00:00:00+05:30,184.91868591308594
2015-07-17 00:00:00+05:30,192.21290588378906
2015-07-20 00:00:00+05:30,221.9812774658203
2015-07-21 00:00:00+05:30,220.25628662109375
2015-07-22 00:00:00+05:30,222.47412109375
2015-07-23 00:00:00+05:30,220.10842895507812
2015-07-24 00:00:00+05:30,214.98275756835938
2015-07-27 00:00:00+05:30,213.2577667236328
2015-07-28 00:00:00+05:30,217.00344848632812
2015-07-29 00:00:00+05:30,223.5583953857422
2015-07-30 00:00:00+05:30,220.05914306640625
2015-07-31 00:00:00+05:30,220.60128784179688
2015-08-03 00:00:00+05:30,221.6362762451172
2015-08-04 00:00:00+05:30,217.6441650390625
2015-08-05 00:00:00+05:30,218.82701110839844
2015-08-06 00:00:00+05:30,218.62986755371094
2015-08-07 00:00:00+05:30,218.3341522216797
2015-08-10 00:00:00+05:30,218.23558044433594
2015-08-11 00:00:00+05:30,215.0320281982422
2015-08-12 00:00:00+05:30,204.3863983154297
2015-08-13 00:00:00+05:30,205.07638549804688
2015-08-14 00:00:00+05:30,211.4342041015625
2015-08-17 00:00:00+05:30,228.63479614257812
2015-08-18 00:00:00+05:30,219.22129821777344
2015-08-19 00:00:00+05:30,216.60916137695312
2015-08-20 00:00:00+05:30,205.91424560546875
2015-08-21 00:00:00+05:30,205.47067260742188
2015-08-24 00:00:00+05:30,183.88368225097656
2015-08-25 00:00:00+05:30,190.8822021484375
2015-08-26 00:00:00+05:30,192.21290588378906
2015-08-27 00:00:00+05:30,201.37998962402344
2015-08-28 00:00:00+05:30,195.2193145751953
2015-08-31 00:00:00+05:30,190.14292907714844
2015-09-01 00:00:00+05:30,183.341552734375
2015-09-02 00:00:00+05:30,183.6372528076172
2015-09-03 00:00:00+05:30,187.1365203857422
2015-09-04 00:00:00+05:30,182.7501220703125
2015-09-07 00:00:00+05:30,177.67373657226562
2015-09-08 00:00:00+05:30,182.3558349609375
2015-09-09 00:00:00+05:30,183.68653869628906
2015-09-10 00:00:00+05:30,185.16510009765625
2015-09-11 00:00:00+05:30,188.9600830078125
2015-09-14 00:00:00+05:30,196.59930419921875
2015-09-15 00:00:00+05:30,231.54263305664062
2015-09-16 00:00:00+05:30,222.81912231445312
2015-09-18 00:00:00+05:30,217.00344848632812
2015-09-21 00:00:00+05:30,226.02267456054688
2015-09-22 00:00:00+05:30,220.9955596923828
2015-09-23 00:00:00+05:30,217.00344848632812
2015-09-24 00:00:00+05:30,216.3627471923828
2015-09-28 00:00:00+05:30,207.39280700683594
2015-09-29 00:00:00+05:30,217.79200744628906
2015-09-30 00:00:00+05:30,215.8206024169922
2015-10-01 00:00:00+05:30,215.1798858642578
2015-10-05 00:00:00+05:30,221.34056091308594
2015-10-06 00:00:00+05:30,217.74273681640625
2015-10-07 00:00:00+05:30,218.23558044433594
2015-10-08 00:00:00+05:30,213.20848083496094
2015-10-09 00:00:00+05:30,213.79989624023438
2015-10-12 00:00:00+05:30,211.8284912109375
2015-10-13 00:00:00+05:30,215.1798858642578
2015-10-14 00:00:00+05:30,214.68704223632812
2015-10-15 00:00:00+05:30,215.7713165283203
2015-10-16 00:00:00+05:30,226.90980529785156
2015-10-19 00:00:00+05:30,220.30557250976562
2015-10-20 00:00:00+05:30,218.03843688964844
2015-10-21 00:00:00+05:30,217.20059204101562
2015-10-23 00:00:00+05:30,215.1798858642578
2015-10-26 00:00:00+05:30,214.09561157226562
2015-10-27 00:00:00+05:30,214.88418579101562
2015-10-28 00:00:00+05:30,216.658447265625
2015-10-29 00:00:00+05:30,211.97634887695312
2015-10-30 00:00:00+05:30,212.22276306152344
2015-11-02 00:00:00+05:30,213.35633850097656
2015-11-03 00:00:00+05:30,210.30064392089844
2015-11-04 00:00:00+05:30,208.47708129882812
2015-11-05 00:00:00+05:30,208.18136596679688
2015-11-06 00:00:00+05:30,208.03350830078125
2015-11-09 00:00:00+05:30,205.86495971679688
2015-11-10 00:00:00+05:30,204.43568420410156
2015-11-13 00:00:00+05:30,207.6885223388672
2015-11-16 00:00:00+05:30,209.51206970214844
2015-11-17 00:00:00+05:30,213.2577667236328
2015-11-18 00:00:00+05:30,214.83489990234375
2015-11-19 00:00:00+05:30,214.04632568359375
2015-11-20 00:00:00+05:30,216.90487670898438
2015-11-23 00:00:00+05:30,210.79348754882812
2015-11-24 00:00:00+05:30,209.6106414794922
2015-11-26 00:00:00+05:30,212.61705017089844
2015-11-27 00:00:00+05:30,214.98275756835938
2015-11-30 00:00:00+05:30,215.08131408691406
2015-12-01 00:00:00+05:30,213.94775390625
2015-12-02 00:00:00+05:30,214.88418579101562
2015-12-03 00:00:00+05:30,212.4691925048828
2015-12-04 00:00:00+05:30,214.78561401367188
2015-12-07 00:00:00+05:30,211.237060546875
2015-12-08 00:00:00+05:30,210.44850158691406
2015-12-09 00:00:00+05:30,201.97142028808594
2015-12-10 00:00:00+05:30,203.9921112060547
2015-12-11 00:00:00+05:30,203.5978240966797
2015-12-14 00:00:00+05:30,210.89205932617188
2015-12-15 00:00:00+05:30,211.87777709960938
2015-12-16 00:00:00+05:30,210.10350036621094
2015-12-17 00:00:00+05:30,215.72203063964844
2015-12-18 00:00:00+05:30,218.03843688964844
2015-12-21 00:00:00+05:30,218.7284393310547
2015-12-22 00:00:00+05:30,217.10202026367188
2015-12-23 00:00:00+05:30,218.4820098876953
2015-12-24 00:00:00+05:30,218.9255828857422
2015-12-28 00:00:00+05:30,220.40414428710938
2015-12-29 00:00:00+05:30,221.34056091308594
2015-12-30 00:00:00+05:30,222.62197875976562
2015-12-31 00:00:00+05:30,227.99407958984375
2016-01-01 00:00:00+05:30,244.4553985595703
2016-01-04 00:00:00+05:30,244.2582550048828
2016-01-05 00:00:00+05:30,241.7939910888672
2016-01-06 00:00:00+05:30,236.22474670410156
2016-01-07 00:00:00+05:30,225.67767333984375
2016-01-08 00:00:00+05:30,228.0926513671875
2016-01-11 00:00:00+05:30,222.12911987304688
2016-01-12 00:00:00+05:30,215.0320281982422
2016-01-13 00:00:00+05:30,217.10202026367188
2016-01-14 00:00:00+05:30,212.61705017089844
2016-01-15 00:00:00+05:30,209.5613555908203
2016-01-18 00:00:00+05:30,197.43716430664062
2016-01-19 00:00:00+05:30,208.132080078125
2016-01-20 00:00:00+05:30,215.67274475097656
2016-01-21 00:00:00+05:30,206.25924682617188
2016-01-22 00:00:00+05:30,207.4913787841797
2016-01-25 00:00:00+05:30,207.98422241210938
2016-01-27 00:00:00+05:30,210.25135803222656
2016-01-28 00:00:00+05:30,217.20059204101562
2016-01-29 00:00:00+05:30,219.1227264404297
2016-02-01 00:00:00+05:30,216.60916137695312
2016-02-02 00:00:00+05:30,216.658447265625
2016-02-03 00:00:00+05:30,206.11138916015625
2016-02-04 00:00:00+05:30,174.026611328125
2016-02-05 00:00:00+05:30,180.8772735595703
2016-02-08 00:00:00+05:30,173.97732543945312
2016-02-09 00:00:00+05:30,170.57664489746094
2016-02-10 00:00:00+05:30,165.89453125
2016-02-11 00:00:00+05:30,159.93099975585938
2016-02-12 00:00:00+05:30,142.92755126953125
2016-02-15 00:00:00+05:30,139.0340118408203
2016-02-16 00:00:00+05:30,143.2232666015625
2016-02-17 00:00:00+05:30,136.3233184814453
2016-02-18 00:00:00+05:30,142.58255004882812
2016-02-19 00:00:00+05:30,147.3632354736328
2016-02-22 00:00:00+05:30,148.6446533203125
2016-02-23 00:00:00+05:30,145.63824462890625
2016-02-24 00:00:00+05:30,143.17398071289062
2016-02-25 00:00:00+05:30,138.93544006347656
2016-02-26 00:00:00+05:30,133.2676239013672
2016-02-29 00:00:00+05:30,126.3183822631836
2016-03-01 00:00:00+05:30,138.98472595214844
2016-03-02 00:00:00+05:30,142.87826538085938
2016-03-03 00:00:00+05:30,156.72744750976562
2016-03-04 00:00:00+05:30,147.95465087890625
2016-03-08 00:00:00+05:30,145.68753051757812
2016-03-09 00:00:00+05:30,146.3775177001953
2016-03-10 00:00:00+05:30,147.51109313964844
2016-03-11 00:00:00+05:30,147.8068084716797
2016-03-14 00:00:00+05:30,148.6446533203125
2016-03-15 00:00:00+05:30,141.0054168701172
2016-03-16 00:00:00+05:30,138.78758239746094
2016-03-17 00:00:00+05:30,144.7018280029297
2016-03-18 00:00:00+05:30,148.89108276367188
2016-03-21 00:00:00+05:30,143.8639678955078
2016-03-22 00:00:00+05:30,138.8368682861328
2016-03-23 00:00:00+05:30,137.99900817871094
2016-03-28 00:00:00+05:30,133.9083251953125
2016-03-29 00:00:00+05:30,136.1754608154297
2016-03-30 00:00:00+05:30,136.421875
2016-03-31 00:00:00+05:30,144.0611114501953
2016-04-01 00:00:00+05:30,138.59043884277344
2016-04-04 00:00:00+05:30,145.58895874023438
2016-04-05 00:00:00+05:30,138.0975799560547
2016-04-06 00:00:00+05:30,143.7161102294922
2016-04-07 00:00:00+05:30,142.92755126953125
2016-04-08 00:00:00+05:30,148.6446533203125
2016-04-11 00:00:00+05:30,155.00245666503906
2016-04-12 00:00:00+05:30,159.38885498046875
2016-04-13 00:00:00+05:30,162.9866943359375
2016-04-18 00:00:00+05:30,156.92459106445312
2016-04-20 00:00:00+05:30,152.6367645263672
2016-04-21 00:00:00+05:30,150.9610595703125
2016-04-22 00:00:00+05:30,149.18679809570312
2016-04-25 00:00:00+05:30,146.8210906982422
2016-04-26 00:00:00+05:30,148.49679565429688
2016-04-27 00:00:00+05:30,147.31394958496094
2016-04-28 00:00:00+05:30,143.17398071289062
2016-04-29 00:00:00+05:30,145.44110107421875
2016-05-02 00:00:00+05:30,143.32183837890625
2016-05-03 00:00:00+05:30,139.87185668945312
2016-05-04 00:00:00+05:30,138.93544006347656
2016-05-05 00:00:00+05:30,137.65402221679688
2016-05-06 00:00:00+05:30,140.56185913085938
2016-05-09 00:00:00+05:30,147.65895080566406
2016-05-10 00:00:00+05:30,148.447509765625
2016-05-11 00:00:00+05:30,149.9260711669922
2016-05-12 00:00:00+05:30,149.7289276123047
2016-05-13 00:00:00+05:30,156.43173217773438
2016-05-16 00:00:00+05:30,148.59536743164062
2016-05-17 00:00:00+05:30,149.82749938964844
2016-05-18 00:00:00+05:30,153.27748107910156
2016-05-19 00:00:00+05:30,152.34104919433594
2016-05-20 00:00:00+05:30,148.841796875
2016-05-23 00:00:00+05:30,146.6239471435547
2016-05-24 00:00:00+05:30,144.01182556152344
2016-05-25 00:00:00+05:30,144.55397033691406
2016-05-26 00:00:00+05:30,135.83045959472656
2016-05-27 00:00:00+05:30,132.57762145996094
2016-05-30 00:00:00+05:30,134.00689697265625
2016-05-31 00:00:00+05:30,129.86692810058594
2016-06-01 00:00:00+05:30,133.85903930664062
2016-06-02 00:00:00+05:30,133.36619567871094
2016-06-03 00:00:00+05:30,128.38836669921875
2016-06-06 00:00:00+05:30,131.24691772460938
2016-06-07 00:00:00+05:30,127.9448013305664
2016-06-08 00:00:00+05:30,129.3740692138672
2016-06-09 00:00:00+05:30,129.47264099121094
2016-06-10 00:00:00+05:30,129.9654998779297
2016-06-13 00:00:00+05:30,129.62049865722656
2016-06-14 00:00:00+05:30,128.19122314453125
2016-06-15 00:00:00+05:30,126.36766815185547
2016-06-16 00:00:00+05:30,127.20552062988281
2016-06-17 00:00:00+05:30,130.75405883789062
2016-06-20 00:00:00+05:30,130.21192932128906
2016-06-21 00:00:00+05:30,134.15475463867188
2016-06-22 00:00:00+05:30,132.4297637939453
2016-06-23 00:00:00+05:30,132.72547912597656
2016-06-24 00:00:00+05:30,129.27549743652344
2016-06-27 00:00:00+05:30,132.38047790527344
2016-06-28 00:00:00+05:30,132.18333435058594
2016-06-29 00:00:00+05:30,139.67471313476562
2016-06-30 00:00:00+05:30,140.66041564941406
2016-07-01 00:00:00+05:30,140.90684509277344
2016-07-04 00:00:00+05:30,141.69541931152344
2016-07-05 00:00:00+05:30,142.53326416015625
2016-07-07 00:00:00+05:30,147.51109313964844
2016-07-08 00:00:00+05:30,142.4346923828125
2016-07-11 00:00:00+05:30,141.89256286621094
2016-07-12 00:00:00+05:30,141.7939910888672
2016-07-13 00:00:00+05:30,138.98472595214844
2016-07-14 00:00:00+05:30,138.98472595214844
2016-07-15 00:00:00+05:30,137.30902099609375
2016-07-18 00:00:00+05:30,141.30113220214844
2016-07-19 00:00:00+05:30,139.67471313476562
2016-07-20 00:00:00+05:30,139.18186950683594
2016-07-21 00:00:00+05:30,138.98472595214844
2016-07-22 00:00:00+05:30,139.28042602539062
2016-07-25 00:00:00+05:30,137.99900817871094
2016-07-26 00:00:00+05:30,146.47608947753906
2016-07-27 00:00:00+05:30,142.97683715820312
2016-07-28 00:00:00+05:30,142.77969360351562
2016-07-29 00:00:00+05:30,142.73040771484375
2016-08-01 00:00:00+05:30,145.04681396484375
2016-08-02 00:00:00+05:30,142.53326416015625
2016-08-03 00:00:00+05:30,141.7447052001953
2016-08-04 00:00:00+05:30,142.13897705078125
2016-08-05 00:00:00+05:30,143.7161102294922
2016-08-08 00:00:00+05:30,148.2503662109375
2016-08-09 00:00:00+05:30,152.7846221923828
2016-08-10 00:00:00+05:30,149.13751220703125
2016-08-11 00:00:00+05:30,150.17250061035156
2016-08-12 00:00:00+05:30,147.1660919189453
2016-08-16 00:00:00+05:30,148.59536743164062
2016-08-17 00:00:00+05:30,148.6446533203125
2016-08-18 00:00:00+05:30,161.1138458251953
2016-08-19 00:00:00+05:30,162.49383544921875
2016-08-22 00:00:00+05:30,162.78955078125
2016-08-23 00:00:00+05:30,166.9295196533203
2016-08-24 00:00:00+05:30,164.2188262939453
2016-08-25 00:00:00+05:30,160.7688446044922
2016-08-26 00:00:00+05:30,161.40956115722656
2016-08-29 00:00:00+05:30,160.7195587158203
2016-08-30 00:00:00+05:30,163.3809814453125
2016-08-31 00:00:00+05:30,153.47462463378906
2016-09-01 00:00:00+05:30,150.71463012695312
2016-09-02 00:00:00+05:30,149.77821350097656
2016-09-06 00:00:00+05:30,149.43321228027344
2016-09-07 00:00:00+05:30,148.74322509765625
2016-09-08 00:00:00+05:30,149.63035583496094
2016-09-09 00:00:00+05:30,148.89108276367188
2016-09-12 00:00:00+05:30,144.20896911621094
2016-09-14 00:00:00+05:30,144.80039978027344
2016-09-15 00:00:00+05:30,144.40611267089844
2016-09-16 00:00:00+05:30,142.28683471679688
2016-09-19 00:00:00+05:30,142.28683471679688
2016-09-20 00:00:00+05:30,140.46328735351562
2016-09-21 00:00:00+05:30,136.1261749267578
2016-09-22 00:00:00+05:30,135.7318878173828
2016-09-23 00:00:00+05:30,138.39329528808594
2016-09-26 00:00:00+05:30,139.42828369140625
2016-09-27 00:00:00+05:30,137.35830688476562
2016-09-28 00:00:00+05:30,139.87185668945312
2016-09-29 00:00:00+05:30,136.07688903808594
2016-09-30 00:00:00+05:30,135.87974548339844
2016-10-03 00:00:00+05:30,139.42828369140625
2016-10-04 00:00:00+05:30,140.1182861328125
2016-10-05 00:00:00+05:30,143.17398071289062
2016-10-06 00:00:00+05:30,142.58255004882812
2016-10-07 00:00:00+05:30,142.33612060546875
2016-10-10 00:00:00+05:30,140.36471557617188
2016-10-13 00:00:00+05:30,138.2947235107422
2016-10-14 00:00:00+05:30,138.0975799560547
2016-10-17 00:00:00+05:30,138.0482940673828
2016-10-18 00:00:00+05:30,141.05470275878906
2016-10-19 00:00:00+05:30,143.56825256347656
2016-10-20 00:00:00+05:30,146.18038940429688
2016-10-21 00:00:00+05:30,149.2853546142578
2016-10-24 00:00:00+05:30,154.01675415039062
2016-10-25 00:00:00+05:30,160.9659881591797
2016-10-26 00:00:00+05:30,161.01527404785156
2016-10-27 00:00:00+05:30,157.3681640625
2016-10-28 00:00:00+05:30,157.91029357910156
2016-11-01 00:00:00+05:30,160.32528686523438
2016-11-02 00:00:00+05:30,156.7767333984375
2016-11-03 00:00:00+05:30,152.93247985839844
2016-11-04 00:00:00+05:30,147.8068084716797
2016-11-07 00:00:00+05:30,151.30606079101562
2016-11-08 00:00:00+05:30,151.40463256835938
2016-11-09 00:00:00+05:30,143.81468200683594
2016-11-10 00:00:00+05:30,147.95465087890625
2016-11-11 00:00:00+05:30,143.07540893554688
2016-11-15 00:00:00+05:30,135.1897430419922
2016-11-16 00:00:00+05:30,135.1897430419922
2016-11-17 00:00:00+05:30,132.72547912597656
2016-11-18 00:00:00+05:30,131.49334716796875
2016-11-21 00:00:00+05:30,125.973388671875
2016-11-22 00:00:00+05:30,128.24050903320312
2016-11-23 00:00:00+05:30,137.06259155273438
2016-11-24 00:00:00+05:30,137.06259155273438
2016-11-25 00:00:00+05:30,138.93544006347656
2016-11-28 00:00:00+05:30,137.4075927734375
2016-11-29 00:00:00+05:30,138.98472595214844
2016-11-30 00:00:00+05:30,137.55545043945312
2016-12-01 00:00:00+05:30,136.22474670410156
2016-12-02 00:00:00+05:30,138.73829650878906
2016-12-05 00:00:00+05:30,136.3726043701172
2016-12-06 00:00:00+05:30,135.04188537597656
2016-12-07 00:00:00+05:30,134.84475708007812
2016-12-08 00:00:00+05:30,138.8861541748047
2016-12-09 00:00:00+05:30,138.6890106201172
2016-12-12 00:00:00+05:30,138.54115295410156
2016-12-13 00:00:00+05:30,137.11187744140625
2016-12-14 00:00:00+05:30,136.96401977539062
2016-12-15 00:00:00+05:30,137.45687866210938
2016-12-16 00:00:00+05:30,137.06259155273438
2016-12-19 00:00:00+05:30,136.07688903808594
2016-12-20 00:00:00+05:30,131.9862060546875
2016-12-21 00:00:00+05:30,130.70477294921875
2016-12-22 00:00:00+05:30,129.27549743652344
2016-12-23 00:00:00+05:30,130.01478576660156
2016-12-26 00:00:00+05:30,128.24050903320312
2016-12-27 00:00:00+05:30,130.8033447265625
2016-12-28 00:00:00+05:30,128.33908081054688
2016-12-29 00:00:00+05:30,134.3026123046875
2016-12-30 00:00:00+05:30,136.07688903808594
2017-01-02 00:00:00+05:30,135.68260192871094
2017-01-03 00:00:00+05:30,137.55545043945312
2017-01-04 00:00:00+05:30,138.8861541748047
2017-01-05 00:00:00+05:30,137.99900817871094
2017-01-06 00:00:00+05:30,137.70330810546875
2017-01-09 00:00:00+05:30,137.35830688476562
2017-01-10 00:00:00+05:30,137.06259155273438
2017-01-11 00:00:00+05:30,139.2311553955078
2017-01-12 00:00:00+05:30,137.70330810546875
2017-01-13 00:00:00+05:30,137.8511505126953
2017-01-16 00:00:00+05:30,142.73040771484375
2017-01-17 00:00:00+05:30,142.6318359375
2017-01-18 00:00:00+05:30,140.3154296875
2017-01-19 00:00:00+05:30,143.8639678955078
2017-01-20 00:00:00+05:30,141.05470275878906
2017-01-23 00:00:00+05:30,140.1182861328125
2017-01-24 00:00:00+05:30,146.3775177001953
2017-01-25 00:00:00+05:30,146.87037658691406
2017-01-27 00:00:00+05:30,146.3775177001953
2017-01-30 00:00:00+05:30,147.31394958496094
2017-01-31 00:00:00+05:30,147.90536499023438
2017-02-01 00:00:00+05:30,146.91966247558594
2017-02-02 00:00:00+05:30,146.7718048095703
2017-02-03 00:00:00+05:30,143.12469482421875
2017-02-06 00:00:00+05:30,145.39181518554688
2017-02-07 00:00:00+05:30,149.08822631835938
2017-02-08 00:00:00+05:30,151.7496337890625
2017-02-09 00:00:00+05:30,150.02464294433594
2017-02-10 00:00:00+05:30,149.8767852783203
2017-02-13 00:00:00+05:30,148.89108276367188
2017-02-14 00:00:00+05:30,148.69393920898438
2017-02-15 00:00:00+05:30,147.8068084716797
2017-02-16 00:00:00+05:30,147.8560791015625
2017-02-17 00:00:00+05:30,154.21389770507812
2017-02-20 00:00:00+05:30,155.39674377441406
2017-02-21 00:00:00+05:30,155.19960021972656
2017-02-22 00:00:00+05:30,156.92459106445312
2017-02-23 00:00:00+05:30,154.60818481445312
2017-02-27 00:00:00+05:30,155.3474578857422
2017-02-28 00:00:00+05:30,155.6924591064453
2017-03-01 00:00:00+05:30,156.48101806640625
2017-03-02 00:00:00+05:30,153.3760528564453
2017-03-03 00:00:00+05:30,151.552490234375
2017-03-06 00:00:00+05:30,148.6446533203125
2017-03-07 00:00:00+05:30,145.63824462890625
2017-03-08 00:00:00+05:30,144.15968322753906
2017-03-09 00:00:00+05:30,144.15968322753906
2017-03-10 00:00:00+05:30,143.27255249023438
2017-03-14 00:00:00+05:30,145.29324340820312
2017-03-15 00:00:00+05:30,146.6239471435547
2017-03-16 00:00:00+05:30,150.56678771972656
2017-03-17 00:00:00+05:30,153.6717529296875
2017-03-20 00:00:00+05:30,153.27748107910156
2017-03-21 00:00:00+05:30,148.05322265625
2017-03-22 00:00:00+05:30,148.841796875
2017-03-23 00:00:00+05:30,151.89749145507812
2017-03-24 00:00:00+05:30,150.22178649902344
2017-03-27 00:00:00+05:30,152.04534912109375
2017-03-28 00:00:00+05:30,150.9610595703125
2017-03-29 00:00:00+05:30,150.0739288330078
2017-03-30 00:00:00+05:30,148.79251098632812
2017-03-31 00:00:00+05:30,151.65106201171875
2017-04-03 00:00:00+05:30,154.0660400390625
2017-04-05 00:00:00+05:30,158.8467254638672
2017-04-06 00:00:00+05:30,158.4031524658203
2017-04-07 00:00:00+05:30,157.762451171875
2017-04-10 00:00:00+05:30,164.4652557373047
2017-04-11 00:00:00+05:30,168.70379638671875
2017-04-12 00:00:00+05:30,177.03302001953125
2017-04-13 00:00:00+05:30,176.44158935546875
2017-04-17 00:00:00+05:30,171.06948852539062
2017-04-18 00:00:00+05:30,171.95663452148438
2017-04-19 00:00:00+05:30,177.131591796875
2017-04-20 00:00:00+05:30,175.4558868408203
2017-04-21 00:00:00+05:30,177.37802124023438
2017-04-24 00:00:00+05:30,174.4208984375
2017-04-25 00:00:00+05:30,169.59092712402344
2017-04-26 00:00:00+05:30,167.27452087402344
2017-04-27 00:00:00+05:30,172.1537628173828
2017-04-28 00:00:00+05:30,170.2316436767578
2017-05-02 00:00:00+05:30,171.06948852539062
2017-05-03 00:00:00+05:30,167.42237854003906
2017-05-04 00:00:00+05:30,164.95811462402344
2017-05-05 00:00:00+05:30,162.69097900390625
2017-05-08 00:00:00+05:30,161.3602752685547
2017-05-09 00:00:00+05:30,156.53030395507812
2017-05-10 00:00:00+05:30,155.8896026611328
2017-05-11 00:00:00+05:30,161.80384826660156
2017-05-12 00:00:00+05:30,167.66880798339844
2017-05-15 00:00:00+05:30,173.97732543945312
2017-05-16 00:00:00+05:30,178.9551544189453
2017-05-17 00:00:00+05:30,176.5401611328125
2017-05-18 00:00:00+05:30,170.87234497070312
2017-05-19 00:00:00+05:30,165.05667114257812
2017-05-22 00:00:00+05:30,158.6002960205078
2017-05-23 00:00:00+05:30,160.81813049316406
2017-05-24 00:00:00+05:30,162.5924072265625
2017-05-25 00:00:00+05:30,163.92311096191406
2017-05-26 00:00:00+05:30,168.90093994140625
2017-05-29 00:00:00+05:30,165.94381713867188
2017-05-30 00:00:00+05:30,166.9295196533203
2017-05-31 00:00:00+05:30,172.9916229248047
2017-06-01 00:00:00+05:30,169.8373565673828
2017-06-02 00:00:00+05:30,168.50665283203125
2017-06-05 00:00:00+05:30,176.49087524414062
2017-06-06 00:00:00+05:30,178.1665802001953
2017-06-07 00:00:00+05:30,176.14588928222656
2017-06-08 00:00:00+05:30,179.89157104492188
2017-06-09 00:00:00+05:30,179.447998046875
2017-06-12 00:00:00+05:30,183.1444091796875
2017-06-13 00:00:00+05:30,179.84228515625
2017-06-14 00:00:00+05:30,180.4337158203125
2017-06-15 00:00:00+05:30,177.37802124023438
2017-06-16 00:00:00+05:30,176.2444610595703
2017-06-19 00:00:00+05:30,174.6180419921875
2017-06-20 00:00:00+05:30,173.04090881347656
2017-06-21 00:00:00+05:30,172.84376525878906
2017-06-22 00:00:00+05:30,172.4001922607422
2017-06-23 00:00:00+05:30,171.31591796875
2017-06-27 00:00:00+05:30,167.5209503173828
2017-06-28 00:00:00+05:30,164.16954040527344
2017-06-29 00:00:00+05:30,169.93592834472656
2017-06-30 00:00:00+05:30,170.921630859375
2017-07-03 00:00:00+05:30,169.4430694580078
2017-07-04 00:00:00+05:30,168.4080810546875
2017-07-05 00:00:00+05:30,168.2109375
2017-07-06 00:00:00+05:30,169.6402130126953
2017-07-07 00:00:00+05:30,173.23805236816406
2017-07-10 00:00:00+05:30,174.2237548828125
2017-07-11 00:00:00+05:30,172.25233459472656
2017-07-12 00:00:00+05:30,175.01231384277344
2017-07-13 00:00:00+05:30,174.6180419921875
2017-07-14 00:00:00+05:30,179.74371337890625
2017-07-17 00:00:00+05:30,178.1665802001953
2017-07-18 00:00:00+05:30,175.35731506347656
2017-07-19 00:00:00+05:30,179.2508544921875
2017-07-20 00:00:00+05:30,176.14588928222656
2017-07-21 00:00:00+05:30,173.97732543945312
2017-07-24 00:00:00+05:30,170.57664489746094
2017-07-25 00:00:00+05:30,174.76589965820312
2017-07-26 00:00:00+05:30,174.56875610351562
2017-07-27 00:00:00+05:30,167.27452087402344
2017-07-28 00:00:00+05:30,165.59881591796875
2017-07-31 00:00:00+05:30,170.0345001220703
2017-08-01 00:00:00+05:30,169.93592834472656
2017-08-02 00:00:00+05:30,175.01231384277344
2017-08-03 00:00:00+05:30,171.5130615234375
2017-08-04 00:00:00+05:30,169.34449768066406
2017-08-07 00:00:00+05:30,167.86593627929688
2017-08-08 00:00:00+05:30,164.8595428466797
2017-08-09 00:00:00+05:30,166.5845184326172
2017-08-10 00:00:00+05:30,165.79595947265625
2017-08-11 00:00:00+05:30,159.93099975585938
2017-08-14 00:00:00+05:30,161.80384826660156
2017-08-16 00:00:00+05:30,170.921630859375
2017-08-17 00:00:00+05:30,167.816650390625
2017-08-18 00:00:00+05:30,168.45736694335938
2017-08-21 00:00:00+05:30,167.5702362060547
2017-08-22 00:00:00+05:30,168.45736694335938
2017-08-23 00:00:00+05:30,167.02809143066406
2017-08-24 00:00:00+05:30,166.68309020996094
2017-08-28 00:00:00+05:30,167.5209503173828
2017-08-29 00:00:00+05:30,165.500244140625
2017-08-30 00:00:00+05:30,167.07737731933594
2017-08-31 00:00:00+05:30,168.50665283203125
2017-09-01 00:00:00+05:30,168.85165405273438
2017-09-04 00:00:00+05:30,168.8023681640625
2017-09-05 00:00:00+05:30,171.710205078125
2017-09-06 00:00:00+05:30,175.01231384277344
2017-09-07 00:00:00+05:30,175.75160217285156
2017-09-08 00:00:00+05:30,173.97732543945312
2017-09-11 00:00:00+05:30,171.710205078125
2017-09-12 00:00:00+05:30,171.1187744140625
2017-09-13 00:00:00+05:30,167.1759490966797
2017-09-14 00:00:00+05:30,167.66880798339844
2017-09-15 00:00:00+05:30,169.1966552734375
2017-09-18 00:00:00+05:30,169.59092712402344
2017-09-19 00:00:00+05:30,166.7816619873047
2017-09-20 00:00:00+05:30,166.9295196533203
2017-09-21 00:00:00+05:30,165.05667114257812
2017-09-22 00:00:00+05:30,161.7545623779297
2017-09-25 00:00:00+05:30,155.9388885498047
2017-09-26 00:00:00+05:30,156.53030395507812
2017-09-27 00:00:00+05:30,150.86248779296875
2017-09-28 00:00:00+05:30,155.00245666503906
2017-09-29 00:00:00+05:30,160.67027282714844
2017-10-03 00:00:00+05:30,164.95811462402344
2017-10-04 00:00:00+05:30,161.85313415527344
2017-10-05 00:00:00+05:30,158.69886779785156
2017-10-06 00:00:00+05:30,160.22671508789062
2017-10-09 00:00:00+05:30,156.67816162109375
2017-10-10 00:00:00+05:30,158.8467254638672
2017-10-11 00:00:00+05:30,154.01675415039062
2017-10-12 00:00:00+05:30,156.03746032714844
2017-10-13 00:00:00+05:30,153.1789093017578
2017-10-16 00:00:00+05:30,149.82749938964844
2017-10-17 00:00:00+05:30,146.8210906982422
2017-10-18 00:00:00+05:30,142.8289794921875
2017-10-19 00:00:00+05:30,146.7718048095703
2017-10-23 00:00:00+05:30,145.04681396484375
2017-10-24 00:00:00+05:30,143.6668243408203
2017-10-25 00:00:00+05:30,148.29965209960938
2017-10-26 00:00:00+05:30,145.98324584960938
2017-10-27 00:00:00+05:30,146.5746612548828
2017-10-30 00:00:00+05:30,150.56678771972656
2017-10-31 00:00:00+05:30,154.657470703125
2017-11-01 00:00:00+05:30,148.34893798828125
2017-11-02 00:00:00+05:30,150.02464294433594
2017-11-03 00:00:00+05:30,151.40463256835938
2017-11-06 00:00:00+05:30,151.84820556640625
2017-11-07 00:00:00+05:30,147.8560791015625
2017-11-08 00:00:00+05:30,148.20108032226562
2017-11-09 00:00:00+05:30,146.52537536621094
2017-11-10 00:00:00+05:30,147.6096649169922
2017-11-13 00:00:00+05:30,147.8068084716797
2017-11-14 00:00:00+05:30,147.90536499023438
2017-11-15 00:00:00+05:30,148.10250854492188
2017-11-16 00:00:00+05:30,152.34104919433594
2017-11-17 00:00:00+05:30,149.43321228027344
2017-11-20 00:00:00+05:30,153.32676696777344
2017-11-21 00:00:00+05:30,152.48890686035156
2017-11-22 00:00:00+05:30,152.09461975097656
2017-11-23 00:00:00+05:30,158.15672302246094
2017-11-24 00:00:00+05:30,163.23312377929688
2017-11-27 00:00:00+05:30,170.7244873046875
2017-11-28 00:00:00+05:30,163.13455200195312
2017-11-29 00:00:00+05:30,163.43026733398438
2017-11-30 00:00:00+05:30,165.15524291992188
2017-12-01 00:00:00+05:30,165.15524291992188
2017-12-04 00:00:00+05:30,163.8245391845703
2017-12-05 00:00:00+05:30,160.7195587158203
2017-12-06 00:00:00+05:30,162.74026489257812
2017-12-07 00:00:00+05:30,167.66880798339844
2017-12-08 00:00:00+05:30,168.45736694335938
2017-12-11 00:00:00+05:30,167.66880798339844
2017-12-12 00:00:00+05:30,168.30950927734375
2017-12-13 00:00:00+05:30,166.7816619873047
2017-12-14 00:00:00+05:30,167.7673797607422
2017-12-15 00:00:00+05:30,166.9788055419922
2017-12-18 00:00:00+05:30,166.3873748779297
2017-12-19 00:00:00+05:30,166.3873748779297
2017-12-20 00:00:00+05:30,167.27452087402344
2017-12-21 00:00:00+05:30,172.89305114746094
2017-12-22 00:00:00+05:30,174.51947021484375
2017-12-26 00:00:00+05:30,170.33021545410156
2017-12-27 00:00:00+05:30,167.07737731933594
2017-12-28 00:00:00+05:30,169.4923553466797
2017-12-29 00:00:00+05:30,169.98521423339844
2018-01-01 00:00:00+05:30,167.5702362060547
2018-01-02 00:00:00+05:30,168.75308227539062
2018-01-03 00:00:00+05:30,169.34449768066406
2018-01-04 00:00:00+05:30,168.90093994140625
2018-01-05 00:00:00+05:30,174.96302795410156
2018-01-08 00:00:00+05:30,176.44158935546875
2018-01-09 00:00:00+05:30,175.7023162841797
2018-01-10 00:00:00+05:30,172.1537628173828
2018-01-11 00:00:00+05:30,171.36520385742188
2018-01-12 00:00:00+05:30,173.87875366210938
2018-01-15 00:00:00+05:30,168.8023681640625
2018-01-16 00:00:00+05:30,166.7816619873047
2018-01-17 00:00:00+05:30,165.3031005859375
2018-01-18 00:00:00+05:30,163.13455200195312
2018-01-19 00:00:00+05:30,165.10595703125
2018-01-22 00:00:00+05:30,163.6766815185547
2018-01-23 00:00:00+05:30,164.95811462402344
2018-01-24 00:00:00+05:30,162.83883666992188
2018-01-25 00:00:00+05:30,164.6131134033203
2018-01-29 00:00:00+05:30,159.33956909179688
2018-01-30 00:00:00+05:30,157.71316528320312
2018-01-31 00:00:00+05:30,160.7195587158203
2018-02-01 00:00:00+05:30,161.26170349121094
2018-02-02 00:00:00+05:30,154.31246948242188
2018-02-05 00:00:00+05:30,151.99606323242188
2018-02-06 00:00:00+05:30,150.9610595703125
2018-02-07 00:00:00+05:30,149.82749938964844
2018-02-08 00:00:00+05:30,151.84820556640625
2018-02-09 00:00:00+05:30,154.16461181640625
2018-02-12 00:00:00+05:30,160.32528686523438
2018-02-14 00:00:00+05:30,155.19960021972656
2018-02-15 00:00:00+05:30,157.41744995117188
2018-02-16 00:00:00+05:30,152.7846221923828
2018-02-19 00:00:00+05:30,149.23606872558594
2018-02-20 00:00:00+05:30,149.6796417236328
2018-02-21 00:00:00+05:30,147.6096649169922
2018-02-22 00:00:00+05:30,147.6096649169922
2018-02-23 00:00:00+05:30,148.79251098632812
2018-02-26 00:00:00+05:30,145.63824462890625
2018-02-27 00:00:00+05:30,149.23606872558594
2018-02-28 00:00:00+05:30,150.1232147216797
2018-03-01 00:00:00+05:30,147.8068084716797
2018-03-05 00:00:00+05:30,143.12469482421875
2018-03-06 00:00:00+05:30,141.7447052001953
2018-03-07 00:00:00+05:30,142.73040771484375
2018-03-08 00:00:00+05:30,145.58895874023438
2018-03-09 00:00:00+05:30,142.04042053222656
2018-03-12 00:00:00+05:30,142.97683715820312
2018-03-13 00:00:00+05:30,148.10250854492188
2018-03-14 00:00:00+05:30,147.95465087890625
2018-03-15 00:00:00+05:30,145.24395751953125
2018-03-16 00:00:00+05:30,138.98472595214844
2018-03-19 00:00:00+05:30,136.3726043701172
2018-03-20 00:00:00+05:30,137.65402221679688
2018-03-21 00:00:00+05:30,139.57614135742188
2018-03-22 00:00:00+05:30,136.86544799804688
2018-03-23 00:00:00+05:30,133.85903930664062
2018-03-26 00:00:00+05:30,139.97042846679688
2018-03-27 00:00:00+05:30,141.89256286621094
2018-03-28 00:00:00+05:30,148.69393920898438
2018-04-02 00:00:00+05:30,145.5396728515625
2018-04-03 00:00:00+05:30,144.60325622558594
2018-04-04 00:00:00+05:30,148.841796875
2018-04-05 00:00:00+05:30,147.8068084716797
2018-04-06 00:00:00+05:30,146.4268035888672
2018-04-09 00:00:00+05:30,149.7289276123047
2018-04-10 00:00:00+05:30,146.6239471435547
2018-04-11 00:00:00+05:30,147.65895080566406
2018-04-12 00:00:00+05:30,145.58895874023438
2018-04-13 00:00:00+05:30,143.61753845214844
2018-04-16 00:00:00+05:30,147.46180725097656
2018-04-17 00:00:00+05:30,148.6446533203125
2018-04-18 00:00:00+05:30,144.99752807617188
2018-04-19 00:00:00+05:30,146.3775177001953
2018-04-20 00:00:00+05:30,144.94825744628906
2018-04-23 00:00:00+05:30,145.88467407226562
2018-04-24 00:00:00+05:30,144.55397033691406
2018-04-25 00:00:00+05:30,143.17398071289062
2018-04-26 00:00:00+05:30,144.15968322753906
2018-04-27 00:00:00+05:30,143.2232666015625
2018-04-30 00:00:00+05:30,144.6525421142578
2018-05-02 00:00:00+05:30,143.6668243408203
2018-05-03 00:00:00+05:30,141.7939910888672
2018-05-04 00:00:00+05:30,142.13897705078125
2018-05-07 00:00:00+05:30,141.44898986816406
2018-05-08 00:00:00+05:30,140.01971435546875
2018-05-09 00:00:00+05:30,143.9132537841797
2018-05-10 00:00:00+05:30,142.68112182617188
2018-05-11 00:00:00+05:30,148.447509765625
2018-05-14 00:00:00+05:30,148.00393676757812
2018-05-15 00:00:00+05:30,148.79251098632812
2018-05-16 00:00:00+05:30,146.67323303222656
2018-05-17 00:00:00+05:30,143.61753845214844
2018-05-18 00:00:00+05:30,141.5968475341797
2018-05-21 00:00:00+05:30,138.39329528808594
2018-05-22 00:00:00+05:30,141.7939910888672
2018-05-23 00:00:00+05:30,140.85755920410156
2018-05-24 00:00:00+05:30,144.0611114501953
2018-05-25 00:00:00+05:30,142.73040771484375
2018-05-28 00:00:00+05:30,144.2582550048828
2018-05-29 00:00:00+05:30,147.11680603027344
2018-05-30 00:00:00+05:30,144.7018280029297
2018-05-31 00:00:00+05:30,146.18038940429688
2018-06-01 00:00:00+05:30,143.42041015625
2018-06-04 00:00:00+05:30,137.80186462402344
2018-06-05 00:00:00+05:30,137.11187744140625
2018-06-06 00:00:00+05:30,140.3154296875
2018-06-07 00:00:00+05:30,138.2947235107422
2018-06-08 00:00:00+05:30,137.21044921875
2018-06-11 00:00:00+05:30,136.86544799804688
2018-06-12 00:00:00+05:30,135.9290313720703
2018-06-13 00:00:00+05:30,136.421875
2018-06-14 00:00:00+05:30,138.0482940673828
2018-06-15 00:00:00+05:30,139.52685546875
2018-06-18 00:00:00+05:30,143.12469482421875
2018-06-19 00:00:00+05:30,143.96253967285156
2018-06-20 00:00:00+05:30,143.96253967285156
2018-06-21 00:00:00+05:30,144.40611267089844
2018-06-22 00:00:00+05:30,140.61114501953125
2018-06-25 00:00:00+05:30,137.70330810546875
2018-06-26 00:00:00+05:30,139.13258361816406
2018-06-27 00:00:00+05:30,137.65402221679688
2018-06-28 00:00:00+05:30,135.9290313720703
2018-06-29 00:00:00+05:30,136.02760314941406
2018-07-02 00:00:00+05:30,135.48545837402344
2018-07-03 00:00:00+05:30,137.55545043945312
2018-07-04 00:00:00+05:30,135.9290313720703
2018-07-05 00:00:00+05:30,134.45046997070312
2018-07-06 00:00:00+05:30,136.86544799804688
2018-07-09 00:00:00+05:30,136.91473388671875
2018-07-10 00:00:00+05:30,136.96401977539062
2018-07-11 00:00:00+05:30,139.0340118408203
2018-07-12 00:00:00+05:30,137.30902099609375
2018-07-13 00:00:00+05:30,134.74618530273438
2018-07-16 00:00:00+05:30,134.74618530273438
2018-07-17 00:00:00+05:30,133.9083251953125
2018-07-18 00:00:00+05:30,131.69049072265625
2018-07-19 00:00:00+05:30,134.10546875
2018-07-20 00:00:00+05:30,133.11976623535156
2018-07-23 00:00:00+05:30,135.3376007080078
2018-07-24 00:00:00+05:30,138.98472595214844
2018-07-25 00:00:00+05:30,137.604736328125
2018-07-26 00:00:00+05:30,137.9004364013672
2018-07-27 00:00:00+05:30,137.99900817871094
2018-07-30 00:00:00+05:30,140.46328735351562
2018-07-31 00:00:00+05:30,138.14686584472656
2018-08-01 00:00:00+05:30,152.14390563964844
2018-08-02 00:00:00+05:30,170.82305908203125
2018-08-03 00:00:00+05:30,168.50665283203125
2018-08-06 00:00:00+05:30,177.03302001953125
2018-08-07 00:00:00+05:30,174.71661376953125
2018-08-08 00:00:00+05:30,176.58944702148438
2018-08-09 00:00:00+05:30,179.30014038085938
2018-08-10 00:00:00+05:30,177.03302001953125
2018-08-13 00:00:00+05:30,176.49087524414062
2018-08-14 00:00:00+05:30,190.53721618652344
2018-08-16 00:00:00+05:30,191.72006225585938
2018-08-17 00:00:00+05:30,190.09364318847656
2018-08-20 00:00:00+05:30,188.51651000976562
2018-08-21 00:00:00+05:30,187.4815216064453
2018-08-23 00:00:00+05:30,190.83291625976562
2018-08-24 00:00:00+05:30,199.1621551513672
2018-08-27 00:00:00+05:30,206.8506622314453
2018-08-28 00:00:00+05:30,203.64710998535156
2018-08-29 00:00:00+05:30,198.22572326660156
2018-08-30 00:00:00+05:30,193.9871826171875
2018-08-31 00:00:00+05:30,195.6628875732422
2018-09-03 00:00:00+05:30,199.1621551513672
2018-09-04 00:00:00+05:30,195.8600311279297
2018-09-05 00:00:00+05:30,198.66929626464844
2018-09-06 00:00:00+05:30,196.45144653320312
2018-09-07 00:00:00+05:30,195.6628875732422
2018-09-10 00:00:00+05:30,189.30506896972656
2018-09-11 00:00:00+05:30,185.95367431640625
2018-09-12 00:00:00+05:30,187.87579345703125
2018-09-14 00:00:00+05:30,189.30506896972656
2018-09-17 00:00:00+05:30,187.2843780517578
2018-09-18 00:00:00+05:30,185.31295776367188
2018-09-19 00:00:00+05:30,185.51010131835938
2018-09-21 00:00:00+05:30,180.28585815429688
2018-09-24 00:00:00+05:30,177.47659301757812
2018-09-25 00:00:00+05:30,179.94085693359375
2018-09-26 00:00:00+05:30,181.76441955566406
2018-09-27 00:00:00+05:30,183.48941040039062
2018-09-28 00:00:00+05:30,180.8772735595703
2018-10-01 00:00:00+05:30,182.15869140625
2018-10-03 00:00:00+05:30,179.59585571289062
2018-10-04 00:00:00+05:30,179.94085693359375
2018-10-05 00:00:00+05:30,178.31443786621094
2018-10-08 00:00:00+05:30,174.76589965820312
2018-10-09 00:00:00+05:30,172.9916229248047
2018-10-10 00:00:00+05:30,173.68161010742188
2018-10-11 00:00:00+05:30,172.5480499267578
2018-10-12 00:00:00+05:30,182.99655151367188
2018-10-15 00:00:00+05:30,187.974365234375
2018-10-16 00:00:00+05:30,192.41004943847656
2018-10-17 00:00:00+05:30,183.5386962890625
2018-10-19 00:00:00+05:30,179.30014038085938
2018-10-22 00:00:00+05:30,174.86447143554688
2018-10-23 00:00:00+05:30,170.2809295654297
2018-10-24 00:00:00+05:30,172.05520629882812
2018-10-25 00:00:00+05:30,171.31591796875
2018-10-26 00:00:00+05:30,175.1108856201172
2018-10-29 00:00:00+05:30,176.98373413085938
2018-10-30 00:00:00+05:30,177.67373657226562
2018-10-31 00:00:00+05:30,177.52587890625
2018-11-01 00:00:00+05:30,184.5736846923828
2018-11-02 00:00:00+05:30,190.3893585205078
2018-11-05 00:00:00+05:30,189.74864196777344
2018-11-06 00:00:00+05:30,184.52439880371094
2018-11-07 00:00:00+05:30,184.67225646972656
2018-11-09 00:00:00+05:30,186.64366149902344
2018-11-12 00:00:00+05:30,190.09364318847656
2018-11-13 00:00:00+05:30,190.09364318847656
2018-11-14 00:00:00+05:30,187.87579345703125
2018-11-15 00:00:00+05:30,186.98866271972656
2018-11-16 00:00:00+05:30,188.9600830078125
2018-11-19 00:00:00+05:30,188.36865234375
2018-11-20 00:00:00+05:30,184.91868591308594
2018-11-21 00:00:00+05:30,190.1922149658203
2018-11-22 00:00:00+05:30,188.91079711914062
2018-11-26 00:00:00+05:30,185.95367431640625
2018-11-27 00:00:00+05:30,184.72154235839844
2018-11-28 00:00:00+05:30,184.08082580566406
2018-11-29 00:00:00+05:30,183.1444091796875
2018-11-30 00:00:00+05:30,178.46229553222656
2018-12-03 00:00:00+05:30,182.7501220703125
2018-12-04 00:00:00+05:30,181.9122772216797
2018-12-05 00:00:00+05:30,180.97584533691406
2018-12-06 00:00:00+05:30,179.39871215820312
2018-12-07 00:00:00+05:30,179.0044403076172
2018-12-10 00:00:00+05:30,178.1665802001953
2018-12-11 00:00:00+05:30,181.5179901123047
2018-12-12 00:00:00+05:30,197.78216552734375
2018-12-13 00:00:00+05:30,195.8107452392578
2018-12-14 00:00:00+05:30,196.40216064453125
2018-12-17 00:00:00+05:30,197.14144897460938
2018-12-18 00:00:00+05:30,199.605712890625
2018-12-19 00:00:00+05:30,201.13356018066406
2018-12-20 00:00:00+05:30,200.24642944335938
2018-12-21 00:00:00+05:30,202.0699920654297
2018-12-24 00:00:00+05:30,203.7949676513672
2018-12-26 00:00:00+05:30,202.95712280273438
2018-12-27 00:00:00+05:30,201.97142028808594
2018-12-28 00:00:00+05:30,201.92213439941406
2018-12-31 00:00:00+05:30,199.605712890625
2019-01-01 00:00:00+05:30,196.6978759765625
2019-01-02 00:00:00+05:30,192.7550506591797
2019-01-03 00:00:00+05:30,194.92361450195312
2019-01-04 00:00:00+05:30,195.6136016845703
2019-01-07 00:00:00+05:30,204.1892547607422
2019-01-08 00:00:00+05:30,205.37210083007812
2019-01-09 00:00:00+05:30,208.7235107421875
2019-01-10 00:00:00+05:30,208.96994018554688
2019-01-11 00:00:00+05:30,204.28782653808594
2019-01-14 00:00:00+05:30,212.12420654296875
2019-01-15 00:00:00+05:30,206.7028045654297
2019-01-16 00:00:00+05:30,198.3242950439453
2019-01-17 00:00:00+05:30,199.35928344726562
2019-01-18 00:00:00+05:30,200.34500122070312
2019-01-21 00:00:00+05:30,198.86643981933594
2019-01-22 00:00:00+05:30,200.09857177734375
2019-01-23 00:00:00+05:30,201.18284606933594
2019-01-24 00:00:00+05:30,200.04928588867188
2019-01-25 00:00:00+05:30,197.53573608398438
2019-01-28 00:00:00+05:30,198.5214385986328
2019-01-29 00:00:00+05:30,200.09857177734375
2019-01-30 00:00:00+05:30,205.51995849609375
2019-01-31 00:00:00+05:30,206.5056610107422
2019-02-01 00:00:00+05:30,205.96353149414062
2019-02-04 00:00:00+05:30,204.1892547607422
2019-02-05 00:00:00+05:30,209.46278381347656
2019-02-06 00:00:00+05:30,207.2449493408203
2019-02-07 00:00:00+05:30,207.98422241210938
2019-02-08 00:00:00+05:30,208.920654296875
2019-02-11 00:00:00+05:30,208.08279418945312
2019-02-12 00:00:00+05:30,207.98422241210938
2019-02-14 00:00:00+05:30,209.31492614746094
2019-02-15 00:00:00+05:30,215.0320281982422
2019-02-18 00:00:00+05:30,211.0399169921875
2019-02-19 00:00:00+05:30,212.12420654296875
2019-02-20 00:00:00+05:30,215.32774353027344
2019-02-21 00:00:00+05:30,216.80630493164062
2019-02-22 00:00:00+05:30,217.10202026367188
2019-02-25 00:00:00+05:30,222.57269287109375
2019-02-26 00:00:00+05:30,216.41201782226562
2019-02-27 00:00:00+05:30,222.32626342773438
2019-02-28 00:00:00+05:30,222.07984924316406
2019-03-01 00:00:00+05:30,220.25628662109375
2019-03-05 00:00:00+05:30,222.32626342773438
2019-03-06 00:00:00+05:30,216.70773315429688
2019-03-07 00:00:00+05:30,220.50271606445312
2019-03-08 00:00:00+05:30,220.20700073242188
2019-03-11 00:00:00+05:30,222.57269287109375
2019-03-12 00:00:00+05:30,223.5091094970703
2019-03-13 00:00:00+05:30,223.85411071777344
2019-03-14 00:00:00+05:30,227.4026641845703
2019-03-15 00:00:00+05:30,223.85411071777344
2019-03-18 00:00:00+05:30,227.30409240722656
2019-03-19 00:00:00+05:30,226.31838989257812
2019-03-20 00:00:00+05:30,222.2769775390625
2019-03-22 00:00:00+05:30,221.73484802246094
2019-03-25 00:00:00+05:30,215.47560119628906
2019-03-26 00:00:00+05:30,214.83489990234375
2019-03-27 00:00:00+05:30,220.30557250976562
2019-03-28 00:00:00+05:30,218.4820098876953
2019-04-01 00:00:00+05:30,221.1927032470703
2019-04-02 00:00:00+05:30,216.80630493164062
2019-04-03 00:00:00+05:30,216.55987548828125
2019-04-04 00:00:00+05:30,216.90487670898438
2019-04-05 00:00:00+05:30,215.86988830566406
2019-04-08 00:00:00+05:30,212.8634796142578
2019-04-09 00:00:00+05:30,215.0320281982422
2019-04-10 00:00:00+05:30,219.51699829101562
2019-04-11 00:00:00+05:30,219.41842651367188
2019-04-12 00:00:00+05:30,223.41055297851562
2019-04-15 00:00:00+05:30,219.9605712890625
2019-04-16 00:00:00+05:30,219.17201232910156
2019-04-18 00:00:00+05:30,218.03843688964844
2019-04-22 00:00:00+05:30,216.95416259765625
2019-04-23 00:00:00+05:30,210.3499298095703
2019-04-24 00:00:00+05:30,213.7506103515625
2019-04-25 00:00:00+05:30,213.40562438964844
2019-04-26 00:00:00+05:30,207.2942352294922
2019-04-30 00:00:00+05:30,212.6663360595703
2019-05-02 00:00:00+05:30,206.0128173828125
2019-05-03 00:00:00+05:30,204.04139709472656
2019-05-06 00:00:00+05:30,206.80137634277344
2019-05-07 00:00:00+05:30,206.0128173828125
2019-05-08 00:00:00+05:30,204.1892547607422
2019-05-09 00:00:00+05:30,205.91424560546875
2019-05-10 00:00:00+05:30,207.34352111816406
2019-05-13 00:00:00+05:30,200.44357299804688
2019-05-14 00:00:00+05:30,207.19566345214844
2019-05-15 00:00:00+05:30,190.0443572998047
2019-05-16 00:00:00+05:30,191.72006225585938
2019-05-17 00:00:00+05:30,194.72647094726562
2019-05-20 00:00:00+05:30,199.06358337402344
2019-05-21 00:00:00+05:30,200.09857177734375
2019-05-22 00:00:00+05:30,199.85214233398438
2019-05-23 00:00:00+05:30,191.03005981445312
2019-05-24 00:00:00+05:30,199.70428466796875
2019-05-27 00:00:00+05:30,206.5056610107422
2019-05-28 00:00:00+05:30,208.132080078125
2019-05-29 00:00:00+05:30,208.62493896484375
2019-05-30 00:00:00+05:30,214.93345642089844
2019-05-31 00:00:00+05:30,207.9349365234375
2019-06-03 00:00:00+05:30,215.72203063964844
2019-06-04 00:00:00+05:30,214.736328125
2019-06-06 00:00:00+05:30,215.9684600830078
2019-06-07 00:00:00+05:30,215.08131408691406
2019-06-10 00:00:00+05:30,217.34844970703125
2019-06-11 00:00:00+05:30,217.20059204101562
2019-06-12 00:00:00+05:30,214.68704223632812
2019-06-13 00:00:00+05:30,210.8427734375
2019-06-14 00:00:00+05:30,207.39280700683594
2019-06-17 00:00:00+05:30,202.85855102539062
2019-06-18 00:00:00+05:30,200.09857177734375
2019-06-19 00:00:00+05:30,194.972900390625
2019-06-20 00:00:00+05:30,201.8235626220703
2019-06-21 00:00:00+05:30,207.34352111816406
2019-06-24 00:00:00+05:30,204.7313995361328
2019-06-25 00:00:00+05:30,209.6106414794922
2019-06-26 00:00:00+05:30,206.55494689941406
2019-06-27 00:00:00+05:30,209.90635681152344
2019-06-28 00:00:00+05:30,212.2720489501953
2019-07-01 00:00:00+05:30,209.46278381347656
2019-07-02 00:00:00+05:30,213.3070526123047
2019-07-03 00:00:00+05:30,212.3213348388672
2019-07-04 00:00:00+05:30,208.18136596679688
2019-07-05 00:00:00+05:30,205.56924438476562
2019-07-08 00:00:00+05:30,207.2449493408203
2019-07-09 00:00:00+05:30,200.394287109375
2019-07-10 00:00:00+05:30,196.35289001464844
2019-07-11 00:00:00+05:30,198.42286682128906
2019-07-12 00:00:00+05:30,205.815673828125
2019-07-15 00:00:00+05:30,203.9428253173828
2019-07-16 00:00:00+05:30,199.95071411132812
2019-07-17 00:00:00+05:30,200.29571533203125
2019-07-18 00:00:00+05:30,200.14785766601562
2019-07-19 00:00:00+05:30,202.9078369140625
2019-07-22 00:00:00+05:30,204.5835418701172
2019-07-23 00:00:00+05:30,198.9650115966797
2019-07-24 00:00:00+05:30,201.13356018066406
2019-07-25 00:00:00+05:30,202.0207061767578
2019-07-26 00:00:00+05:30,194.03646850585938
2019-07-29 00:00:00+05:30,194.82504272460938
2019-07-30 00:00:00+05:30,187.2843780517578
2019-07-31 00:00:00+05:30,185.55938720703125
2019-08-01 00:00:00+05:30,184.5736846923828
2019-08-02 00:00:00+05:30,185.0665283203125
2019-08-05 00:00:00+05:30,185.21438598632812
2019-08-06 00:00:00+05:30,197.33859252929688
2019-08-07 00:00:00+05:30,199.26071166992188
2019-08-08 00:00:00+05:30,203.7949676513672
2019-08-09 00:00:00+05:30,203.35140991210938
2019-08-13 00:00:00+05:30,198.22572326660156
2019-08-14 00:00:00+05:30,193.19862365722656
2019-08-16 00:00:00+05:30,186.34796142578125
2019-08-19 00:00:00+05:30,186.39724731445312
2019-08-20 00:00:00+05:30,185.90438842773438
2019-08-21 00:00:00+05:30,188.31936645507812
2019-08-22 00:00:00+05:30,187.1365203857422
2019-08-23 00:00:00+05:30,186.44651794433594
2019-08-26 00:00:00+05:30,191.37506103515625
2019-08-27 00:00:00+05:30,191.62149047851562
2019-08-28 00:00:00+05:30,187.87579345703125
2019-08-29 00:00:00+05:30,186.9393768310547
2019-08-30 00:00:00+05:30,186.84080505371094
2019-09-03 00:00:00+05:30,184.1793975830078
2019-09-04 00:00:00+05:30,185.41152954101562
2019-09-05 00:00:00+05:30,186.10153198242188
2019-09-06 00:00:00+05:30,191.37506103515625
2019-09-09 00:00:00+05:30,186.6929473876953
2019-09-11 00:00:00+05:30,184.96795654296875
2019-09-12 00:00:00+05:30,184.96795654296875
2019-09-13 00:00:00+05:30,186.59437561035156
2019-09-16 00:00:00+05:30,186.15081787109375
2019-09-17 00:00:00+05:30,181.76441955566406
2019-09-18 00:00:00+05:30,186.00296020507812
2019-09-19 00:00:00+05:30,184.96795654296875
2019-09-20 00:00:00+05:30,198.1764373779297
2019-09-23 00:00:00+05:30,210.49778747558594
2019-09-24 00:00:00+05:30,208.42779541015625
2019-09-25 00:00:00+05:30,206.80137634277344
2019-09-26 00:00:00+05:30,205.027099609375
2019-09-27 00:00:00+05:30,202.36569213867188
2019-09-30 00:00:00+05:30,208.3292236328125
2019-10-01 00:00:00+05:30,203.54855346679688
2019-10-03 00:00:00+05:30,207.39280700683594
2019-10-04 00:00:00+05:30,205.6185302734375
2019-10-07 00:00:00+05:30,204.48497009277344
2019-10-09 00:00:00+05:30,205.12567138671875
2019-10-10 00:00:00+05:30,201.6757049560547
2019-10-11 00:00:00+05:30,202.5135498046875
2019-10-14 00:00:00+05:30,202.1192626953125
2019-10-15 00:00:00+05:30,197.14144897460938
2019-10-16 00:00:00+05:30,195.0714569091797
2019-10-17 00:00:00+05:30,200.5914306640625
2019-10-18 00:00:00+05:30,206.2099609375
2019-10-22 00:00:00+05:30,202.80926513671875
2019-10-23 00:00:00+05:30,202.36569213867188
2019-10-24 00:00:00+05:30,199.55642700195312
2019-10-25 00:00:00+05:30,201.0349884033203
2019-10-27 00:00:00+05:30,205.56924438476562
2019-10-29 00:00:00+05:30,202.80926513671875
2019-10-30 00:00:00+05:30,208.62493896484375
2019-10-31 00:00:00+05:30,209.16708374023438
2019-11-01 00:00:00+05:30,207.98422241210938
2019-11-04 00:00:00+05:30,210.64564514160156
2019-11-05 00:00:00+05:30,206.60423278808594
2019-11-06 00:00:00+05:30,201.37998962402344
2019-11-07 00:00:00+05:30,199.605712890625
2019-11-08 00:00:00+05:30,201.6757049560547
2019-11-11 00:00:00+05:30,198.3735809326172
2019-11-13 00:00:00+05:30,207.39280700683594
2019-11-14 00:00:00+05:30,205.027099609375
2019-11-15 00:00:00+05:30,211.0399169921875
2019-11-18 00:00:00+05:30,209.70921325683594
2019-11-19 00:00:00+05:30,214.5391845703125
2019-11-20 00:00:00+05:30,212.96205139160156
2019-11-21 00:00:00+05:30,207.0478057861328
2019-11-22 00:00:00+05:30,216.31346130371094
2019-11-25 00:00:00+05:30,215.5741729736328
2019-11-26 00:00:00+05:30,209.4134979248047
2019-11-27 00:00:00+05:30,217.34844970703125
2019-11-28 00:00:00+05:30,217.74273681640625
2019-11-29 00:00:00+05:30,222.0305633544922
2019-12-02 00:00:00+05:30,223.41055297851562
2019-12-03 00:00:00+05:30,217.49630737304688
2019-12-04 00:00:00+05:30,218.5312957763672
2019-12-05 00:00:00+05:30,219.22129821777344
2019-12-06 00:00:00+05:30,222.42483520507812
2019-12-09 00:00:00+05:30,222.17840576171875
2019-12-10 00:00:00+05:30,221.68556213378906
2019-12-11 00:00:00+05:30,222.12911987304688
2019-12-12 00:00:00+05:30,221.88270568847656
2019-12-13 00:00:00+05:30,226.21981811523438
2019-12-16 00:00:00+05:30,226.56480407714844
2019-12-17 00:00:00+05:30,230.65550231933594
2019-12-18 00:00:00+05:30,235.7318878173828
2019-12-19 00:00:00+05:30,236.76687622070312
2019-12-20 00:00:00+05:30,231.394775390625
2019-12-23 00:00:00+05:30,228.73336791992188
2019-12-24 00:00:00+05:30,224.7412567138672
2019-12-26 00:00:00+05:30,228.14193725585938
2019-12-27 00:00:00+05:30,229.47264099121094
2019-12-30 00:00:00+05:30,223.7062530517578
2019-12-31 00:00:00+05:30,228.38836669921875
2020-01-01 00:00:00+05:30,230.75405883789062
2020-01-02 00:00:00+05:30,237.45687866210938
2020-01-03 00:00:00+05:30,236.47116088867188
2020-01-06 00:00:00+05:30,231.04977416992188
2020-01-07 00:00:00+05:30,229.02908325195312
2020-01-08 00:00:00+05:30,232.72547912597656
2020-01-09 00:00:00+05:30,236.421875
2020-01-10 00:00:00+05:30,230.40907287597656
2020-01-13 00:00:00+05:30,226.76194763183594
2020-01-14 00:00:00+05:30,229.42335510253906
2020-01-15 00:00:00+05:30,227.55052185058594
2020-01-16 00:00:00+05:30,234.40118408203125
2020-01-17 00:00:00+05:30,232.33119201660156
2020-01-20 00:00:00+05:30,227.6490936279297
2020-01-21 00:00:00+05:30,226.12124633789062
2020-01-22 00:00:00+05:30,231.34548950195312
2020-01-23 00:00:00+05:30,230.45835876464844
2020-01-24 00:00:00+05:30,231.49334716796875
2020-01-27 00:00:00+05:30,230.90191650390625
2020-01-28 00:00:00+05:30,225.43124389648438
2020-01-29 00:00:00+05:30,224.83982849121094
2020-01-30 00:00:00+05:30,226.36766052246094
2020-01-31 00:00:00+05:30,230.3105010986328
2020-02-03 00:00:00+05:30,226.71266174316406
2020-02-04 00:00:00+05:30,226.36766052246094
2020-02-05 00:00:00+05:30,235.23902893066406
2020-02-06 00:00:00+05:30,250.71463012695312
2020-02-07 00:00:00+05:30,257.2203063964844
2020-02-10 00:00:00+05:30,255.2981719970703
2020-02-11 00:00:00+05:30,268.5559387207031
2020-02-12 00:00:00+05:30,265.4509582519531
2020-02-13 00:00:00+05:30,272.00592041015625
2020-02-14 00:00:00+05:30,261.70526123046875
2020-02-17 00:00:00+05:30,261.3110046386719
2020-02-18 00:00:00+05:30,258.1074523925781
2020-02-19 00:00:00+05:30,270.2809143066406
2020-02-20 00:00:00+05:30,274.2730407714844
2020-02-24 00:00:00+05:30,274.2730407714844
2020-02-25 00:00:00+05:30,263.47955322265625
2020-02-26 00:00:00+05:30,258.6495666503906
2020-02-27 00:00:00+05:30,258.05816650390625
2020-02-28 00:00:00+05:30,247.8068084716797
2020-03-02 00:00:00+05:30,234.59832763671875
2020-03-03 00:00:00+05:30,250.61607360839844
2020-03-04 00:00:00+05:30,246.5746612548828
2020-03-05 00:00:00+05:30,248.841796875
2020-03-06 00:00:00+05:30,245.39181518554688
2020-03-09 00:00:00+05:30,238.34400939941406
2020-03-11 00:00:00+05:30,231.93692016601562
2020-03-12 00:00:00+05:30,220.6505584716797
2020-03-13 00:00:00+05:30,223.7555389404297
2020-03-16 00:00:00+05:30,201.18284606933594
2020-03-17 00:00:00+05:30,206.25924682617188
2020-03-18 00:00:00+05:30,182.0601348876953
2020-03-19 00:00:00+05:30,179.05372619628906
2020-03-20 00:00:00+05:30,183.68653869628906
2020-03-23 00:00:00+05:30,158.15672302246094
2020-03-24 00:00:00+05:30,167.5702362060547
2020-03-25 00:00:00+05:30,168.50665283203125
2020-03-26 00:00:00+05:30,167.3238067626953
2020-03-27 00:00:00+05:30,164.71168518066406
2020-03-30 00:00:00+05:30,157.02316284179688
2020-03-31 00:00:00+05:30,150.71463012695312
2020-04-01 00:00:00+05:30,147.4125213623047
2020-04-03 00:00:00+05:30,143.8639678955078
2020-04-07 00:00:00+05:30,147.70823669433594
2020-04-08 00:00:00+05:30,146.87037658691406
2020-04-09 00:00:00+05:30,147.06752014160156
2020-04-13 00:00:00+05:30,143.46969604492188
2020-04-15 00:00:00+05:30,143.5189666748047
2020-04-16 00:00:00+05:30,136.91473388671875
2020-04-17 00:00:00+05:30,140.85755920410156
2020-04-20 00:00:00+05:30,137.70330810546875
2020-04-21 00:00:00+05:30,125.92410278320312
2020-04-22 00:00:00+05:30,120.20700073242188
2020-04-23 00:00:00+05:30,122.17841339111328
2020-04-24 00:00:00+05:30,118.08773040771484
2020-04-27 00:00:00+05:30,114.29275512695312
2020-04-28 00:00:00+05:30,113.50418853759766
2020-04-29 00:00:00+05:30,110.39920806884766
2020-04-30 00:00:00+05:30,113.94775390625
2020-05-04 00:00:00+05:30,107.54065704345703
2020-05-05 00:00:00+05:30,105.56924438476562
2020-05-06 00:00:00+05:30,108.92064666748047
2020-05-07 00:00:00+05:30,109.21636199951172
2020-05-08 00:00:00+05:30,105.32282257080078
2020-05-11 00:00:00+05:30,104.13996887207031
2020-05-12 00:00:00+05:30,102.5135498046875
2020-05-13 00:00:00+05:30,105.76638793945312
2020-05-14 00:00:00+05:30,101.47856140136719
2020-05-15 00:00:00+05:30,102.61212158203125
2020-05-18 00:00:00+05:30,98.57072448730469
2020-05-19 00:00:00+05:30,101.67570495605469
2020-05-20 00:00:00+05:30,101.57713317871094
2020-05-21 00:00:00+05:30,110.4977798461914
2020-05-22 00:00:00+05:30,109.56136322021484
2020-05-26 00:00:00+05:30,107.19566345214844
2020-05-27 00:00:00+05:30,106.50566864013672
2020-05-28 00:00:00+05:30,116.60916900634766
2020-05-29 00:00:00+05:30,118.18629455566406
2020-06-01 00:00:00+05:30,128.73336791992188
2020-06-02 00:00:00+05:30,128.83193969726562
2020-06-03 00:00:00+05:30,128.38836669921875
2020-06-04 00:00:00+05:30,123.2134017944336
2020-06-05 00:00:00+05:30,136.86544799804688
2020-06-08 00:00:00+05:30,137.604736328125
2020-06-09 00:00:00+05:30,130.40907287597656
2020-06-10 00:00:00+05:30,127.5505142211914
2020-06-11 00:00:00+05:30,127.99408721923828
2020-06-12 00:00:00+05:30,137.35830688476562
2020-06-15 00:00:00+05:30,137.65402221679688
2020-06-16 00:00:00+05:30,132.4790496826172
2020-06-17 00:00:00+05:30,131.93692016601562
2020-06-18 00:00:00+05:30,131.7890625
2020-06-19 00:00:00+05:30,131.1976318359375
2020-06-22 00:00:00+05:30,131.24691772460938
2020-06-23 00:00:00+05:30,134.9433135986328
2020-06-24 00:00:00+05:30,128.38836669921875
2020-06-25 00:00:00+05:30,128.04336547851562
2020-06-26 00:00:00+05:30,127.45194244384766
2020-06-29 00:00:00+05:30,125.5791015625
2020-06-30 00:00:00+05:30,125.30000305175781
2020-07-01 00:00:00+05:30,123.80000305175781
2020-07-02 00:00:00+05:30,122.75
2020-07-03 00:00:00+05:30,120.5999984741211
2020-07-06 00:00:00+05:30,127.5
2020-07-07 00:00:00+05:30,126.44999694824219
2020-07-08 00:00:00+05:30,121.75
2020-07-09 00:00:00+05:30,123.80000305175781
2020-07-10 00:00:00+05:30,121.1500015258789
2020-07-13 00:00:00+05:30,120.19999694824219
2020-07-14 00:00:00+05:30,118.44999694824219
2020-07-15 00:00:00+05:30,115.5999984741211
2020-07-16 00:00:00+05:30,112.94999694824219
2020-07-17 00:00:00+05:30,115.1500015258789
2020-07-20 00:00:00+05:30,113.4000015258789
2020-07-21 00:00:00+05:30,112.4000015258789
2020-07-22 00:00:00+05:30,120.30000305175781
2020-07-23 00:00:00+05:30,126.44999694824219
2020-07-24 00:00:00+05:30,128.0500030517578
2020-07-27 00:00:00+05:30,125.0
2020-07-28 00:00:00+05:30,122.6500015258789
2020-07-29 00:00:00+05:30,125.3499984741211
2020-07-30 00:00:00+05:30,123.0
2020-07-31 00:00:00+05:30,124.69999694824219
2020-08-03 00:00:00+05:30,121.19999694824219
2020-08-04 00:00:00+05:30,122.05000305175781
2020-08-05 00:00:00+05:30,123.4000015258789
2020-08-06 00:00:00+05:30,123.80000305175781
2020-08-07 00:00:00+05:30,120.94999694824219
2020-08-10 00:00:00+05:30,118.94999694824219
2020-08-11 00:00:00+05:30,118.0
2020-08-12 00:00:00+05:30,118.5999984741211
2020-08-13 00:00:00+05:30,129.85000610351562
2020-08-14 00:00:00+05:30,129.25
2020-08-17 00:00:00+05:30,133.10000610351562
2020-08-18 00:00:00+05:30,136.35000610351562
2020-08-19 00:00:00+05:30,140.0
2020-08-20 00:00:00+05:30,142.89999389648438
2020-08-21 00:00:00+05:30,146.4499969482422
2020-08-24 00:00:00+05:30,149.5
2020-08-25 00:00:00+05:30,151.10000610351562
2020-08-26 00:00:00+05:30,149.0500030517578
2020-08-27 00:00:00+05:30,146.25
2020-08-28 00:00:00+05:30,143.64999389648438
2020-08-31 00:00:00+05:30,139.89999389648438
2020-09-01 00:00:00+05:30,134.35000610351562
2020-09-02 00:00:00+05:30,145.25
2020-09-03 00:00:00+05:30,139.3000030517578
2020-09-04 00:00:00+05:30,136.8000030517578
2020-09-07 00:00:00+05:30,137.25
2020-09-08 00:00:00+05:30,137.8000030517578
2020-09-09 00:00:00+05:30,129.9499969482422
2020-09-10 00:00:00+05:30,132.25
2020-09-11 00:00:00+05:30,131.5500030517578
2020-09-14 00:00:00+05:30,136.0
2020-09-15 00:00:00+05:30,134.14999389648438
2020-09-16 00:00:00+05:30,137.64999389648438
2020-09-17 00:00:00+05:30,135.35000610351562
2020-09-18 00:00:00+05:30,133.14999389648438
2020-09-21 00:00:00+05:30,126.5999984741211
2020-09-22 00:00:00+05:30,129.9499969482422
2020-09-23 00:00:00+05:30,131.64999389648438
2020-09-24 00:00:00+05:30,130.0500030517578
2020-09-25 00:00:00+05:30,128.1999969482422
2020-09-28 00:00:00+05:30,131.0500030517578
2020-09-29 00:00:00+05:30,132.5500030517578
2020-09-30 00:00:00+05:30,133.60000610351562
2020-10-01 00:00:00+05:30,132.60000610351562
2020-10-05 00:00:00+05:30,132.1999969482422
2020-10-06 00:00:00+05:30,132.35000610351562
2020-10-07 00:00:00+05:30,131.9499969482422
2020-10-08 00:00:00+05:30,128.89999389648438
2020-10-09 00:00:00+05:30,128.6999969482422
2020-10-12 00:00:00+05:30,127.5999984741211
2020-10-13 00:00:00+05:30,131.35000610351562
2020-10-14 00:00:00+05:30,132.3000030517578
2020-10-15 00:00:00+05:30,132.1999969482422
2020-10-16 00:00:00+05:30,137.39999389648438
2020-10-19 00:00:00+05:30,144.8000030517578
2020-10-20 00:00:00+05:30,144.5500030517578
2020-10-21 00:00:00+05:30,150.8000030517578
2020-10-22 00:00:00+05:30,153.5
2020-10-23 00:00:00+05:30,164.9499969482422
2020-10-26 00:00:00+05:30,161.1999969482422
2020-10-27 00:00:00+05:30,165.1999969482422
2020-10-28 00:00:00+05:30,157.60000610351562
2020-10-29 00:00:00+05:30,154.9499969482422
2020-10-30 00:00:00+05:30,153.3000030517578
2020-11-02 00:00:00+05:30,152.0500030517578
2020-11-03 00:00:00+05:30,152.5
2020-11-04 00:00:00+05:30,148.35000610351562
2020-11-05 00:00:00+05:30,154.6999969482422
2020-11-06 00:00:00+05:30,153.10000610351562
2020-11-09 00:00:00+05:30,150.8000030517578
2020-11-10 00:00:00+05:30,157.4499969482422
2020-11-11 00:00:00+05:30,156.5
2020-11-12 00:00:00+05:30,155.5500030517578
2020-11-13 00:00:00+05:30,158.10000610351562
2020-11-14 00:00:00+05:30,157.85000610351562
2020-11-17 00:00:00+05:30,157.85000610351562
2020-11-18 00:00:00+05:30,159.4499969482422
2020-11-19 00:00:00+05:30,158.8000030517578
2020-11-20 00:00:00+05:30,159.60000610351562
2020-11-23 00:00:00+05:30,156.89999389648438
2020-11-24 00:00:00+05:30,155.3000030517578
2020-11-25 00:00:00+05:30,155.75
2020-11-26 00:00:00+05:30,157.0500030517578
2020-11-27 00:00:00+05:30,162.64999389648438
2020-12-01 00:00:00+05:30,161.35000610351562
2020-12-02 00:00:00+05:30,164.0500030517578
2020-12-03 00:00:00+05:30,163.6999969482422
2020-12-04 00:00:00+05:30,159.75
2020-12-07 00:00:00+05:30,161.14999389648438
2020-12-08 00:00:00+05:30,159.64999389648438
2020-12-09 00:00:00+05:30,161.25
2020-12-10 00:00:00+05:30,159.3000030517578
2020-12-11 00:00:00+05:30,159.25
2020-12-14 00:00:00+05:30,159.9499969482422
2020-12-15 00:00:00+05:30,160.1999969482422
2020-12-16 00:00:00+05:30,163.60000610351562
2020-12-17 00:00:00+05:30,163.9499969482422
2020-12-18 00:00:00+05:30,160.25
2020-12-21 00:00:00+05:30,151.39999389648438
2020-12-22 00:00:00+05:30,150.64999389648438
2020-12-23 00:00:00+05:30,155.6999969482422
2020-12-24 00:00:00+05:30,164.10000610351562
2020-12-28 00:00:00+05:30,163.8000030517578
2020-12-29 00:00:00+05:30,165.14999389648438
2020-12-30 00:00:00+05:30,165.3000030517578
2020-12-31 00:00:00+05:30,165.60000610351562
2021-01-01 00:00:00+05:30,166.5
2021-01-04 00:00:00+05:30,166.8000030517578
2021-01-05 00:00:00+05:30,166.9499969482422
2021-01-06 00:00:00+05:30,166.6999969482422
2021-01-07 00:00:00+05:30,168.35000610351562
2021-01-08 00:00:00+05:30,166.4499969482422
2021-01-11 00:00:00+05:30,168.75
2021-01-12 00:00:00+05:30,174.5500030517578
2021-01-13 00:00:00+05:30,180.5500030517578
2021-01-14 00:00:00+05:30,180.39999389648438
2021-01-15 00:00:00+05:30,176.25
2021-01-18 00:00:00+05:30,170.14999389648438
2021-01-19 00:00:00+05:30,174.0500030517578
2021-01-20 00:00:00+05:30,173.5500030517578
2021-01-21 00:00:00+05:30,173.85000610351562
2021-01-22 00:00:00+05:30,171.5500030517578
2021-01-25 00:00:00+05:30,163.75
2021-01-27 00:00:00+05:30,162.10000610351562
2021-01-28 00:00:00+05:30,152.60000610351562
2021-01-29 00:00:00+05:30,150.10000610351562
2021-02-01 00:00:00+05:30,152.0500030517578
2021-02-02 00:00:00+05:30,150.9499969482422
2021-02-03 00:00:00+05:30,150.8000030517578
2021-02-04 00:00:00+05:30,158.85000610351562
2021-02-05 00:00:00+05:30,166.75
2021-02-08 00:00:00+05:30,164.39999389648438
2021-02-09 00:00:00+05:30,165.6999969482422
2021-02-10 00:00:00+05:30,165.0
2021-02-11 00:00:00+05:30,167.85000610351562
2021-02-12 00:00:00+05:30,166.4499969482422
2021-02-15 00:00:00+05:30,166.89999389648438
2021-02-16 00:00:00+05:30,164.85000610351562
2021-02-17 00:00:00+05:30,162.25
2021-02-18 00:00:00+05:30,163.6999969482422
2021-02-19 00:00:00+05:30,166.0
2021-02-22 00:00:00+05:30,166.5
2021-02-23 00:00:00+05:30,168.39999389648438
2021-02-24 00:00:00+05:30,179.25
2021-02-25 00:00:00+05:30,182.35000610351562
2021-02-26 00:00:00+05:30,183.60000610351562
2021-03-01 00:00:00+05:30,192.85000610351562
2021-03-02 00:00:00+05:30,206.14999389648438
2021-03-03 00:00:00+05:30,209.0
2021-03-04 00:00:00+05:30,217.85000610351562
2021-03-05 00:00:00+05:30,216.9499969482422
2021-03-08 00:00:00+05:30,220.85000610351562
2021-03-09 00:00:00+05:30,217.4499969482422
2021-03-10 00:00:00+05:30,217.85000610351562
2021-03-12 00:00:00+05:30,218.64999389648438
2021-03-15 00:00:00+05:30,216.8000030517578
2021-03-16 00:00:00+05:30,212.85000610351562
2021-03-17 00:00:00+05:30,204.8000030517578
2021-03-18 00:00:00+05:30,202.75
2021-03-19 00:00:00+05:30,206.14999389648438
2021-03-22 00:00:00+05:30,205.89999389648438
2021-03-23 00:00:00+05:30,202.1999969482422
2021-03-24 00:00:00+05:30,194.39999389648438
2021-03-25 00:00:00+05:30,194.25
2021-03-26 00:00:00+05:30,204.0500030517578
2021-03-30 00:00:00+05:30,203.60000610351562
2021-03-31 00:00:00+05:30,201.25
2021-04-01 00:00:00+05:30,198.9499969482422
2021-04-05 00:00:00+05:30,187.25
2021-04-06 00:00:00+05:30,189.8000030517578
2021-04-07 00:00:00+05:30,191.60000610351562
2021-04-08 00:00:00+05:30,189.6999969482422
2021-04-09 00:00:00+05:30,189.6999969482422
2021-04-12 00:00:00+05:30,172.89999389648438
2021-04-13 00:00:00+05:30,176.5
2021-04-15 00:00:00+05:30,171.60000610351562
2021-04-16 00:00:00+05:30,173.75
2021-04-19 00:00:00+05:30,164.5500030517578
2021-04-20 00:00:00+05:30,173.85000610351562
2021-04-22 00:00:00+05:30,176.4499969482422
2021-04-23 00:00:00+05:30,173.5
2021-04-26 00:00:00+05:30,173.60000610351562
2021-04-27 00:00:00+05:30,180.9499969482422
2021-04-28 00:00:00+05:30,179.75
2021-04-29 00:00:00+05:30,177.75
2021-04-30 00:00:00+05:30,175.0
2021-05-03 00:00:00+05:30,179.35000610351562
2021-05-04 00:00:00+05:30,176.75
2021-05-05 00:00:00+05:30,172.9499969482422
2021-05-06 00:00:00+05:30,174.89999389648438
2021-05-07 00:00:00+05:30,176.0500030517578
2021-05-10 00:00:00+05:30,176.10000610351562
2021-05-11 00:00:00+05:30,180.85000610351562
2021-05-12 00:00:00+05:30,185.0
2021-05-14 00:00:00+05:30,181.89999389648438
2021-05-17 00:00:00+05:30,189.25
2021-05-18 00:00:00+05:30,190.25
2021-05-19 00:00:00+05:30,185.0500030517578
2021-05-20 00:00:00+05:30,184.14999389648438
2021-05-21 00:00:00+05:30,188.5
2021-05-24 00:00:00+05:30,191.5500030517578
2021-05-25 00:00:00+05:30,184.85000610351562
2021-05-26 00:00:00+05:30,184.89999389648438
2021-05-27 00:00:00+05:30,185.5
2021-05-28 00:00:00+05:30,191.0500030517578
2021-05-31 00:00:00+05:30,195.14999389648438
2021-06-01 00:00:00+05:30,197.5500030517578
2021-06-02 00:00:00+05:30,198.75
2021-06-03 00:00:00+05:30,197.14999389648438
2021-06-04 00:00:00+05:30,204.0
2021-06-07 00:00:00+05:30,205.0
2021-06-08 00:00:00+05:30,205.6999969482422
2021-06-09 00:00:00+05:30,203.5500030517578
2021-06-10 00:00:00+05:30,208.1999969482422
2021-06-11 00:00:00+05:30,207.89999389648438
2021-06-14 00:00:00+05:30,205.85000610351562
2021-06-15 00:00:00+05:30,204.5
2021-06-16 00:00:00+05:30,203.3000030517578
2021-06-17 00:00:00+05:30,201.5
2021-06-18 00:00:00+05:30,201.60000610351562
2021-06-21 00:00:00+05:30,200.5
2021-06-22 00:00:00+05:30,212.35000610351562
2021-06-23 00:00:00+05:30,212.1999969482422
2021-06-24 00:00:00+05:30,210.35000610351562
2021-06-25 00:00:00+05:30,221.5
2021-06-28 00:00:00+05:30,219.5500030517578
2021-06-29 00:00:00+05:30,213.60000610351562
2021-06-30 00:00:00+05:30,215.75
2021-07-01 00:00:00+05:30,214.0
2021-07-02 00:00:00+05:30,214.85000610351562
2021-07-05 00:00:00+05:30,219.0500030517578
2021-07-06 00:00:00+05:30,214.9499969482422
2021-07-07 00:00:00+05:30,213.5
2021-07-08 00:00:00+05:30,214.25
2021-07-09 00:00:00+05:30,213.0
2021-07-12 00:00:00+05:30,213.14999389648438
2021-07-13 00:00:00+05:30,229.4499969482422
2021-07-14 00:00:00+05:30,227.64999389648438
2021-07-15 00:00:00+05:30,223.9499969482422
2021-07-16 00:00:00+05:30,223.5500030517578
2021-07-19 00:00:00+05:30,218.6999969482422
2021-07-20 00:00:00+05:30,208.5500030517578
2021-07-22 00:00:00+05:30,220.0
2021-07-23 00:00:00+05:30,218.39999389648438
2021-07-26 00:00:00+05:30,217.14999389648438
2021-07-27 00:00:00+05:30,223.0500030517578
2021-07-28 00:00:00+05:30,226.0500030517578
2021-07-29 00:00:00+05:30,227.1999969482422
2021-07-30 00:00:00+05:30,224.25
2021-08-02 00:00:00+05:30,224.5
2021-08-03 00:00:00+05:30,221.6999969482422
2021-08-04 00:00:00+05:30,216.1999969482422
2021-08-05 00:00:00+05:30,212.9499969482422
2021-08-06 00:00:00+05:30,212.25
2021-08-09 00:00:00+05:30,209.85000610351562
2021-08-10 00:00:00+05:30,206.35000610351562
2021-08-11 00:00:00+05:30,207.89999389648438
2021-08-12 00:00:00+05:30,209.6999969482422
2021-08-13 00:00:00+05:30,206.60000610351562
2021-08-16 00:00:00+05:30,206.4499969482422
2021-08-17 00:00:00+05:30,206.35000610351562
2021-08-18 00:00:00+05:30,205.89999389648438
2021-08-20 00:00:00+05:30,200.0500030517578
2021-08-23 00:00:00+05:30,194.0
2021-08-24 00:00:00+05:30,198.14999389648438
2021-08-25 00:00:00+05:30,197.85000610351562
2021-08-26 00:00:00+05:30,200.35000610351562
2021-08-27 00:00:00+05:30,202.35000610351562
2021-08-30 00:00:00+05:30,208.14999389648438
2021-08-31 00:00:00+05:30,208.10000610351562
2021-09-01 00:00:00+05:30,208.0
2021-09-02 00:00:00+05:30,218.6999969482422
2021-09-03 00:00:00+05:30,219.39999389648438
2021-09-06 00:00:00+05:30,216.8000030517578
2021-09-07 00:00:00+05:30,215.89999389648438
2021-09-08 00:00:00+05:30,214.5
2021-09-09 00:00:00+05:30,214.39999389648438
2021-09-13 00:00:00+05:30,215.89999389648438
2021-09-14 00:00:00+05:30,216.0500030517578
2021-09-15 00:00:00+05:30,219.64999389648438
2021-09-16 00:00:00+05:30,217.6999969482422
2021-09-17 00:00:00+05:30,212.10000610351562
2021-09-20 00:00:00+05:30,201.4499969482422
2021-09-21 00:00:00+05:30,201.5500030517578
2021-09-22 00:00:00+05:30,214.60000610351562
2021-09-23 00:00:00+05:30,218.60000610351562
2021-09-24 00:00:00+05:30,223.85000610351562
2021-09-27 00:00:00+05:30,225.85000610351562
2021-09-28 00:00:00+05:30,223.5
2021-09-29 00:00:00+05:30,231.64999389648438
2021-09-30 00:00:00+05:30,246.35000610351562
2021-10-01 00:00:00+05:30,244.25
2021-10-04 00:00:00+05:30,240.8000030517578
2021-10-05 00:00:00+05:30,255.60000610351562
2021-10-06 00:00:00+05:30,240.75
2021-10-07 00:00:00+05:30,258.8999938964844
2021-10-08 00:00:00+05:30,256.6499938964844
2021-10-11 00:00:00+05:30,262.6000061035156
2021-10-12 00:00:00+05:30,271.95001220703125
2021-10-13 00:00:00+05:30,270.0
2021-10-14 00:00:00+05:30,264.25
2021-10-18 00:00:00+05:30,266.75
2021-10-19 00:00:00+05:30,254.64999389648438
2021-10-20 00:00:00+05:30,252.5
2021-10-21 00:00:00+05:30,250.10000610351562
2021-10-22 00:00:00+05:30,252.75
2021-10-25 00:00:00+05:30,248.4499969482422
2021-10-26 00:00:00+05:30,260.25
2021-10-27 00:00:00+05:30,254.60000610351562
2021-10-28 00:00:00+05:30,255.5500030517578
2021-10-29 00:00:00+05:30,263.0
2021-11-01 00:00:00+05:30,271.20001220703125
2021-11-02 00:00:00+05:30,288.1000061035156
2021-11-03 00:00:00+05:30,285.1499938964844
2021-11-04 00:00:00+05:30,289.79998779296875
2021-11-08 00:00:00+05:30,288.70001220703125
2021-11-09 00:00:00+05:30,305.75
2021-11-10 00:00:00+05:30,301.8999938964844
2021-11-11 00:00:00+05:30,300.45001220703125
2021-11-12 00:00:00+05:30,298.20001220703125
2021-11-15 00:00:00+05:30,290.29998779296875
2021-11-16 00:00:00+05:30,289.95001220703125
2021-11-17 00:00:00+05:30,281.6000061035156
2021-11-18 00:00:00+05:30,284.6499938964844
2021-11-22 00:00:00+05:30,269.54998779296875
2021-11-23 00:00:00+05:30,276.6499938964844
2021-11-24 00:00:00+05:30,272.95001220703125
2021-11-25 00:00:00+05:30,276.54998779296875
2021-11-26 00:00:00+05:30,259.54998779296875
2021-11-29 00:00:00+05:30,254.25
2021-11-30 00:00:00+05:30,255.10000610351562
2021-12-01 00:00:00+05:30,260.95001220703125
2021-12-02 00:00:00+05:30,262.20001220703125
2021-12-03 00:00:00+05:30,264.5
2021-12-06 00:00:00+05:30,256.6000061035156
2021-12-07 00:00:00+05:30,263.6499938964844
2021-12-08 00:00:00+05:30,272.75
2021-12-09 00:00:00+05:30,271.25
2021-12-10 00:00:00+05:30,271.6499938964844
2021-12-13 00:00:00+05:30,266.1499938964844
2021-12-14 00:00:00+05:30,283.3500061035156
2021-12-15 00:00:00+05:30,282.45001220703125
2021-12-16 00:00:00+05:30,274.25
2021-12-17 00:00:00+05:30,269.3999938964844
2021-12-20 00:00:00+05:30,258.25
2021-12-21 00:00:00+05:30,270.70001220703125
2021-12-22 00:00:00+05:30,277.1499938964844
2021-12-23 00:00:00+05:30,278.75
2021-12-24 00:00:00+05:30,272.70001220703125
2021-12-27 00:00:00+05:30,274.04998779296875
2021-12-28 00:00:00+05:30,269.8999938964844
2021-12-29 00:00:00+05:30,265.8500061035156
2021-12-30 00:00:00+05:30,261.3500061035156
2021-12-31 00:00:00+05:30,272.25
2022-01-03 00:00:00+05:30,273.6000061035156
2022-01-04 00:00:00+05:30,286.3500061035156
2022-01-05 00:00:00+05:30,287.1499938964844
2022-01-06 00:00:00+05:30,293.70001220703125
2022-01-07 00:00:00+05:30,292.04998779296875
2022-01-10 00:00:00+05:30,293.1000061035156
2022-01-11 00:00:00+05:30,294.25
2022-01-12 00:00:00+05:30,301.04998779296875
2022-01-13 00:00:00+05:30,308.45001220703125
2022-01-14 00:00:00+05:30,308.0
2022-01-17 00:00:00+05:30,311.3500061035156
2022-01-18 00:00:00+05:30,310.1000061035156
2022-01-19 00:00:00+05:30,314.29998779296875
2022-01-20 00:00:00+05:30,310.3999938964844
2022-01-21 00:00:00+05:30,302.8999938964844
2022-01-24 00:00:00+05:30,284.54998779296875
2022-01-25 00:00:00+05:30,289.45001220703125
2022-01-27 00:00:00+05:30,284.29998779296875
2022-01-28 00:00:00+05:30,287.75
2022-01-31 00:00:00+05:30,293.54998779296875
2022-02-01 00:00:00+05:30,305.0
2022-02-02 00:00:00+05:30,307.25
2022-02-03 00:00:00+05:30,304.1499938964844
2022-02-04 00:00:00+05:30,295.5
2022-02-07 00:00:00+05:30,290.75
2022-02-08 00:00:00+05:30,289.1000061035156
2022-02-09 00:00:00+05:30,298.54998779296875
2022-02-10 00:00:00+05:30,295.6000061035156
2022-02-11 00:00:00+05:30,287.1000061035156
2022-02-14 00:00:00+05:30,267.1499938964844
2022-02-15 00:00:00+05:30,279.04998779296875
2022-02-16 00:00:00+05:30,276.6000061035156
2022-02-17 00:00:00+05:30,274.29998779296875
2022-02-18 00:00:00+05:30,272.3500061035156
2022-02-21 00:00:00+05:30,268.29998779296875
2022-02-22 00:00:00+05:30,263.0
2022-02-23 00:00:00+05:30,269.1000061035156
2022-02-24 00:00:00+05:30,250.8000030517578
2022-02-25 00:00:00+05:30,265.20001220703125
2022-02-28 00:00:00+05:30,268.3999938964844
2022-03-02 00:00:00+05:30,272.79998779296875
2022-03-03 00:00:00+05:30,267.29998779296875
2022-03-04 00:00:00+05:30,264.3500061035156
2022-03-07 00:00:00+05:30,261.3500061035156
2022-03-08 00:00:00+05:30,266.29998779296875
2022-03-09 00:00:00+05:30,278.3500061035156
2022-03-10 00:00:00+05:30,276.0
2022-03-11 00:00:00+05:30,279.3500061035156
2022-03-14 00:00:00+05:30,276.8500061035156
2022-03-15 00:00:00+05:30,273.1499938964844
2022-03-16 00:00:00+05:30,278.29998779296875
2022-03-17 00:00:00+05:30,285.25
2022-03-21 00:00:00+05:30,286.5
2022-03-22 00:00:00+05:30,288.70001220703125
2022-03-23 00:00:00+05:30,289.54998779296875
2022-03-24 00:00:00+05:30,296.25
2022-03-25 00:00:00+05:30,293.8500061035156
2022-03-28 00:00:00+05:30,299.29998779296875
2022-03-29 00:00:00+05:30,303.3500061035156
2022-03-30 00:00:00+05:30,299.1000061035156
2022-03-31 00:00:00+05:30,302.1000061035156
2022-04-01 00:00:00+05:30,300.0
2022-04-04 00:00:00+05:30,298.75
2022-04-05 00:00:00+05:30,309.54998779296875
2022-04-06 00:00:00+05:30,315.54998779296875
2022-04-07 00:00:00+05:30,311.1000061035156
2022-04-08 00:00:00+05:30,308.3999938964844
2022-04-11 00:00:00+05:30,306.1000061035156
2022-04-12 00:00:00+05:30,296.25
2022-04-13 00:00:00+05:30,294.20001220703125
2022-04-18 00:00:00+05:30,293.20001220703125
2022-04-19 00:00:00+05:30,292.8500061035156
2022-04-20 00:00:00+05:30,289.54998779296875
2022-04-21 00:00:00+05:30,292.79998779296875
2022-04-22 00:00:00+05:30,285.04998779296875
2022-04-25 00:00:00+05:30,277.3999938964844
2022-04-26 00:00:00+05:30,282.8500061035156
2022-04-27 00:00:00+05:30,281.79998779296875
2022-04-28 00:00:00+05:30,283.04998779296875
2022-04-29 00:00:00+05:30,285.5
2022-05-02 00:00:00+05:30,282.45001220703125
2022-05-04 00:00:00+05:30,278.6000061035156
2022-05-05 00:00:00+05:30,277.5
2022-05-06 00:00:00+05:30,270.3500061035156
2022-05-09 00:00:00+05:30,262.6000061035156
2022-05-10 00:00:00+05:30,257.75
2022-05-11 00:00:00+05:30,258.20001220703125
2022-05-12 00:00:00+05:30,252.1999969482422
2022-05-13 00:00:00+05:30,264.20001220703125
2022-05-16 00:00:00+05:30,271.70001220703125
2022-05-17 00:00:00+05:30,280.04998779296875
2022-05-18 00:00:00+05:30,280.45001220703125
2022-05-19 00:00:00+05:30,268.3500061035156
2022-05-20 00:00:00+05:30,271.25
2022-05-23 00:00:00+05:30,273.5
2022-05-24 00:00:00+05:30,266.70001220703125
2022-05-25 00:00:00+05:30,257.70001220703125
2022-05-26 00:00:00+05:30,257.3999938964844
2022-05-27 00:00:00+05:30,259.70001220703125
2022-05-30 00:00:00+05:30,271.45001220703125
2022-05-31 00:00:00+05:30,271.29998779296875
2022-06-01 00:00:00+05:30,274.45001220703125
2022-06-02 00:00:00+05:30,274.0
2022-06-03 00:00:00+05:30,271.0
2022-06-06 00:00:00+05:30,268.75
2022-06-07 00:00:00+05:30,264.3500061035156
2022-06-08 00:00:00+05:30,256.95001220703125
2022-06-09 00:00:00+05:30,259.0
2022-06-10 00:00:00+05:30,259.04998779296875
2022-06-13 00:00:00+05:30,246.39999389648438
2022-06-14 00:00:00+05:30,244.3000030517578
2022-06-15 00:00:00+05:30,239.60000610351562
2022-06-16 00:00:00+05:30,229.14999389648438
2022-06-17 00:00:00+05:30,230.14999389648438
2022-06-20 00:00:00+05:30,226.6999969482422
2022-06-21 00:00:00+05:30,234.60000610351562
2022-06-22 00:00:00+05:30,232.1999969482422
2022-06-23 00:00:00+05:30,236.5
2022-06-24 00:00:00+05:30,239.75
2022-06-27 00:00:00+05:30,242.0500030517578
2022-06-28 00:00:00+05:30,239.8000030517578
2022-06-29 00:00:00+05:30,241.0500030517578
2022-06-30 00:00:00+05:30,237.0500030517578
2022-07-01 00:00:00+05:30,242.5500030517578
2022-07-04 00:00:00+05:30,248.3000030517578
2022-07-05 00:00:00+05:30,241.5
2022-07-06 00:00:00+05:30,243.39999389648438
2022-07-07 00:00:00+05:30,250.5
2022-07-08 00:00:00+05:30,253.39999389648438
2022-07-11 00:00:00+05:30,261.8500061035156
2022-07-12 00:00:00+05:30,257.6000061035156
2022-07-13 00:00:00+05:30,254.9499969482422
2022-07-14 00:00:00+05:30,255.35000610351562
2022-07-15 00:00:00+05:30,254.64999389648438
2022-07-18 00:00:00+05:30,261.54998779296875
2022-07-19 00:00:00+05:30,264.54998779296875
2022-07-20 00:00:00+05:30,262.79998779296875
2022-07-21 00:00:00+05:30,269.0
2022-07-22 00:00:00+05:30,270.0
2022-07-25 00:00:00+05:30,267.5
2022-07-26 00:00:00+05:30,265.29998779296875
2022-07-27 00:00:00+05:30,267.6499938964844
2022-07-28 00:00:00+05:30,267.1499938964844
2022-07-29 00:00:00+05:30,268.6499938964844
2022-08-01 00:00:00+05:30,271.95001220703125
2022-08-02 00:00:00+05:30,279.95001220703125
2022-08-03 00:00:00+05:30,279.1499938964844
2022-08-04 00:00:00+05:30,275.1000061035156
2022-08-05 00:00:00+05:30,277.8999938964844
2022-08-08 00:00:00+05:30,276.1499938964844
2022-08-10 00:00:00+05:30,277.20001220703125
2022-08-11 00:00:00+05:30,291.29998779296875
2022-08-12 00:00:00+05:30,289.8999938964844
2022-08-16 00:00:00+05:30,290.1499938964844
2022-08-17 00:00:00+05:30,293.29998779296875
2022-08-18 00:00:00+05:30,289.29998779296875
2022-08-19 00:00:00+05:30,284.0
2022-08-22 00:00:00+05:30,278.8999938964844
2022-08-23 00:00:00+05:30,289.5
2022-08-24 00:00:00+05:30,293.25
2022-08-25 00:00:00+05:30,298.54998779296875
2022-08-26 00:00:00+05:30,305.20001220703125
2022-08-29 00:00:00+05:30,301.8500061035156
2022-08-30 00:00:00+05:30,305.95001220703125
2022-09-01 00:00:00+05:30,305.8500061035156
2022-09-02 00:00:00+05:30,307.45001220703125
2022-09-05 00:00:00+05:30,313.54998779296875
2022-09-06 00:00:00+05:30,311.29998779296875
2022-09-07 00:00:00+05:30,322.0
2022-09-08 00:00:00+05:30,322.45001220703125
2022-09-09 00:00:00+05:30,324.95001220703125
2022-09-12 00:00:00+05:30,324.04998779296875
2022-09-13 00:00:00+05:30,330.0
2022-09-14 00:00:00+05:30,334.54998779296875
2022-09-15 00:00:00+05:30,340.0
2022-09-16 00:00:00+05:30,326.70001220703125
2022-09-19 00:00:00+05:30,330.75
2022-09-20 00:00:00+05:30,337.54998779296875
2022-09-21 00:00:00+05:30,341.8500061035156
2022-09-22 00:00:00+05:30,344.75
2022-09-23 00:00:00+05:30,335.1499938964844
2022-09-26 00:00:00+05:30,318.0
2022-09-27 00:00:00+05:30,320.70001220703125
2022-09-28 00:00:00+05:30,329.75
2022-09-29 00:00:00+05:30,338.1499938964844
2022-09-30 00:00:00+05:30,349.1000061035156
2022-10-03 00:00:00+05:30,332.3500061035156
2022-10-04 00:00:00+05:30,333.5
2022-10-06 00:00:00+05:30,335.75
2022-10-07 00:00:00+05:30,340.20001220703125
2022-10-10 00:00:00+05:30,338.75
2022-10-11 00:00:00+05:30,331.8999938964844
2022-10-12 00:00:00+05:30,332.20001220703125
2022-10-13 00:00:00+05:30,328.6000061035156
2022-10-14 00:00:00+05:30,327.70001220703125
2022-10-17 00:00:00+05:30,331.8500061035156
2022-10-18 00:00:00+05:30,335.8999938964844
2022-10-19 00:00:00+05:30,334.54998779296875
2022-10-20 00:00:00+05:30,332.6000061035156
2022-10-21 00:00:00+05:30,331.1000061035156
2022-10-24 00:00:00+05:30,336.04998779296875
2022-10-25 00:00:00+05:30,338.45001220703125
2022-10-27 00:00:00+05:30,343.3999938964844
2022-10-28 00:00:00+05:30,343.29998779296875
2022-10-31 00:00:00+05:30,353.8999938964844
2022-11-01 00:00:00+05:30,358.1499938964844
2022-11-02 00:00:00+05:30,351.6000061035156
2022-11-03 00:00:00+05:30,352.3999938964844
2022-11-04 00:00:00+05:30,329.1499938964844
2022-11-07 00:00:00+05:30,320.3999938964844
2022-11-09 00:00:00+05:30,312.25
2022-11-10 00:00:00+05:30,313.70001220703125
2022-11-11 00:00:00+05:30,318.8999938964844
2022-11-14 00:00:00+05:30,314.6000061035156
2022-11-15 00:00:00+05:30,312.6000061035156
2022-11-16 00:00:00+05:30,316.1499938964844
2022-11-17 00:00:00+05:30,309.5
2022-11-18 00:00:00+05:30,305.5
2022-11-21 00:00:00+05:30,311.1000061035156
2022-11-22 00:00:00+05:30,309.3500061035156
2022-11-23 00:00:00+05:30,305.95001220703125
2022-11-24 00:00:00+05:30,304.95001220703125
2022-11-25 00:00:00+05:30,310.6000061035156
2022-11-28 00:00:00+05:30,312.1000061035156
2022-11-29 00:00:00+05:30,310.3500061035156
2022-11-30 00:00:00+05:30,314.29998779296875
2022-12-01 00:00:00+05:30,316.0
2022-12-02 00:00:00+05:30,317.20001220703125
2022-12-05 00:00:00+05:30,315.20001220703125
2022-12-06 00:00:00+05:30,311.29998779296875
2022-12-07 00:00:00+05:30,306.75
2022-12-08 00:00:00+05:30,312.95001220703125
2022-12-09 00:00:00+05:30,313.45001220703125
2022-12-12 00:00:00+05:30,314.6499938964844
2022-12-13 00:00:00+05:30,315.45001220703125
2022-12-14 00:00:00+05:30,316.5
2022-12-15 00:00:00+05:30,308.54998779296875
2022-12-16 00:00:00+05:30,303.3500061035156
2022-12-19 00:00:00+05:30,307.5
2022-12-20 00:00:00+05:30,304.1499938964844
2022-12-21 00:00:00+05:30,295.8999938964844
2022-12-22 00:00:00+05:30,292.3999938964844
2022-12-23 00:00:00+05:30,285.70001220703125
2022-12-26 00:00:00+05:30,288.70001220703125
2022-12-27 00:00:00+05:30,286.3500061035156
2022-12-28 00:00:00+05:30,285.8500061035156
2022-12-29 00:00:00+05:30,288.04998779296875
2022-12-30 00:00:00+05:30,287.5
2023-01-02 00:00:00+05:30,286.79998779296875
2023-01-03 00:00:00+05:30,285.54998779296875
2023-01-04 00:00:00+05:30,279.95001220703125
2023-01-05 00:00:00+05:30,279.6499938964844
2023-01-06 00:00:00+05:30,277.54998779296875
2023-01-09 00:00:00+05:30,273.70001220703125
2023-01-10 00:00:00+05:30,268.6499938964844
2023-01-11 00:00:00+05:30,266.8999938964844
2023-01-12 00:00:00+05:30,266.04998779296875
2023-01-13 00:00:00+05:30,268.6000061035156
2023-01-16 00:00:00+05:30,267.95001220703125
2023-01-17 00:00:00+05:30,261.3999938964844
2023-01-18 00:00:00+05:30,265.0
2023-01-19 00:00:00+05:30,259.54998779296875
2023-01-20 00:00:00+05:30,259.6000061035156
2023-01-23 00:00:00+05:30,261.1000061035156
2023-01-24 00:00:00+05:30,260.8500061035156
2023-01-25 00:00:00+05:30,255.89999389648438
2023-01-27 00:00:00+05:30,250.5500030517578
2023-01-30 00:00:00+05:30,250.10000610351562
2023-01-31 00:00:00+05:30,256.6499938964844
2023-02-01 00:00:00+05:30,251.85000610351562
2023-02-02 00:00:00+05:30,248.10000610351562
2023-02-03 00:00:00+05:30,250.5
2023-02-06 00:00:00+05:30,255.6999969482422
2023-02-07 00:00:00+05:30,251.64999389648438
2023-02-08 00:00:00+05:30,250.4499969482422
2023-02-09 00:00:00+05:30,256.29998779296875
2023-02-10 00:00:00+05:30,254.6999969482422
2023-02-13 00:00:00+05:30,248.3000030517578
2023-02-14 00:00:00+05:30,247.89999389648438
2023-02-15 00:00:00+05:30,256.8500061035156
2023-02-16 00:00:00+05:30,261.25
2023-02-17 00:00:00+05:30,262.29998779296875
2023-02-20 00:00:00+05:30,258.8999938964844
2023-02-21 00:00:00+05:30,246.60000610351562
2023-02-22 00:00:00+05:30,234.39999389648438
2023-02-23 00:00:00+05:30,231.25
2023-02-24 00:00:00+05:30,229.85000610351562
2023-02-27 00:00:00+05:30,230.9499969482422
2023-02-28 00:00:00+05:30,229.6999969482422
2023-03-01 00:00:00+05:30,235.39999389648438
2023-03-02 00:00:00+05:30,236.60000610351562
2023-03-03 00:00:00+05:30,236.0
2023-03-06 00:00:00+05:30,236.64999389648438
2023-03-08 00:00:00+05:30,235.85000610351562
2023-03-09 00:00:00+05:30,235.0500030517578
2023-03-10 00:00:00+05:30,235.0
2023-03-13 00:00:00+05:30,227.8000030517578
2023-03-14 00:00:00+05:30,218.14999389648438
2023-03-15 00:00:00+05:30,214.75
2023-03-16 00:00:00+05:30,215.0
2023-03-17 00:00:00+05:30,215.0500030517578
2023-03-20 00:00:00+05:30,215.5500030517578
2023-03-21 00:00:00+05:30,217.64999389648438
2023-03-22 00:00:00+05:30,216.89999389648438
2023-03-23 00:00:00+05:30,211.25
2023-03-24 00:00:00+05:30,211.89999389648438
2023-03-27 00:00:00+05:30,209.0
2023-03-28 00:00:00+05:30,208.60000610351562
2023-03-29 00:00:00+05:30,211.14999389648438
2023-03-31 00:00:00+05:30,214.35000610351562
2023-04-03 00:00:00+05:30,215.3000030517578
2023-04-05 00:00:00+05:30,206.89999389648438
2023-04-06 00:00:00+05:30,215.85000610351562
2023-04-10 00:00:00+05:30,221.9499969482422
2023-04-11 00:00:00+05:30,222.1999969482422
2023-04-12 00:00:00+05:30,222.8000030517578
2023-04-13 00:00:00+05:30,226.75
2023-04-17 00:00:00+05:30,224.75
2023-04-18 00:00:00+05:30,223.6999969482422
2023-04-19 00:00:00+05:30,220.8000030517578
2023-04-20 00:00:00+05:30,223.3000030517578
2023-04-21 00:00:00+05:30,219.5500030517578
2023-04-24 00:00:00+05:30,223.10000610351562
2023-04-25 00:00:00+05:30,220.6999969482422
2023-04-26 00:00:00+05:30,218.5500030517578
2023-04-27 00:00:00+05:30,219.60000610351562
2023-04-28 00:00:00+05:30,222.64999389648438
2023-05-02 00:00:00+05:30,224.14999389648438
2023-05-03 00:00:00+05:30,224.75
2023-05-04 00:00:00+05:30,224.9499969482422
2023-05-05 00:00:00+05:30,214.1999969482422
2023-05-08 00:00:00+05:30,205.9499969482422
2023-05-09 00:00:00+05:30,204.5500030517578
2023-05-10 00:00:00+05:30,198.9499969482422
2023-05-11 00:00:00+05:30,199.4499969482422
2023-05-12 00:00:00+05:30,198.6999969482422
2023-05-15 00:00:00+05:30,203.10000610351562
2023-05-16 00:00:00+05:30,198.14999389648438
2023-05-17 00:00:00+05:30,195.0500030517578
2023-05-18 00:00:00+05:30,193.6999969482422
2023-05-19 00:00:00+05:30,190.85000610351562
2023-05-22 00:00:00+05:30,189.85000610351562
2023-05-23 00:00:00+05:30,194.5
2023-05-24 00:00:00+05:30,198.0500030517578
2023-05-25 00:00:00+05:30,199.0500030517578
2023-05-26 00:00:00+05:30,197.0500030517578
2023-05-29 00:00:00+05:30,197.10000610351562
2023-05-30 00:00:00+05:30,204.14999389648438
2023-05-31 00:00:00+05:30,201.4499969482422
2023-06-01 00:00:00+05:30,203.3000030517578
2023-06-02 00:00:00+05:30,202.60000610351562
2023-06-05 00:00:00+05:30,206.60000610351562
2023-06-06 00:00:00+05:30,207.0500030517578
2023-06-07 00:00:00+05:30,206.89999389648438
2023-06-08 00:00:00+05:30,201.85000610351562
2023-06-09 00:00:00+05:30,199.25
2023-06-12 00:00:00+05:30,200.3000030517578
2023-06-13 00:00:00+05:30,210.35000610351562
2023-06-14 00:00:00+05:30,212.5
2023-06-15 00:00:00+05:30,211.60000610351562
2023-06-16 00:00:00+05:30,208.89999389648438
2023-06-19 00:00:00+05:30,213.39999389648438
2023-06-20 00:00:00+05:30,213.14999389648438
2023-06-21 00:00:00+05:30,212.1999969482422
2023-06-22 00:00:00+05:30,209.25
2023-06-23 00:00:00+05:30,203.9499969482422
2023-06-26 00:00:00+05:30,208.3000030517578
2023-06-27 00:00:00+05:30,210.89999389648438
2023-06-28 00:00:00+05:30,213.4499969482422
2023-06-30 00:00:00+05:30,212.9499969482422
2023-07-03 00:00:00+05:30,211.89999389648438
2023-07-04 00:00:00+05:30,211.0500030517578
2023-07-05 00:00:00+05:30,210.60000610351562
2023-07-06 00:00:00+05:30,213.64999389648438
2023-07-07 00:00:00+05:30,213.5500030517578
2023-07-10 00:00:00+05:30,215.0500030517578
2023-07-11 00:00:00+05:30,217.89999389648438
2023-07-12 00:00:00+05:30,213.75
2023-07-13 00:00:00+05:30,216.60000610351562
2023-07-14 00:00:00+05:30,214.89999389648438
2023-07-17 00:00:00+05:30,215.35000610351562
2023-07-18 00:00:00+05:30,211.60000610351562
2023-07-19 00:00:00+05:30,213.8000030517578
2023-07-20 00:00:00+05:30,214.0
2023-07-21 00:00:00+05:30,213.10000610351562
2023-07-24 00:00:00+05:30,214.35000610351562
2023-07-25 00:00:00+05:30,217.8000030517578
2023-07-26 00:00:00+05:30,216.0500030517578
2023-07-27 00:00:00+05:30,217.39999389648438
2023-07-28 00:00:00+05:30,223.0500030517578
2023-07-31 00:00:00+05:30,223.14999389648438
2023-08-01 00:00:00+05:30,221.60000610351562
2023-08-02 00:00:00+05:30,218.10000610351562
2023-08-03 00:00:00+05:30,220.9499969482422
2023-08-04 00:00:00+05:30,209.8000030517578
2023-08-07 00:00:00+05:30,199.4499969482422
2023-08-08 00:00:00+05:30,201.89999389648438
2023-08-09 00:00:00+05:30,216.10000610351562
2023-08-10 00:00:00+05:30,213.35000610351562
2023-08-11 00:00:00+05:30,211.3000030517578
2023-08-14 00:00:00+05:30,211.9499969482422
2023-08-16 00:00:00+05:30,211.64999389648438
2023-08-17 00:00:00+05:30,214.10000610351562
2023-08-18 00:00:00+05:30,214.85000610351562
2023-08-21 00:00:00+05:30,217.14999389648438
2023-08-22 00:00:00+05:30,219.1999969482422
2023-08-23 00:00:00+05:30,218.89999389648438
2023-08-24 00:00:00+05:30,219.5
2023-08-25 00:00:00+05:30,213.5500030517578
2023-08-28 00:00:00+05:30,217.39999389648438
2023-08-29 00:00:00+05:30,215.1999969482422
2023-08-30 00:00:00+05:30,221.35000610351562
2023-08-31 00:00:00+05:30,219.5500030517578
2023-09-01 00:00:00+05:30,218.35000610351562
2023-09-04 00:00:00+05:30,219.60000610351562
2023-09-05 00:00:00+05:30,230.89999389648438
2023-09-06 00:00:00+05:30,230.35000610351562
2023-09-07 00:00:00+05:30,231.5
2023-09-08 00:00:00+05:30,229.35000610351562
2023-09-11 00:00:00+05:30,233.3000030517578
2023-09-12 00:00:00+05:30,223.10000610351562
2023-09-13 00:00:00+05:30,223.25
2023-09-14 00:00:00+05:30,227.25
2023-09-15 00:00:00+05:30,225.3000030517578
2023-09-18 00:00:00+05:30,225.5
2023-09-20 00:00:00+05:30,222.3000030517578
2023-09-21 00:00:00+05:30,216.39999389648438
2023-09-22 00:00:00+05:30,214.5500030517578
2023-09-25 00:00:00+05:30,216.35000610351562
2023-09-26 00:00:00+05:30,214.89999389648438
2023-09-27 00:00:00+05:30,215.60000610351562
2023-09-28 00:00:00+05:30,211.0500030517578
2023-09-29 00:00:00+05:30,214.25
2023-10-03 00:00:00+05:30,215.9499969482422
2023-10-04 00:00:00+05:30,214.25
2023-10-05 00:00:00+05:30,219.10000610351562
2023-10-06 00:00:00+05:30,219.0
2023-10-09 00:00:00+05:30,214.9499969482422
2023-10-10 00:00:00+05:30,219.8000030517578
2023-10-11 00:00:00+05:30,222.10000610351562
2023-10-12 00:00:00+05:30,223.25
2023-10-13 00:00:00+05:30,222.5
2023-10-16 00:00:00+05:30,227.14999389648438
2023-10-17 00:00:00+05:30,230.6999969482422
2023-10-18 00:00:00+05:30,230.39999389648438
2023-10-19 00:00:00+05:30,237.85000610351562
2023-10-20 00:00:00+05:30,229.39999389648438
2023-10-23 00:00:00+05:30,214.1999969482422
2023-10-25 00:00:00+05:30,212.0
2023-10-26 00:00:00+05:30,213.64999389648438
2023-10-27 00:00:00+05:30,216.0
2023-10-30 00:00:00+05:30,216.0
2023-10-31 00:00:00+05:30,214.75
2023-11-01 00:00:00+05:30,213.6999969482422
2023-11-02 00:00:00+05:30,215.10000610351562
2023-11-03 00:00:00+05:30,215.39999389648438
2023-11-06 00:00:00+05:30,217.4499969482422
2023-11-07 00:00:00+05:30,219.10000610351562
2023-11-08 00:00:00+05:30,218.14999389648438
2023-11-09 00:00:00+05:30,215.0
2023-11-10 00:00:00+05:30,216.60000610351562
2023-11-13 00:00:00+05:30,215.60000610351562
2023-11-15 00:00:00+05:30,215.14999389648438
2023-11-16 00:00:00+05:30,215.35000610351562
2023-11-17 00:00:00+05:30,215.64999389648438
2023-11-20 00:00:00+05:30,214.39999389648438
2023-11-21 00:00:00+05:30,213.5500030517578
2023-11-22 00:00:00+05:30,215.0
2023-11-23 00:00:00+05:30,226.3000030517578
2023-11-24 00:00:00+05:30,228.3000030517578
2023-11-28 00:00:00+05:30,228.35000610351562
2023-11-29 00:00:00+05:30,226.14999389648438
2023-11-30 00:00:00+05:30,231.75
2023-12-01 00:00:00+05:30,231.39999389648438
2023-12-04 00:00:00+05:30,232.4499969482422
2023-12-05 00:00:00+05:30,240.39999389648438
2023-12-06 00:00:00+05:30,237.64999389648438
2023-12-07 00:00:00+05:30,239.25
2023-12-08 00:00:00+05:30,233.9499969482422
2023-12-11 00:00:00+05:30,234.4499969482422
2023-12-12 00:00:00+05:30,230.39999389648438
2023-12-13 00:00:00+05:30,227.60000610351562
2023-12-14 00:00:00+05:30,229.1999969482422
2023-12-15 00:00:00+05:30,232.60000610351562
2023-12-18 00:00:00+05:30,233.4499969482422
2023-12-19 00:00:00+05:30,231.0
2023-12-20 00:00:00+05:30,217.35000610351562
2023-12-21 00:00:00+05:30,219.1999969482422
2023-12-22 00:00:00+05:30,219.8000030517578
2023-12-26 00:00:00+05:30,221.0500030517578
2023-12-27 00:00:00+05:30,220.0500030517578
2023-12-28 00:00:00+05:30,219.9499969482422
2023-12-29 00:00:00+05:30,223.6999969482422
2024-01-01 00:00:00+05:30,225.85000610351562
2024-01-02 00:00:00+05:30,242.35000610351562
2024-01-03 00:00:00+05:30,240.75
2024-01-04 00:00:00+05:30,246.75
2024-01-05 00:00:00+05:30,238.10000610351562
2024-01-08 00:00:00+05:30,230.8000030517578
2024-01-09 00:00:00+05:30,229.4499969482422
2024-01-10 00:00:00+05:30,226.75
2024-01-11 00:00:00+05:30,233.9499969482422
2024-01-12 00:00:00+05:30,233.0
2024-01-15 00:00:00+05:30,230.85000610351562
2024-01-16 00:00:00+05:30,231.8000030517578
2024-01-17 00:00:00+05:30,223.64999389648438
2024-01-18 00:00:00+05:30,223.14999389648438
2024-01-19 00:00:00+05:30,223.8000030517578
2024-01-23 00:00:00+05:30,222.6999969482422
2024-01-24 00:00:00+05:30,235.3000030517578
2024-01-25 00:00:00+05:30,241.60000610351562
2024-01-29 00:00:00+05:30,243.0500030517578
2024-01-30 00:00:00+05:30,240.0
2024-01-31 00:00:00+05:30,243.9499969482422
2024-02-01 00:00:00+05:30,241.89999389648438
2024-02-02 00:00:00+05:30,248.4499969482422
2024-02-05 00:00:00+05:30,248.0500030517578
2024-02-06 00:00:00+05:30,254.6999969482422
2024-02-07 00:00:00+05:30,262.79998779296875
2024-02-08 00:00:00+05:30,258.75
2024-02-09 00:00:00+05:30,252.85000610351562
2024-02-12 00:00:00+05:30,240.75
2024-02-13 00:00:00+05:30,240.64999389648438
2024-02-14 00:00:00+05:30,243.39999389648438
2024-02-15 00:00:00+05:30,238.5
2024-02-16 00:00:00+05:30,230.85000610351562
2024-02-19 00:00:00+05:30,235.4499969482422
2024-02-20 00:00:00+05:30,235.1999969482422
2024-02-21 00:00:00+05:30,226.64999389648438
2024-02-22 00:00:00+05:30,227.14999389648438
2024-02-23 00:00:00+05:30,226.1999969482422
2024-02-26 00:00:00+05:30,225.3000030517578
2024-02-27 00:00:00+05:30,228.89999389648438
2024-02-28 00:00:00+05:30,230.89999389648438
2024-02-29 00:00:00+05:30,225.1999969482422
2024-03-01 00:00:00+05:30,229.75
2024-03-04 00:00:00+05:30,230.0
2024-03-05 00:00:00+05:30,229.0
2024-03-06 00:00:00+05:30,223.6999969482422
2024-03-07 00:00:00+05:30,225.39999389648438
2024-03-11 00:00:00+05:30,220.35000610351562
2024-03-12 00:00:00+05:30,213.35000610351562
2024-03-13 00:00:00+05:30,200.35000610351562
2024-03-14 00:00:00+05:30,201.0
2024-03-15 00:00:00+05:30,207.35000610351562
2024-03-18 00:00:00+05:30,208.14999389648438
2024-03-19 00:00:00+05:30,206.6999969482422
2024-03-20 00:00:00+05:30,202.14999389648438
2024-03-21 00:00:00+05:30,206.35000610351562
2024-03-22 00:00:00+05:30,205.35000610351562
2024-03-26 00:00:00+05:30,207.0
2024-03-27 00:00:00+05:30,204.9499969482422
2024-03-28 00:00:00+05:30,205.5500030517578
2024-04-01 00:00:00+05:30,211.64999389648438
2024-04-02 00:00:00+05:30,236.14999389648438
2024-04-03 00:00:00+05:30,236.3000030517578
2024-04-04 00:00:00+05:30,237.0
2024-04-05 00:00:00+05:30,237.35000610351562
2024-04-08 00:00:00+05:30,239.39999389648438
2024-04-09 00:00:00+05:30,237.3000030517578
2024-04-10 00:00:00+05:30,238.25
2024-04-12 00:00:00+05:30,233.9499969482422
2024-04-15 00:00:00+05:30,229.9499969482422
2024-04-16 00:00:00+05:30,233.35000610351562
2024-04-18 00:00:00+05:30,229.75
2024-04-19 00:00:00+05:30,231.5500030517578
2024-04-22 00:00:00+05:30,240.75
2024-04-23 00:00:00+05:30,263.5
2024-04-24 00:00:00+05:30,259.95001220703125
2024-04-25 00:00:00+05:30,265.0
2024-04-26 00:00:00+05:30,268.54998779296875
2024-04-29 00:00:00+05:30,268.8500061035156
2024-04-30 00:00:00+05:30,263.0
2024-05-02 00:00:00+05:30,263.8500061035156
2024-05-03 00:00:00+05:30,254.14999389648438
2024-05-06 00:00:00+05:30,250.5
2024-05-07 00:00:00+05:30,252.8000030517578
2024-05-08 00:00:00+05:30,252.75
2024-05-09 00:00:00+05:30,247.14999389648438
2024-05-10 00:00:00+05:30,256.8500061035156
2024-05-13 00:00:00+05:30,254.0500030517578
2024-05-14 00:00:00+05:30,258.54998779296875
2024-05-15 00:00:00+05:30,263.04998779296875
2024-05-16 00:00:00+05:30,263.1499938964844
2024-05-17 00:00:00+05:30,265.0
2024-05-21 00:00:00+05:30,281.3999938964844
2024-05-22 00:00:00+05:30,282.5
2024-05-23 00:00:00+05:30,280.1499938964844
2024-05-24 00:00:00+05:30,290.04998779296875
2024-05-27 00:00:00+05:30,286.1000061035156
2024-05-28 00:00:00+05:30,285.75
2024-05-29 00:00:00+05:30,299.29998779296875
2024-05-30 00:00:00+05:30,292.6499938964844
2024-05-31 00:00:00+05:30,287.6499938964844
2024-06-03 00:00:00+05:30,292.79998779296875
2024-06-04 00:00:00+05:30,265.3999938964844
2024-06-05 00:00:00+05:30,305.0
2024-06-06 00:00:00+05:30,322.20001220703125
2024-06-07 00:00:00+05:30,324.20001220703125
2024-06-10 00:00:00+05:30,323.95001220703125
2024-06-11 00:00:00+05:30,323.45001220703125
2024-06-12 00:00:00+05:30,328.25
2024-06-13 00:00:00+05:30,326.8999938964844
2024-06-14 00:00:00+05:30,328.6000061035156
2024-06-18 00:00:00+05:30,330.5
2024-06-19 00:00:00+05:30,320.95001220703125
2024-06-20 00:00:00+05:30,317.04998779296875
2024-06-21 00:00:00+05:30,314.8999938964844
2024-06-24 00:00:00+05:30,318.54998779296875
2024-06-25 00:00:00+05:30,318.29998779296875
2024-06-26 00:00:00+05:30,320.6499938964844
2024-06-27 00:00:00+05:30,318.45001220703125
2024-06-28 00:00:00+05:30,312.1499938964844
2024-07-01 00:00:00+05:30,322.5
2024-07-02 00:00:00+05:30,329.54998779296875
2024-07-03 00:00:00+05:30,327.1499938964844
2024-07-04 00:00:00+05:30,334.20001220703125
2024-07-05 00:00:00+05:30,327.6499938964844
2024-07-08 00:00:00+05:30,322.25
2024-07-09 00:00:00+05:30,322.1000061035156
2024-07-10 00:00:00+05:30,325.54998779296875
2024-07-11 00:00:00+05:30,323.3999938964844
2024-07-12 00:00:00+05:30,323.20001220703125
2024-07-15 00:00:00+05:30,328.04998779296875
2024-07-16 00:00:00+05:30,330.20001220703125
2024-07-18 00:00:00+05:30,323.29998779296875
2024-07-19 00:00:00+05:30,315.6000061035156
2024-07-22 00:00:00+05:30,313.1499938964844
2024-07-23 00:00:00+05:30,314.3999938964844
2024-07-24 00:00:00+05:30,322.20001220703125
2024-07-25 00:00:00+05:30,325.6499938964844
2024-07-26 00:00:00+05:30,330.0
2024-07-29 00:00:00+05:30,340.04998779296875
2024-07-30 00:00:00+05:30,340.54998779296875
2024-07-31 00:00:00+05:30,343.70001220703125
2024-08-01 00:00:00+05:30,337.3500061035156
2024-08-02 00:00:00+05:30,335.5
2024-08-05 00:00:00+05:30,323.5
2024-08-06 00:00:00+05:30,318.8999938964844
2024-08-07 00:00:00+05:30,323.04998779296875
2024-08-08 00:00:00+05:30,316.0
2024-08-09 00:00:00+05:30,324.70001220703125
2024-08-12 00:00:00+05:30,321.79998779296875
2024-08-13 00:00:00+05:30,312.70001220703125
2024-08-14 00:00:00+05:30,311.1000061035156
2024-08-16 00:00:00+05:30,319.45001220703125
2024-08-19 00:00:00+05:30,320.25
2024-08-20 00:00:00+05:30,322.25
2024-08-21 00:00:00+05:30,317.29998779296875
2024-08-22 00:00:00+05:30,314.29998779296875
2024-08-23 00:00:00+05:30,319.5
2024-08-26 00:00:00+05:30,322.3999938964844
2024-08-27 00:00:00+05:30,321.8999938964844
2024-08-28 00:00:00+05:30,314.8500061035156
2024-08-29 00:00:00+05:30,313.6499938964844
2024-08-30 00:00:00+05:30,311.70001220703125
2024-09-02 00:00:00+05:30,319.79998779296875
2024-09-03 00:00:00+05:30,315.79998779296875
2024-09-04 00:00:00+05:30,310.45001220703125
2024-09-05 00:00:00+05:30,315.29998779296875
2024-09-06 00:00:00+05:30,309.1499938964844
2024-09-09 00:00:00+05:30,313.29998779296875
2024-09-10 00:00:00+05:30,317.04998779296875
2024-09-11 00:00:00+05:30,317.3500061035156
2024-09-12 00:00:00+05:30,326.3999938964844
2024-09-13 00:00:00+05:30,328.54998779296875
2024-09-16 00:00:00+05:30,331.1499938964844
2024-09-17 00:00:00+05:30,328.1000061035156
2024-09-18 00:00:00+05:30,334.6499938964844
2024-09-19 00:00:00+05:30,336.54998779296875
2024-09-20 00:00:00+05:30,327.75
2024-09-23 00:00:00+05:30,344.5
2024-09-24 00:00:00+05:30,348.1000061035156
2024-09-25 00:00:00+05:30,343.3999938964844
2024-09-26 00:00:00+05:30,342.04998779296875
2024-09-27 00:00:00+05:30,352.1000061035156
2024-09-30 00:00:00+05:30,349.20001220703125
2024-10-01 00:00:00+05:30,352.3500061035156
2024-10-03 00:00:00+05:30,344.3500061035156
2024-10-04 00:00:00+05:30,333.0
2024-10-07 00:00:00+05:30,322.8999938964844
2024-10-08 00:00:00+05:30,333.6499938964844
2024-10-09 00:00:00+05:30,341.20001220703125
2024-10-10 00:00:00+05:30,337.3999938964844
2024-10-11 00:00:00+05:30,340.25
2024-10-14 00:00:00+05:30,346.45001220703125
2024-10-15 00:00:00+05:30,348.70001220703125
2024-10-16 00:00:00+05:30,343.45001220703125
2024-10-17 00:00:00+05:30,330.70001220703125
2024-10-18 00:00:00+05:30,334.04998779296875
2024-10-21 00:00:00+05:30,324.20001220703125
2024-10-22 00:00:00+05:30,307.6499938964844
2024-10-23 00:00:00+05:30,312.6000061035156
2024-10-24 00:00:00+05:30,308.0
2024-10-25 00:00:00+05:30,300.29998779296875
2024-10-28 00:00:00+05:30,305.3999938964844
2024-10-29 00:00:00+05:30,306.04998779296875
2024-10-30 00:00:00+05:30,306.6499938964844
2024-10-31 00:00:00+05:30,308.1499938964844
2024-11-01 00:00:00+05:30,314.04998779296875
2024-11-04 00:00:00+05:30,300.1499938964844
2024-11-05 00:00:00+05:30,302.29998779296875
2024-11-06 00:00:00+05:30,300.20001220703125
2024-11-07 00:00:00+05:30,296.75
2024-11-08 00:00:00+05:30,297.1499938964844
2024-11-11 00:00:00+05:30,298.20001220703125
2024-11-12 00:00:00+05:30,293.8500061035156
2024-11-13 00:00:00+05:30,290.1000061035156
2024-11-14 00:00:00+05:30,288.70001220703125
2024-11-18 00:00:00+05:30,291.54998779296875
2024-11-19 00:00:00+05:30,289.20001220703125
2024-11-21 00:00:00+05:30,284.3999938964844
2024-11-22 00:00:00+05:30,288.54998779296875
2024-11-25 00:00:00+05:30,298.6499938964844
2024-11-26 00:00:00+05:30,307.45001220703125
2024-11-27 00:00:00+05:30,308.8999938964844
2024-11-28 00:00:00+05:30,315.70001220703125
2024-11-29 00:00:00+05:30,313.75
2024-12-02 00:00:00+05:30,322.20001220703125
2024-12-03 00:00:00+05:30,316.29998779296875
2024-12-04 00:00:00+05:30,312.25
2024-12-05 00:00:00+05:30,307.45001220703125
2024-12-06 00:00:00+05:30,307.20001220703125
2024-12-09 00:00:00+05:30,308.29998779296875
2024-12-10 00:00:00+05:30,310.1000061035156
2024-12-11 00:00:00+05:30,309.54998779296875
2024-12-12 00:00:00+05:30,304.29998779296875
2024-12-13 00:00:00+05:30,301.3500061035156
2024-12-16 00:00:00+05:30,300.20001220703125
2024-12-17 00:00:00+05:30,295.1499938964844
2024-12-18 00:00:00+05:30,292.70001220703125
2024-12-19 00:00:00+05:30,290.29998779296875
2024-12-20 00:00:00+05:30,282.20001220703125
2024-12-23 00:00:00+05:30,282.20001220703125
2024-12-24 00:00:00+05:30,282.8500061035156
2024-12-26 00:00:00+05:30,282.29998779296875
2024-12-27 00:00:00+05:30,282.0
2024-12-30 00:00:00+05:30,277.8999938964844
2024-12-31 00:00:00+05:30,279.95001220703125
2025-01-01 00:00:00+05:30,281.8500061035156
2025-01-02 00:00:00+05:30,282.6000061035156
2025-01-03 00:00:00+05:30,280.75
2025-01-06 00:00:00+05:30,265.54998779296875
2025-01-07 00:00:00+05:30,270.54998779296875
2025-01-08 00:00:00+05:30,267.3500061035156
2025-01-09 00:00:00+05:30,276.54998779296875
2025-01-10 00:00:00+05:30,274.1000061035156
2025-01-13 00:00:00+05:30,260.3999938964844
2025-01-14 00:00:00+05:30,270.1000061035156
2025-01-15 00:00:00+05:30,265.6000061035156
2025-01-16 00:00:00+05:30,276.45001220703125
2025-01-17 00:00:00+05:30,274.70001220703125
2025-01-20 00:00:00+05:30,282.6499938964844
2025-01-21 00:00:00+05:30,277.1499938964844
2025-01-22 00:00:00+05:30,279.04998779296875
2025-01-23 00:00:00+05:30,282.70001220703125
2025-01-24 00:00:00+05:30,271.8999938964844
2025-01-27 00:00:00+05:30,268.75
2025-01-28 00:00:00+05:30,265.25
2025-01-29 00:00:00+05:30,267.3999938964844
2025-01-30 00:00:00+05:30,265.70001220703125
2025-01-31 00:00:00+05:30,273.8500061035156
2025-02-01 00:00:00+05:30,283.25
2025-02-03 00:00:00+05:30,286.0
2025-02-04 00:00:00+05:30,285.6499938964844
2025-02-05 00:00:00+05:30,283.75
2025-02-06 00:00:00+05:30,278.6499938964844
2025-02-07 00:00:00+05:30,275.6000061035156
2025-02-10 00:00:00+05:30,263.45001220703125
